debtor_id,age_bracket,debt_amount,days_since_last_contact,prior_contact_attempts,time_of_day_last_contact,day_of_week_last_contact,partial_payment_history,true_p_email,true_p_sms,true_p_post,responded_email,responded_sms,responded_post
D100000,51-65,95.91,40,4,afternoon,sun,0,0.524598959183111,0.535732472727696,0.639347527106979,1,1,1
D100001,26-35,63.62,67,3,afternoon,fri,1,0.7023098145924545,0.45270865479651534,0.9231554466564111,0,0,1
D100002,51-65,826.61,3,1,afternoon,tue,1,0.5991329753140927,0.8967869912322415,0.5561841860369765,1,1,1
D100003,36-50,2165.06,65,1,afternoon,sun,0,0.11227547396261238,0.15679770963952092,0.7251723139734523,0,0,1
D100004,18-25,159.47,20,3,evening,fri,0,0.6510586837722566,0.9076892081560693,0.24855315517848978,0,1,1
D100005,65+,74.56,62,1,evening,wed,0,0.3261301409747305,0.5080299312277201,0.47115401433490744,0,0,0
D100006,51-65,32.68,44,1,night,thu,1,0.47630493710172095,0.7233186686677431,0.673698587269177,0,0,1
D100007,51-65,196.43,2,1,morning,wed,0,0.698208606928023,0.7283389951937769,0.570870798510664,0,1,0
D100008,18-25,184.06,68,1,afternoon,sat,1,0.6330854842773066,0.814497000310982,0.5834785482217767,1,1,1
D100009,36-50,136.16,23,2,evening,thu,1,0.478125063077454,0.7674419870735597,0.10003065349178755,1,0,1
D100010,26-35,298.64,85,1,afternoon,mon,1,0.6074596405677798,0.8490519808637044,0.4971411688603538,1,1,0
D100011,65+,349.2,75,3,afternoon,fri,0,0.17472665194080106,0.12490925228503952,0.4568165269562079,0,0,0
D100012,36-50,327.27,17,3,night,sat,0,0.2866663411237762,0.3824220782995462,0.28524126580160475,0,0,0
D100013,51-65,184.1,54,0,evening,wed,0,0.8550790686343992,0.8201190394022007,0.22622958387478817,1,0,1
D100014,26-35,90.79,32,2,evening,sun,1,0.7110583166730776,0.7757647560607086,0.4097050154647729,0,0,0
D100015,26-35,445.52,54,2,afternoon,wed,1,0.9209361001044982,0.6194500915530178,0.3334372845725871,1,1,0
D100016,36-50,247.46,50,0,evening,tue,0,0.7134908722767301,0.7950591505602612,0.3376518612760943,1,1,0
D100017,18-25,544.31,26,4,afternoon,fri,1,0.768879514261159,0.8850356231303477,0.10810948971064842,1,1,0
D100018,51-65,498.23,58,2,afternoon,mon,0,0.7521753100885699,0.12394111476536042,0.5387768144001014,0,0,1
D100019,36-50,68.06,23,3,morning,sun,0,0.6317723918808411,0.691816816183512,0.26738449943535636,0,1,0
D100020,51-65,67.3,81,1,evening,fri,0,0.3033564555482771,0.4256996758609619,0.15303194241230034,0,0,1
D100021,26-35,123.97,85,2,afternoon,wed,1,0.6179439778091275,0.8068177736199011,0.31696273400911035,0,1,0
D100022,65+,94.57,14,4,evening,mon,0,0.5122459214003909,0.4057066941327795,0.47156858254083694,1,0,0
D100023,51-65,482.86,65,3,evening,fri,0,0.3824200529140012,0.46067893391323883,0.5066114274903034,0,1,1
D100024,51-65,335.69,83,2,evening,fri,0,0.6002904587116101,0.0619304051994139,0.3460793107976355,0,0,1
D100025,26-35,658.04,11,4,morning,sat,0,0.13461957653765647,0.3256882092737236,0.10316865112095024,1,0,0
D100026,36-50,349.62,66,1,evening,tue,0,0.4152412145077299,0.6678357733182952,0.21400172158585853,1,1,1
D100027,18-25,295.24,84,0,afternoon,tue,0,0.21629070594909242,0.9663445938265549,0.060908971521100884,1,1,0
D100028,26-35,720.36,20,0,afternoon,wed,1,0.6673846836508311,0.8462614418287883,0.7783498370461738,1,1,1
D100029,36-50,373.44,52,2,morning,sat,1,0.4513311529150259,0.345632098774982,0.8373212231166353,1,1,1
D100030,51-65,260.16,71,2,evening,sun,0,0.352454334725458,0.3474555536692937,0.83291788049929,0,0,0
D100031,65+,927.42,30,2,evening,wed,1,0.6653687510959102,0.21993507960128247,0.5966011418435496,1,0,1
D100032,26-35,271.42,21,1,night,mon,1,0.5189254514267574,0.9301349365067537,0.8276792362465418,0,1,1
D100033,26-35,186.06,35,5,afternoon,mon,1,0.6521844890010203,0.7199323921803877,0.5889184666996325,0,0,1
D100034,36-50,115.12,30,3,afternoon,thu,0,0.39413906396989734,0.79264893928884,0.251665086000845,0,1,0
D100035,26-35,460.69,65,1,morning,mon,1,0.40675124548462405,0.648607129129026,0.30611298155208355,1,0,0
D100036,18-25,744.97,33,1,night,sat,0,0.758186479371778,0.8251844154958266,0.287431554693327,0,1,0
D100037,36-50,233.8,33,1,evening,mon,0,0.5661326074313763,0.18748344438570738,0.48584869878357817,0,0,0
D100038,26-35,794.03,85,4,night,wed,1,0.038902565082543,0.48822749510552327,0.5174733753920663,0,0,1
D100039,36-50,41.55,52,0,afternoon,sat,0,0.7639404855636057,0.6475174213715634,0.4615780613323319,1,1,0
D100040,26-35,232.78,83,6,morning,thu,1,0.2916805231002125,0.4731860166318146,0.3340698830242377,0,0,1
D100041,51-65,236.02,63,1,evening,fri,1,0.8041721644216465,0.6386460237084208,0.8911598218884621,1,1,1
D100042,36-50,127.19,79,0,afternoon,wed,0,0.6498398697191221,0.5719364162339898,0.40098871081255527,1,1,1
D100043,26-35,2091.16,17,3,afternoon,sat,0,0.3303683838455402,0.6843076523835719,0.24887110414261504,0,1,0
D100044,51-65,230.54,84,2,morning,wed,1,0.623793473755132,0.6129341519966572,0.5705529309929105,0,1,0
D100045,51-65,169.53,84,2,morning,sat,0,0.417759731983166,0.3747010481800491,0.47837150847051424,0,1,1
D100046,26-35,250.48,3,2,afternoon,sun,1,0.9077016244930607,0.9040937380158657,0.2009359323238619,1,1,1
D100047,26-35,40.35,32,1,night,wed,1,0.14400872831449454,0.4284411201349453,0.27952461238712445,0,1,0
D100048,36-50,123.48,37,2,evening,tue,0,0.3770817750661461,0.3543427040707746,0.924113526811492,0,1,1
D100049,18-25,592.83,37,1,evening,sun,0,0.23713779977999302,0.2738973104717706,0.06995010528577779,0,1,0
D100050,26-35,138.93,70,6,afternoon,fri,1,0.1589184987562205,0.7342328243523076,0.5137659153278373,0,1,0
D100051,18-25,116.05,62,4,evening,sun,1,0.3729045671214163,0.7595450933700096,0.5063760759676528,0,1,0
D100052,51-65,795.18,19,1,afternoon,wed,0,0.4633483428665975,0.8023146841138079,0.7810230323249645,0,1,1
D100053,36-50,817.48,54,1,morning,wed,0,0.7698320869993046,0.5302584479915035,0.5079346634695695,0,0,1
D100054,36-50,389.67,87,2,afternoon,mon,0,0.5134792234452853,0.2313369277392938,0.8379228959490802,0,1,1
D100055,51-65,162.45,39,3,morning,sat,1,0.6193043655997487,0.5308318472041738,0.7195584355779503,1,1,0
D100056,36-50,197.25,83,2,evening,sat,0,0.44654624558702033,0.0660323234564439,0.7498239313827694,1,0,1
D100057,36-50,118.66,58,1,evening,sat,0,0.3740089206351823,0.3519456039132721,0.712387172095608,0,0,1
D100058,18-25,99.95,83,1,afternoon,wed,0,0.7003118718544998,0.10898473845708952,0.7064310630656081,1,0,1
D100059,18-25,95.59,81,5,evening,thu,1,0.7843919200693057,0.7307768600796474,0.3953473671083286,1,1,1
D100060,36-50,140.3,1,3,afternoon,thu,0,0.43043492832225605,0.548812090784279,0.5883497955606084,1,1,1
D100061,36-50,96.42,72,1,morning,mon,1,0.9457928497411839,0.558025689526358,0.45729969716108426,1,1,0
D100062,36-50,59.9,17,3,evening,mon,0,0.5819148886726876,0.3461084309360463,0.5108814986585509,0,0,1
D100063,51-65,298.11,74,5,evening,wed,1,0.40783213887628395,0.2466135103466585,0.6596596682852714,1,0,1
D100064,36-50,302.21,72,4,evening,thu,0,0.6733545487951234,0.5748006435635581,0.06180408144374,1,1,0
D100065,36-50,1130.84,23,1,morning,sun,1,0.7375174650288926,0.19909422589806497,0.5032982457052037,1,0,1
D100066,36-50,134.09,5,1,afternoon,sun,1,0.8111707864864555,0.8124079423622016,0.8101451392039389,0,1,1
D100067,26-35,319.41,37,0,morning,sat,0,0.4810057515716417,0.4083513077019075,0.12592791246839483,1,0,0
D100068,18-25,324.23,27,5,morning,sun,0,0.6506288491511579,0.18045417155984259,0.13398336994072566,0,0,0
D100069,26-35,194.72,49,4,morning,sat,0,0.2848111194011525,0.801376476262297,0.6616245908729319,0,1,1
D100070,26-35,478.14,7,2,morning,thu,0,0.590336703644856,0.9090034251460162,0.7378730784769769,1,1,1
D100071,26-35,491.62,3,0,afternoon,sun,1,0.9501050202467104,0.6823614631785635,0.3642666958333652,1,0,0
D100072,51-65,328.54,39,1,afternoon,sun,0,0.2639282551312938,0.27295461096719703,0.5953316609814926,1,0,0
D100073,26-35,194.4,69,3,evening,tue,1,0.5379726635748254,0.6106804424074815,0.43788009639969766,1,1,0
D100074,18-25,177.37,28,1,afternoon,tue,0,0.8110396929118773,0.5456975867185885,0.6611049319665258,1,0,1
D100075,26-35,71.45,29,2,morning,sun,1,0.8034079896946819,0.583601882322506,0.3741637139943957,1,1,1
D100076,26-35,118.47,14,5,night,mon,1,0.7712274840851581,0.8123389599641363,0.41510407656918274,0,1,1
D100077,36-50,139.8,25,4,evening,thu,1,0.45911940891552244,0.9497635638030908,0.8531318138248607,1,1,1
D100078,36-50,88.98,26,2,morning,wed,0,0.7762468909515327,0.4801445189685646,0.22720449299432324,1,0,1
D100079,51-65,363.56,23,3,afternoon,sat,1,0.6198599972255836,0.7715870930013994,0.533248997002347,0,1,0
D100080,36-50,718.36,30,4,morning,sun,1,0.9426935534362574,0.5980582738176312,0.5721906931048638,1,1,1
D100081,26-35,108.07,25,2,night,wed,0,0.7159221965914772,0.23298129081076258,0.7874842788569574,1,0,1
D100082,51-65,315.8,61,1,afternoon,tue,1,0.725314170195973,0.5252988410961504,0.33198371755967343,1,1,0
D100083,26-35,96.48,30,2,morning,wed,1,0.795846599497148,0.7495267284153139,0.3275519826736664,1,0,0
D100084,18-25,185.97,67,3,evening,sat,0,0.3995664358985062,0.8598675096836333,0.4495716086093255,1,1,1
D100085,18-25,131.46,54,1,evening,wed,0,0.7287756503796888,0.9230060834636596,0.5241993903032286,1,1,1
D100086,36-50,420.61,57,3,afternoon,fri,0,0.34004241936325197,0.5345139851324764,0.4674633983274095,0,0,0
D100087,36-50,132.83,52,1,afternoon,wed,0,0.9120726283260815,0.8109536741084726,0.4168190897341545,1,1,1
D100088,26-35,608.19,83,2,afternoon,sat,1,0.18182575728044914,0.5056653156069346,0.46695998793543286,0,0,1
D100089,36-50,196.14,23,4,afternoon,mon,1,0.800269399661566,0.8647153934458118,0.20269778132906055,1,1,0
D100090,26-35,136.37,88,1,afternoon,wed,0,0.3281308886154327,0.5783259660142187,0.3694660729680495,0,1,0
D100091,36-50,79.2,18,5,evening,wed,0,0.695111793875834,0.7983234617309846,0.8058382330278053,1,0,0
D100092,26-35,307.32,12,0,evening,fri,0,0.8900432223094243,0.9201063285951926,0.13873936693930922,1,0,1
D100093,26-35,547.68,74,4,evening,fri,0,0.09899282225634326,0.6649096423262143,0.1591339708417161,0,0,0
D100094,26-35,312.93,80,2,evening,sat,1,0.5366669647542791,0.3955735612291475,0.34565246219596996,1,0,1
D100095,36-50,1835.27,8,2,afternoon,sun,1,0.16000157776821056,0.3739809232706764,0.4124354281055663,0,0,1
D100096,26-35,886.08,53,2,afternoon,sat,0,0.309204904148459,0.6726698388857836,0.7854483800761219,0,0,1
D100097,18-25,185.53,46,0,evening,mon,0,0.23079965916559575,0.8782762158291784,0.15456940778188802,0,1,0
D100098,18-25,183.79,19,1,morning,fri,1,0.7286386720389344,0.8604217639899584,0.2094147562906722,0,1,0
D100099,65+,373.43,46,3,morning,mon,0,0.3906587936499531,0.23138946066283633,0.8098000537361741,0,0,1
D100100,51-65,115.1,61,0,morning,wed,0,0.8207084876897889,0.5015020127981665,0.37615352403090824,1,1,1
D100101,36-50,699.01,51,2,evening,fri,1,0.8987455756668778,0.49512253171954423,0.7274697001843416,1,1,1
D100102,26-35,338.81,46,2,evening,wed,1,0.7105983668099276,0.67245767796549,0.4268785148233202,1,1,1
D100103,65+,308.22,79,1,afternoon,fri,1,0.8338005033640409,0.8430698676156358,0.8251257908572205,1,1,1
D100104,51-65,454.07,20,3,afternoon,sat,0,0.8550777228344733,0.2807452455656473,0.1744713298337051,0,0,0
D100105,36-50,1153.49,56,2,evening,fri,1,0.3503969108769319,0.6380201814502783,0.6193687577046172,0,1,1
D100106,26-35,285.39,28,2,morning,thu,1,0.9229244834960904,0.7958213889003369,0.565527261957833,1,1,1
D100107,26-35,221.02,87,3,afternoon,sun,0,0.39441127545544885,0.16483820176231354,0.26694291843054124,1,0,0
D100108,18-25,951.32,22,4,evening,fri,0,0.16145615914677963,0.2912203978371995,0.09470583499057213,0,0,0
D100109,51-65,584.52,78,1,evening,tue,0,0.6300251202187064,0.31929483704120165,0.5527167886026418,1,1,0
D100110,36-50,183.3,56,0,afternoon,fri,0,0.6920583332156723,0.1193838658684659,0.6444250286787494,0,0,0
D100111,26-35,245.84,19,3,afternoon,thu,1,0.3643580239258108,0.9629788197572823,0.3636937821406459,0,1,0
D100112,26-35,291.73,68,1,night,mon,1,0.24748110062879825,0.5662926563507206,0.35320374163724755,0,0,0
D100113,36-50,338.88,21,2,afternoon,sun,0,0.9150355537406715,0.3867433072358342,0.6684308035381422,1,1,0
D100114,26-35,72.17,23,4,evening,sat,0,0.651230674319002,0.8592936122726541,0.8005745502362767,1,0,1
D100115,51-65,61.05,31,3,evening,fri,0,0.9215634670857584,0.4433649157496952,0.7768723735434371,1,1,1
D100116,51-65,110.1,61,1,evening,fri,0,0.5774952702336675,0.6164305260717711,0.6001402922285555,1,1,0
D100117,36-50,102.69,35,1,morning,fri,0,0.510993482277217,0.4183668058111131,0.40308850708428584,1,0,0
D100118,26-35,137.08,51,4,afternoon,wed,1,0.2302719527258858,0.7070319256170956,0.4664138811488686,1,1,0
D100119,36-50,433.22,49,2,afternoon,sun,1,0.8572018284126981,0.7728475896135838,0.22091782087971193,1,1,0
D100120,36-50,210.18,17,2,afternoon,thu,1,0.8727243958150627,0.4842683667613236,0.5509774381183022,1,0,0
D100121,36-50,292.0,20,3,afternoon,wed,0,0.5729829135962212,0.688187037850848,0.7391806919624625,0,1,0
D100122,18-25,81.3,27,1,afternoon,fri,1,0.5121473270709832,0.2639475355888252,0.4860917116274449,0,1,1
D100123,26-35,161.5,20,3,afternoon,tue,1,0.9082989804175641,0.9350340197302123,0.3437898389049125,1,1,0
D100124,18-25,415.11,82,5,evening,wed,0,0.26573671061280874,0.34482711291946744,0.13900341386070797,0,1,0
D100125,36-50,417.99,34,3,afternoon,mon,0,0.5788137102803576,0.473745707357513,0.42327721679344504,1,1,0
D100126,26-35,127.47,36,1,afternoon,mon,0,0.5085622821819743,0.6679820219525906,0.14148362410218582,0,1,0
D100127,18-25,283.01,60,3,afternoon,sat,0,0.2629134355309018,0.2960841676267065,0.13699850749457082,1,0,1
D100128,18-25,1770.4,70,0,evening,thu,1,0.4771340652464272,0.32953699701235334,0.7377817643210915,1,0,1
D100129,36-50,240.85,61,3,morning,sat,1,0.26611640572573886,0.6361855108830886,0.2760153752211573,1,1,1
D100130,26-35,131.12,49,2,evening,fri,1,0.7546536210328686,0.8470097737747241,0.28486378000591256,1,1,1
D100131,65+,209.27,87,0,afternoon,tue,0,0.7894351444890852,0.13094472170772734,0.7096526582241923,1,0,1
D100132,36-50,265.86,80,5,evening,tue,0,0.48292369830705906,0.49024452733506096,0.2737337951202352,0,1,0
D100133,26-35,213.57,18,5,evening,thu,0,0.8208648651577766,0.7714807540503882,0.39118211135222175,1,1,1
D100134,36-50,237.88,14,2,afternoon,mon,0,0.9208050004907072,0.4974910745241745,0.6960053388866734,1,0,0
D100135,18-25,66.75,35,2,evening,fri,1,0.8602630195762712,0.51383955818104,0.1333892249237691,1,1,0
D100136,65+,102.89,75,3,night,thu,0,0.23798835066014234,0.22019968870445983,0.8084652039595314,0,0,1
D100137,36-50,213.92,86,3,morning,mon,0,0.5096132929744274,0.46581999520005113,0.25839176755201476,0,0,0
D100138,51-65,210.87,63,3,afternoon,thu,0,0.6638317172603714,0.3525720029651931,0.43791095906602784,1,1,0
D100139,18-25,147.0,62,3,night,sat,1,0.23999846076088138,0.47572442792417036,0.8657288104059034,0,1,1
D100140,36-50,208.66,21,2,evening,sun,0,0.5580325428495232,0.6532903005863285,0.1553321415258269,1,1,0
D100141,36-50,258.5,53,3,evening,wed,0,0.48388621750000543,0.7808237100603802,0.5821213443027219,1,0,0
D100142,65+,544.83,16,4,afternoon,mon,1,0.9686388120984841,0.2664030593645193,0.9146078378386661,1,0,1
D100143,36-50,223.79,48,2,afternoon,sun,0,0.529269756741225,0.36464434898210146,0.2690639825021448,1,0,1
D100144,36-50,350.44,17,2,evening,thu,0,0.8937515601869546,0.9665680116962406,0.28819028408049985,1,1,0
D100145,26-35,150.29,6,4,evening,sat,0,0.3676695827599475,0.7193332176440399,0.29925527102073046,1,1,1
D100146,26-35,409.48,87,4,afternoon,mon,0,0.8085183216106562,0.1668236057500819,0.17268074846976378,1,0,0
D100147,36-50,343.15,80,0,morning,wed,0,0.501722881714396,0.31886937856554065,0.4379589698648516,1,0,1
D100148,26-35,533.38,61,3,evening,tue,0,0.5006957641892558,0.3363455830648348,0.5661291391623963,1,1,1
D100149,18-25,465.04,56,4,evening,sat,0,0.06018304024588758,0.6253800784931834,0.21201923379425477,0,0,0
D100150,51-65,415.66,21,1,night,fri,0,0.7976058630582988,0.5454381299615914,0.7906347755144493,1,0,1
D100151,51-65,223.95,51,4,afternoon,sat,0,0.8156908686208373,0.18825622219887125,0.8341978581529326,1,0,1
D100152,18-25,305.04,67,1,afternoon,wed,0,0.18866528022704326,0.9312762507855669,0.4176095775625086,0,1,1
D100153,36-50,637.25,48,0,afternoon,wed,1,0.9146073669131181,0.6489054334811883,0.6891923578540389,0,0,0
D100154,18-25,136.07,25,6,afternoon,tue,1,0.22404416753599463,0.6523598759151693,0.28407602871062904,1,1,0
D100155,36-50,138.99,35,4,afternoon,tue,1,0.8571211723391913,0.3037614743879936,0.06730785231437275,1,0,0
D100156,26-35,288.09,75,2,morning,tue,1,0.5338434709846951,0.4175232303858322,0.6195916365200339,0,1,1
D100157,36-50,355.58,22,2,afternoon,sat,0,0.8830642059501782,0.2036321822036639,0.6673118137277148,1,0,1
D100158,36-50,116.55,86,4,morning,fri,0,0.5748423455337702,0.3099411704087026,0.46094383823032786,1,0,0
D100159,51-65,228.77,67,4,evening,fri,0,0.7752720397939267,0.162365820052148,0.7316304677265582,0,0,1
D100160,18-25,224.84,80,0,afternoon,sun,1,0.8228267116654527,0.8410863160405516,0.28764158596810996,1,1,1
D100161,65+,33.32,45,2,afternoon,sat,0,0.49655222134336297,0.1910523870684326,0.7825698772469629,1,0,1
D100162,26-35,200.81,20,4,evening,wed,1,0.722191703430825,0.891882512959895,0.8331584187294527,0,1,1
D100163,18-25,212.39,3,4,morning,wed,1,0.33573075839435523,0.8865556376590056,0.6464087159845973,0,1,0
D100164,36-50,211.82,48,5,afternoon,mon,0,0.48676186368470176,0.6081447250460211,0.7563579794830363,0,1,1
D100165,26-35,875.09,35,2,evening,sat,1,0.917194209407564,0.8349627344652196,0.7888202916381665,1,0,1
D100166,51-65,81.92,10,3,evening,sun,0,0.831779478993987,0.8909858702774511,0.2584019397694806,0,1,1
D100167,51-65,116.49,83,1,afternoon,sat,1,0.3907318092759758,0.2294732456630693,0.7972182125250424,0,0,1
D100168,26-35,23.31,87,4,evening,thu,0,0.8571676061060268,0.7178315005707732,0.19473705935821842,0,1,0
D100169,65+,158.73,33,4,night,wed,1,0.6402689953205647,0.5175097171008328,0.5015207709042966,1,1,1
D100170,26-35,171.39,60,1,evening,thu,1,0.8745234818002043,0.901102537037333,0.4081379366309267,1,1,1
D100171,36-50,154.63,37,1,afternoon,tue,0,0.8178699153705185,0.5996481996760531,0.8549813827116941,1,1,1
D100172,26-35,663.09,44,2,evening,tue,1,0.748616008977461,0.8982808448298606,0.321416023509483,1,0,1
D100173,65+,530.89,56,5,afternoon,thu,0,0.07117884834189547,0.06670542067707672,0.18444542608061468,0,0,0
D100174,26-35,262.45,37,5,afternoon,tue,0,0.778479264474781,0.31569214421467817,0.0994354200386237,1,0,0
D100175,18-25,175.29,72,6,afternoon,sat,0,0.029769762755537627,0.30916106159876977,0.39313314531510724,0,0,1
D100176,26-35,616.2,17,0,evening,sun,1,0.8870575022619469,0.7473413346129057,0.30945998401041125,1,1,0
D100177,65+,240.38,60,2,afternoon,tue,1,0.6997287636264471,0.4323435069292117,0.24141187095363237,1,1,0
D100178,51-65,117.16,88,5,evening,mon,0,0.7097220159188304,0.14582948916882874,0.1638481601164406,0,0,0
D100179,51-65,52.22,76,1,night,sun,1,0.5868044715124731,0.18989225568449064,0.7045241963498214,0,1,0
D100180,51-65,164.48,4,1,afternoon,wed,1,0.94363204873998,0.5337849801765773,0.8488947827668094,1,1,1
D100181,51-65,482.6,10,5,morning,tue,0,0.556685608309295,0.10189634397965443,0.41459861127385905,0,0,1
D100182,36-50,1898.62,56,1,night,sat,1,0.3109311350439194,0.25984805813705747,0.6516741524767284,0,1,1
D100183,26-35,258.64,83,2,morning,sat,0,0.5240152579963583,0.44017300522712954,0.5809115359418469,0,0,0
D100184,51-65,122.88,75,1,evening,fri,1,0.9605479926074978,0.6402567163526784,0.4341043746596408,1,0,0
D100185,36-50,84.23,81,1,morning,tue,0,0.7616478727205732,0.49120818429155994,0.3941410205581635,1,1,0
D100186,26-35,402.12,13,1,afternoon,fri,1,0.43356114666188983,0.9680132110419841,0.35794932431044624,0,1,1
D100187,18-25,49.99,46,4,afternoon,sat,0,0.26825441729712063,0.7815006676322332,0.4573039467324765,0,0,0
D100188,51-65,401.54,65,3,afternoon,thu,0,0.6848907118863997,0.5379973667577027,0.3401846491853795,0,0,0
D100189,26-35,510.78,56,3,night,thu,1,0.7590194677499058,0.7104481565284427,0.18990103627619315,1,1,0
D100190,65+,362.36,69,2,morning,thu,1,0.4138905838755551,0.5183223467065552,0.7514333235922149,0,1,0
D100191,26-35,200.8,19,3,morning,fri,0,0.9475213067214301,0.6210959407224516,0.6829238779364968,1,1,0
D100192,18-25,406.85,41,5,evening,thu,1,0.5673574196877099,0.7416347308053987,0.5465494543924978,0,1,1
D100193,51-65,285.39,40,1,night,sun,1,0.6867462692398275,0.8862255302978498,0.8669043404975459,1,1,1
D100194,26-35,121.47,84,2,afternoon,mon,0,0.21903214154408604,0.5204907344375456,0.5867561846796066,0,1,1
D100195,26-35,1293.84,18,5,evening,mon,0,0.6613879109445835,0.19975602776156193,0.3194353557357001,1,0,0
D100196,36-50,178.3,29,2,morning,tue,0,0.5733570472881317,0.7309196144679607,0.3076873192525228,0,1,0
D100197,51-65,491.85,1,3,evening,tue,0,0.48335759481667157,0.7358924993787289,0.3245829514153705,1,1,0
D100198,26-35,27.75,13,3,evening,thu,1,0.728189777644633,0.8348084070976609,0.16052399733637684,0,1,0
D100199,26-35,771.88,88,2,evening,mon,0,0.7571237543340957,0.09625115780718657,0.6140968320186347,1,0,1
D100200,51-65,917.72,76,1,evening,tue,0,0.611035438998963,0.6475462012063683,0.3860461471216812,1,1,0
D100201,65+,251.35,23,4,night,thu,0,0.21205418130742518,0.3669681395165555,0.24320167852091037,1,0,0
D100202,36-50,404.6,63,2,afternoon,sun,1,0.5086226738032834,0.4184988422946859,0.818892847021011,0,0,0
D100203,18-25,404.5,53,3,evening,sat,0,0.7371749359484282,0.8269869302451394,0.32079489475683476,1,1,0
D100204,18-25,137.21,81,0,evening,tue,0,0.4573879115012434,0.16631371889659902,0.5666677003586841,0,0,1
D100205,26-35,400.38,27,3,afternoon,mon,1,0.8021057713384236,0.7687181092626575,0.4179935623791722,1,1,1
D100206,18-25,118.18,89,2,night,sat,0,0.4130910949586361,0.32374762552938424,0.1562649422624956,0,0,0
D100207,36-50,141.47,33,1,evening,sat,1,0.08326495479709459,0.905150328024573,0.699196676225394,0,1,1
D100208,18-25,674.69,64,2,evening,sun,0,0.6613079341242228,0.5906327600564036,0.41412248561008574,1,1,1
D100209,36-50,588.27,35,2,afternoon,thu,1,0.5104360144045067,0.38776166243477095,0.47643367980715456,1,0,1
D100210,36-50,129.58,60,2,evening,mon,0,0.5827831499231698,0.7707759504673346,0.7621303253940868,1,1,0
D100211,36-50,126.44,30,1,afternoon,sun,0,0.9239051163618494,0.07051970599829445,0.7146966843414524,1,0,1
D100212,26-35,136.86,75,3,night,wed,0,0.7290730730409745,0.6269029078201325,0.5058424289762814,1,1,0
D100213,51-65,473.13,57,1,morning,wed,1,0.7927936062094201,0.21046690935432064,0.3496978164465981,1,0,0
D100214,36-50,99.49,25,0,evening,wed,1,0.9345204763267551,0.6382261581477771,0.27913589010506357,1,1,0
D100215,51-65,337.32,86,3,morning,sun,0,0.667764921915328,0.19570959716036215,0.7816271596214762,1,0,1
D100216,18-25,479.22,63,1,evening,wed,1,0.8710552886266227,0.8866316668462256,0.060029110424553916,1,1,0
D100217,18-25,226.01,38,1,afternoon,thu,0,0.8704786120015392,0.9664195355792912,0.3150462321769927,1,1,0
D100218,65+,607.32,12,3,evening,thu,1,0.7248735676480061,0.12153335749932088,0.7883534814842937,1,0,1
D100219,26-35,186.07,87,3,evening,sun,1,0.3613581767543281,0.6823268770672812,0.3165982605665646,0,1,1
D100220,26-35,201.85,67,2,afternoon,sun,0,0.41864620950548553,0.9232826544495204,0.342153251399608,1,1,0
D100221,36-50,101.54,60,0,evening,fri,0,0.7613974669506416,0.38777785305557816,0.5634285781733283,1,0,1
D100222,36-50,611.22,74,2,evening,mon,1,0.652107981769938,0.34683148612595543,0.35498203409708495,0,1,0
D100223,65+,122.75,54,3,afternoon,wed,1,0.412844198702489,0.4906879842120407,0.889973931901297,1,1,1
D100224,26-35,335.22,20,3,afternoon,fri,1,0.7999517854686222,0.8910810650788553,0.6547640560908419,1,1,0
D100225,65+,229.48,21,0,morning,sat,0,0.23325815095212862,0.5676734582306011,0.6531493445676853,0,1,1
D100226,18-25,94.87,7,3,morning,sat,1,0.6407283697127282,0.7274572671046153,0.2706130917003366,1,1,0
D100227,36-50,141.43,5,3,afternoon,thu,0,0.7646828629281505,0.3950437066602733,0.4511948841038519,1,0,0
D100228,36-50,849.45,65,4,afternoon,fri,1,0.5819902619802071,0.7809726255655325,0.9080880429963777,0,1,1
D100229,18-25,293.39,76,2,afternoon,wed,1,0.7454713716518458,0.5038013116756382,0.23063167756106584,1,1,1
D100230,18-25,98.67,14,2,night,fri,1,0.7384085474849638,0.3477274021468175,0.840495570379499,1,0,1
D100231,26-35,322.08,51,0,morning,thu,1,0.9665486452166274,0.38008338042110174,0.12595937211849303,1,0,1
D100232,65+,214.54,11,3,evening,fri,1,0.6513375391115915,0.3889838278545274,0.5759737289775921,1,0,1
D100233,36-50,5478.8,37,4,evening,sun,0,0.02159034162901475,0.2339128315545815,0.10362830824150426,0,0,0
D100234,65+,316.27,71,3,evening,sat,1,0.627270287364204,0.10780720419994433,0.8852154738362389,0,0,1
D100235,51-65,173.72,73,5,afternoon,sat,0,0.4763559494756664,0.6422441387576482,0.5075699513570031,0,0,1
D100236,36-50,878.33,85,2,morning,sat,0,0.12053346693797186,0.6074771894935983,0.7115071552885268,0,1,1
D100237,51-65,46.67,27,1,evening,tue,0,0.46212186318202475,0.6052097821447581,0.4833249462526974,0,0,1
D100238,18-25,266.37,85,4,evening,tue,0,0.35815001751536785,0.06319725746646124,0.26209448502247973,0,0,1
D100239,18-25,1472.9,70,1,evening,sat,0,0.044804714319171234,0.1735329257182519,0.18633657845210638,0,0,0
D100240,51-65,220.39,30,0,afternoon,thu,0,0.6544321961688665,0.36198070719872,0.925371978070095,0,0,0
D100241,51-65,51.42,29,1,evening,thu,0,0.6021778040396515,0.8867501246076079,0.2805180666002946,0,1,0
D100242,26-35,171.34,9,2,afternoon,fri,0,0.6119243979588604,0.5913878649276162,0.279990892036476,1,1,1
D100243,36-50,906.02,82,0,evening,mon,0,0.7974324832098547,0.210690173274973,0.17322286287171562,1,0,0
D100244,36-50,343.25,18,1,evening,tue,1,0.5980487720033201,0.7587008056619307,0.7295007423853025,1,1,0
D100245,51-65,115.01,24,8,morning,tue,0,0.7205818726776441,0.10647255377240368,0.23621111108561132,1,0,0
D100246,36-50,132.06,37,2,morning,thu,1,0.6503001780860846,0.6539362775156649,0.9114350404084344,1,1,1
D100247,26-35,147.86,12,3,morning,mon,1,0.634183389367623,0.6141353885238181,0.5434599449996886,1,1,0
D100248,26-35,338.69,72,1,morning,mon,1,0.7470421497495351,0.976276193600047,0.5816466275316376,1,1,0
D100249,26-35,815.97,62,4,afternoon,fri,0,0.301500420380113,0.24323014027468845,0.4250229672067485,0,0,1
D100250,36-50,630.92,14,4,morning,sat,0,0.2781807866371322,0.865106202628885,0.42679159587390536,0,1,0
D100251,51-65,368.86,14,4,afternoon,tue,0,0.5235108299438006,0.19604474998714286,0.5780359133920405,0,0,1
D100252,36-50,73.81,1,7,evening,fri,0,0.21827380571322139,0.6120573218822204,0.4715310009473076,0,0,1
D100253,26-35,74.06,85,1,evening,mon,1,0.7843386329561185,0.7942351860290907,0.6086731950702818,1,1,1
D100254,26-35,395.41,39,7,afternoon,wed,0,0.022511898226854465,0.5498573625688042,0.16444987050081727,0,0,1
D100255,51-65,72.9,58,2,morning,wed,1,0.8781564916484665,0.5596217123609417,0.3940486197254338,1,0,0
D100256,51-65,199.73,13,3,evening,wed,0,0.8270232877077419,0.7338058692926049,0.7599028876744295,1,1,0
D100257,18-25,321.74,20,4,afternoon,sun,1,0.8694075274821509,0.8184887464815583,0.4420817649492292,0,0,0
D100258,18-25,87.9,48,4,afternoon,mon,0,0.9016543492743927,0.5984999628332217,0.04797343634089991,1,0,0
D100259,36-50,97.34,18,1,afternoon,fri,1,0.9383303354116511,0.571077217278623,0.4771612605083469,1,0,0
D100260,18-25,224.82,55,2,night,tue,1,0.28038026361992424,0.6823013639759984,0.8135799386084999,0,1,0
D100261,51-65,385.02,83,1,afternoon,thu,0,0.9318835755773235,0.2985979405661182,0.4591254508000328,1,0,1
D100262,26-35,636.11,27,1,night,tue,0,0.16584640175729054,0.5621863005606456,0.2585820346768674,0,1,0
D100263,18-25,422.57,54,1,afternoon,sat,0,0.07788614423492991,0.620194676263911,0.08092181807879939,0,0,0
D100264,65+,261.46,82,4,morning,mon,0,0.8429146449200743,0.053878830176750284,0.4581470897116957,1,0,0
D100265,26-35,125.01,80,1,morning,mon,0,0.6980394691695252,0.29787565120748644,0.1320649005039745,1,0,0
D100266,26-35,93.33,0,4,evening,wed,1,0.311445611867852,0.915502847635636,0.6372930258699232,0,1,0
D100267,26-35,154.5,9,2,afternoon,sun,1,0.39093871560814963,0.2276773024179487,0.5431002549363632,1,0,1
D100268,18-25,353.87,88,3,evening,mon,0,0.5113779310619547,0.8095574149682886,0.2017753098453634,1,1,0
D100269,18-25,331.28,83,4,night,tue,0,0.08837575011142006,0.3228612988720028,0.1483694457806402,1,1,0
D100270,18-25,36.97,28,4,afternoon,thu,0,0.321127581240548,0.9358491367678953,0.7285272676295526,0,1,1
D100271,26-35,120.65,46,2,morning,mon,1,0.9541505845595623,0.9179294911751189,0.3141930991250955,1,0,0
D100272,18-25,723.47,51,5,evening,thu,0,0.8285781013922084,0.45409419274132085,0.14654413859073848,1,0,0
D100273,36-50,262.77,60,1,morning,wed,0,0.6707767595866764,0.4229593952724377,0.37122825198896386,1,0,0
D100274,36-50,68.35,67,4,evening,fri,0,0.5707229671112061,0.8120514033045501,0.3840892029909716,1,0,0
D100275,26-35,2039.05,33,5,evening,mon,1,0.5391542933925552,0.8089019401181551,0.4971925826504141,0,1,0
D100276,26-35,238.4,80,4,afternoon,tue,0,0.30224566286562154,0.7347424606252757,0.5704197865098363,1,1,0
D100277,36-50,345.81,5,4,afternoon,tue,1,0.22331908390482638,0.8824803814352015,0.7793813042576326,0,1,1
D100278,51-65,350.57,2,1,evening,sat,0,0.10364722636042231,0.2445820295954172,0.9522921520403189,0,1,1
D100279,51-65,175.77,86,1,morning,sat,1,0.6093720236866687,0.46384929903503935,0.21413665387801428,0,0,0
D100280,18-25,127.13,15,3,afternoon,mon,0,0.7686416823104955,0.5501748695221149,0.40685861983773575,1,0,0
D100281,26-35,1651.61,89,1,afternoon,wed,1,0.35606172821703,0.21960359526457546,0.2513931065437277,1,0,0
D100282,26-35,603.58,25,1,afternoon,fri,1,0.8564076617963636,0.799255892470378,0.899532813371701,1,1,1
D100283,26-35,512.73,32,2,morning,mon,0,0.7637218332305769,0.5200812509305773,0.4125539021572407,1,0,1
D100284,36-50,411.03,2,1,evening,mon,0,0.9372322739656536,0.600189003966357,0.08895510486994385,1,0,0
D100285,26-35,99.19,84,3,afternoon,fri,1,0.6680068986403362,0.5050592234812306,0.5718719924593286,0,0,1
D100286,18-25,772.61,32,2,afternoon,thu,0,0.4886244205962943,0.3228258605239464,0.3713782599592332,1,1,0
D100287,26-35,114.57,15,3,night,fri,1,0.6108316003444773,0.9537516308374003,0.72525370625781,0,1,1
D100288,36-50,315.75,43,0,morning,thu,1,0.7342657510079638,0.7059656726721969,0.3845693492753964,0,0,0
D100289,18-25,55.96,13,2,morning,sun,0,0.16300435576318956,0.34065293331533253,0.44964416227884474,0,1,1
D100290,51-65,38.99,71,2,evening,mon,0,0.8689794161391584,0.44487979830667457,0.45064404161909083,1,0,0
D100291,18-25,325.86,6,4,morning,tue,0,0.3757654656194717,0.9308152007436075,0.19678103337178054,0,1,0
D100292,65+,118.13,44,3,night,fri,0,0.3155436220445942,0.5448428653947208,0.7506927594060268,1,0,1
D100293,18-25,40.84,35,2,evening,sun,0,0.37749942010889714,0.5424558435332981,0.3786783155088418,1,0,1
D100294,51-65,398.04,3,1,afternoon,mon,1,0.5014790614688127,0.5522563464305736,0.8776725418379079,1,0,1
D100295,51-65,1649.24,4,1,afternoon,fri,0,0.45288593349418454,0.1947772513363581,0.5092215100567968,1,0,0
D100296,65+,854.57,46,2,afternoon,sun,1,0.6604619795993759,0.17828954579308595,0.841702484568276,1,0,1
D100297,51-65,194.11,35,3,evening,thu,0,0.476615359207294,0.28692186445805345,0.23831985639782352,1,1,0
D100298,51-65,246.65,11,3,morning,sat,0,0.8261263080072171,0.13487110423158027,0.8580620314087878,1,0,1
D100299,36-50,543.99,12,2,evening,tue,0,0.6063107987726032,0.45551809992126596,0.2587306166925485,1,1,0
D100300,51-65,671.77,72,3,evening,sat,0,0.1176872565146671,0.3290979607800286,0.7112907961481145,0,1,0
D100301,18-25,179.62,65,2,evening,thu,0,0.8102246015800828,0.5308329568526119,0.37229909671676176,1,0,0
D100302,36-50,252.34,54,3,morning,wed,1,0.7444364314439893,0.6339553038144669,0.5864583392047102,1,1,1
D100303,36-50,320.72,75,2,evening,tue,0,0.7980525991909561,0.8145028048922048,0.6111097668680101,1,1,1
D100304,51-65,402.82,6,1,evening,sat,0,0.8548449217899802,0.8825119137265415,0.11293463322436297,1,1,0
D100305,36-50,217.07,61,2,morning,sat,1,0.41485029255321304,0.5054642336467898,0.39735920173235084,1,0,1
D100306,26-35,219.63,67,5,evening,sat,1,0.3928231221815004,0.778292389812848,0.6438053850387832,0,1,0
D100307,36-50,847.13,18,1,morning,fri,0,0.8309044948503745,0.4874736907305329,0.8668198609754761,1,1,1
D100308,26-35,726.74,48,1,night,tue,0,0.8082406681228212,0.4123476594603098,0.35469388269467345,1,0,1
D100309,18-25,376.03,69,1,morning,tue,0,0.43470244256586793,0.3204945171275243,0.02922470846112666,0,0,0
D100310,36-50,1149.63,54,1,afternoon,fri,0,0.3235246230542416,0.4250595591569998,0.30757343480207444,0,1,1
D100311,26-35,172.81,22,1,evening,tue,0,0.9394021640105327,0.8973658654737136,0.3825953291763319,1,1,1
D100312,26-35,1054.35,59,0,morning,fri,0,0.27471469132483367,0.2243381552469773,0.6236626437441152,0,0,1
D100313,26-35,398.72,68,1,morning,sun,1,0.6614589523443374,0.5527137123053498,0.4824556801755126,1,0,1
D100314,26-35,4646.75,0,1,morning,sat,1,0.04187415627507081,0.24446622674153332,0.09101165384873437,0,0,1
D100315,26-35,83.66,51,2,evening,thu,0,0.7009964288401054,0.7022165450546088,0.6283102396786734,1,1,1
D100316,26-35,131.58,45,3,morning,sun,0,0.25918772821501596,0.6251042902513562,0.5220763726431827,0,1,0
D100317,36-50,356.71,33,2,evening,thu,1,0.7075617855786429,0.7774747305983907,0.3772016099538239,1,1,0
D100318,26-35,349.85,3,3,evening,thu,0,0.49141676169081133,0.9523400828395,0.5848404637044585,1,0,1
D100319,65+,1415.34,7,3,afternoon,sun,1,0.6429903558922135,0.1688363909688644,0.5950646909707493,1,0,0
D100320,65+,134.08,67,5,afternoon,wed,1,0.6320558512003812,0.15858191388228363,0.6623908179826412,1,0,1
D100321,36-50,552.49,74,3,afternoon,tue,1,0.813374364800934,0.5588639402089276,0.36752592760604996,0,0,0
D100322,26-35,696.6,37,0,night,mon,1,0.32635803393768803,0.9255991273221512,0.41824767739543367,0,1,0
D100323,36-50,461.36,84,2,evening,fri,0,0.4973429489099174,0.11056586501948633,0.6328285799753262,1,0,1
D100324,51-65,103.04,83,3,night,thu,1,0.676583610522323,0.48735066370323676,0.20026860487187492,0,0,0
D100325,36-50,868.69,59,2,evening,sat,1,0.7867531290800598,0.41118141264407476,0.778684611392199,0,0,0
D100326,51-65,739.81,52,4,evening,tue,0,0.1586338802802034,0.5488236719253456,0.5322446676747609,0,1,0
D100327,36-50,419.74,86,1,night,wed,0,0.49185280739363385,0.5216325823389165,0.31616074595693244,0,0,0
D100328,36-50,294.1,54,0,afternoon,mon,0,0.47982341908206366,0.5429160364168206,0.4505870091927879,0,1,0
D100329,26-35,299.91,84,1,night,wed,0,0.6080828952341777,0.6255404503222998,0.16722303476608188,0,1,0
D100330,51-65,227.95,88,2,morning,sun,0,0.8671234983973327,0.14896000405212778,0.14350646618849702,1,0,0
D100331,26-35,435.59,17,1,morning,sun,1,0.10825581554376186,0.8781708751763198,0.28780810773811866,0,1,0
D100332,36-50,251.65,59,2,afternoon,thu,0,0.45385862236959845,0.8034318213705988,0.08460176611355207,0,1,0
D100333,51-65,114.01,65,3,afternoon,mon,0,0.6578175781102653,0.399237810292049,0.19671572996555084,1,0,1
D100334,18-25,95.23,73,1,afternoon,sun,1,0.5533876118620358,0.5984492417832867,0.11267658962192792,1,1,0
D100335,36-50,124.36,31,4,afternoon,tue,0,0.8429908238283563,0.476805990162551,0.754272945090914,1,0,0
D100336,18-25,298.84,77,1,afternoon,mon,0,0.46104863313982375,0.7894169928407982,0.09482036185930978,0,1,0
D100337,36-50,238.83,43,1,evening,wed,0,0.5867556313161619,0.538973120728596,0.43679527079582886,0,0,0
D100338,18-25,297.02,34,1,afternoon,sun,0,0.23102309042817123,0.34924757135636003,0.6341081428071924,1,0,1
D100339,65+,384.03,14,3,afternoon,sat,1,0.3461418112244672,0.6968941676530516,0.895247822321928,0,1,1
D100340,18-25,139.13,28,1,evening,wed,0,0.4120921927235338,0.5104650365764694,0.27852391286435935,0,0,1
D100341,65+,915.16,87,5,evening,thu,0,0.17994720205620376,0.22034922982113167,0.47645493066635497,1,0,0
D100342,51-65,192.3,64,1,evening,mon,1,0.831198471303451,0.13363803988363643,0.694304702972413,1,0,0
D100343,36-50,165.66,65,0,afternoon,tue,1,0.7587045319327239,0.6623800579101327,0.9303109584613289,0,0,1
D100344,51-65,377.72,80,4,morning,fri,0,0.2781800149362425,0.26422386706351103,0.5964085241217684,0,0,1
D100345,51-65,46.86,24,2,night,wed,0,0.30692418266552607,0.09324877532997057,0.74790027198831,0,0,0
D100346,65+,120.12,59,2,morning,sun,1,0.4318244871595057,0.45830201520549635,0.974386263667632,0,0,1
D100347,26-35,591.68,33,1,evening,thu,0,0.45214151292126126,0.3621209896190788,0.43762667905172753,0,0,0
D100348,36-50,51.23,76,0,afternoon,sat,0,0.43469605240831516,0.4570051580610109,0.7342753695841386,1,0,1
D100349,18-25,669.02,38,1,afternoon,sat,0,0.5756965668879314,0.5043441033712542,0.4356427142255277,1,0,0
D100350,36-50,953.39,76,2,evening,thu,0,0.799146460232602,0.09512491732866747,0.4918215911984369,1,0,0
D100351,26-35,175.47,67,3,afternoon,sun,0,0.1897379020674085,0.23649546715251676,0.15429226351780595,0,0,0
D100352,36-50,318.18,69,1,morning,sun,1,0.869681633277526,0.26754793793134607,0.25928700751184186,1,0,1
D100353,36-50,669.93,83,1,evening,wed,1,0.8093815060251823,0.7528554098394838,0.37043965690179914,1,0,1
D100354,36-50,160.76,71,1,morning,tue,0,0.6747549096012283,0.6852960766696168,0.6666726047614373,1,1,1
D100355,36-50,534.32,28,2,afternoon,fri,1,0.941120871532504,0.9532453354607546,0.7633950646297419,1,1,0
D100356,51-65,133.75,46,0,afternoon,mon,1,0.7755011865089422,0.4813931081631893,0.9015885591996093,0,0,0
D100357,51-65,159.2,42,1,afternoon,fri,1,0.8523008040610084,0.45611964071806993,0.6708833980411211,1,1,1
D100358,36-50,119.18,5,1,evening,thu,1,0.8844049390632057,0.7933263155645517,0.7421623780937378,1,1,0
D100359,36-50,333.08,53,1,afternoon,sat,1,0.7234478305501733,0.46774417131526147,0.6976611338710523,1,1,1
D100360,65+,693.79,39,2,afternoon,mon,0,0.6355481462678401,0.1909719528156,0.6116674710195702,0,0,0
D100361,18-25,207.33,35,4,afternoon,fri,0,0.4723194915204976,0.6770811601474853,0.24715316029309256,0,1,0
D100362,18-25,77.94,9,2,evening,thu,0,0.7456349052101794,0.8854635666952364,0.09918983805723164,1,1,0
D100363,18-25,92.35,45,1,morning,mon,1,0.4755474843117824,0.28236509507023116,0.4185807145126945,0,0,1
D100364,36-50,349.02,52,6,night,thu,1,0.2966399643793984,0.3084679693945916,0.5061186772476732,1,0,1
D100365,26-35,1286.53,9,5,afternoon,fri,1,0.3085284232100579,0.2913237648368123,0.7293472674751436,0,1,1
D100366,51-65,348.75,57,1,afternoon,wed,1,0.6466741098425891,0.4972075209790895,0.8783781996823237,1,1,1
D100367,36-50,172.74,15,1,evening,fri,1,0.9464475257808584,0.8222635377610709,0.6398483908883541,1,1,1
D100368,26-35,487.63,13,2,afternoon,wed,0,0.49177463337619093,0.8833523008651087,0.857166719635229,0,1,1
D100369,51-65,197.25,36,0,evening,fri,0,0.8564634119739422,0.4074239426315979,0.6154536677860507,1,1,0
D100370,51-65,174.08,35,1,night,tue,1,0.7324244372485105,0.6028885504953433,0.8753130076656801,1,1,1
D100371,26-35,103.27,82,0,evening,tue,0,0.505733228380695,0.19307106838032917,0.3313851740703721,0,0,1
D100372,26-35,869.23,6,2,afternoon,mon,1,0.8963735133067541,0.5607112253711999,0.21450005037121506,1,0,0
D100373,26-35,24.9,31,3,evening,mon,1,0.8780744568107232,0.8134712693169072,0.3905519174379367,1,0,0
D100374,26-35,501.74,66,2,afternoon,mon,0,0.4896098895629935,0.2117700299870256,0.7185829454806767,0,1,1
D100375,18-25,161.2,22,5,evening,tue,1,0.5937901043117982,0.9335962300017334,0.36981100959636454,1,1,0
D100376,65+,169.13,88,0,morning,sat,0,0.5120231401266123,0.35094087373991284,0.5189957678005372,0,0,1
D100377,26-35,1122.24,66,0,morning,tue,1,0.16954933056279672,0.3900405054783634,0.4346111756671408,0,0,1
D100378,26-35,128.67,85,2,afternoon,wed,1,0.42189694242632203,0.2716443935944335,0.3556310771745822,1,1,0
D100379,36-50,132.68,85,2,morning,tue,0,0.6895074935673048,0.23521513185279885,0.7223660306849007,1,0,0
D100380,36-50,217.6,9,1,evening,wed,1,0.5088523860167612,0.5283843929631613,0.9241743874857002,0,0,1
D100381,65+,355.12,41,3,morning,tue,0,0.3241607648737482,0.10627688899443395,0.6526368387815028,1,0,1
D100382,51-65,164.4,67,2,morning,wed,0,0.4756277206464783,0.11464398746662503,0.6679116736854351,0,1,0
D100383,36-50,59.35,0,1,evening,mon,0,0.9909108054866863,0.629439370457808,0.7443072939814187,1,1,1
D100384,26-35,112.27,40,1,afternoon,thu,1,0.8711192440057794,0.8883291154407066,0.5406287614126857,1,0,0
D100385,65+,775.26,61,1,night,tue,1,0.7233746863634782,0.1865398943259237,0.5252453203723841,0,0,0
D100386,36-50,261.73,71,2,afternoon,fri,0,0.3840020422440355,0.5571032706827757,0.3110692187887479,1,1,0
D100387,65+,367.23,37,3,morning,sun,1,0.6821965479562466,0.297100805034485,0.8305747949172932,1,0,1
D100388,18-25,193.39,77,2,morning,thu,1,0.1391560206324405,0.82462072211286,0.5230151982633442,0,1,1
D100389,51-65,135.16,60,3,afternoon,thu,1,0.6293847719411435,0.3022011298671221,0.20157753927466882,1,0,0
D100390,36-50,1107.45,4,1,morning,sat,0,0.6620507936131986,0.5563359990316772,0.3249239969984372,1,1,1
D100391,18-25,206.57,24,1,evening,wed,0,0.24660369217036923,0.7804389037983374,0.1917066551557097,0,1,0
D100392,36-50,164.18,84,0,morning,mon,0,0.725106689037063,0.7868608424118496,0.6628899939377407,1,1,1
D100393,36-50,656.24,0,3,night,sat,1,0.6785475008464635,0.7177009084162751,0.400032431856097,0,0,0
D100394,18-25,127.72,9,2,afternoon,fri,0,0.43969081767934376,0.8173698168989044,0.25310194609823183,1,1,0
D100395,36-50,143.27,31,2,evening,thu,0,0.5195754179347533,0.2091621788137367,0.3277132757683865,0,0,1
D100396,51-65,246.96,89,1,morning,wed,1,0.4749037169474901,0.31701057388114023,0.8027629923152417,0,0,1
D100397,26-35,244.75,63,1,morning,mon,0,0.46387962623041235,0.3844610880397041,0.6222120124239489,0,0,1
D100398,36-50,309.1,13,2,afternoon,thu,1,0.7463293833037997,0.4945992364393835,0.7127155915551749,0,0,1
D100399,26-35,1607.61,35,5,afternoon,thu,1,0.4932875247498846,0.5538938534538894,0.6863067366151957,0,1,1
D100400,26-35,331.17,84,3,evening,thu,0,0.33378043875144225,0.5627358453807771,0.6466534484634922,0,1,0
D100401,65+,28.78,19,1,afternoon,wed,0,0.9372698615386168,0.5394051392427258,0.24100247731310787,1,0,1
D100402,51-65,328.22,51,2,afternoon,tue,0,0.9004404118495076,0.7359196383087975,0.6828101053325404,1,1,1
D100403,18-25,253.18,41,1,night,thu,0,0.43782757951059015,0.7729671222111063,0.2618403777710645,1,0,1
D100404,65+,254.45,68,1,afternoon,fri,0,0.4754492256530227,0.10220379582682963,0.3141694699166964,0,0,0
D100405,51-65,305.32,67,6,morning,tue,0,0.28827037271093364,0.3227843810856097,0.3978104971648418,0,1,1
D100406,26-35,238.46,74,2,afternoon,mon,0,0.6112621765623149,0.702607009250397,0.5382727963053566,0,1,0
D100407,51-65,233.38,10,1,afternoon,thu,0,0.8312497321529466,0.8378285759072384,0.8732017885677537,1,1,1
D100408,18-25,424.85,40,0,afternoon,mon,1,0.6023550896350184,0.7766396430822904,0.15722871856506518,1,1,0
D100409,65+,150.22,62,2,evening,tue,0,0.49042628814099404,0.28266507895363513,0.7836550885786757,1,0,1
D100410,36-50,104.28,37,0,evening,fri,1,0.8934191389849934,0.893123485038621,0.9270544843088822,1,1,1
D100411,36-50,3719.72,60,2,evening,wed,1,0.14791349844038537,0.2515677345557132,0.7957057178760665,0,0,1
D100412,18-25,128.47,57,4,morning,thu,1,0.3694607164112924,0.30535992195903844,0.016082723687058747,0,0,0
D100413,51-65,267.77,33,3,morning,fri,1,0.7432533150793661,0.14798965676218861,0.9557550237259302,1,0,1
D100414,18-25,63.68,9,1,evening,tue,0,0.5104821051301859,0.9677882035107249,0.627397172980798,1,0,1
D100415,26-35,271.73,87,0,morning,tue,0,0.3296775676323178,0.15918148303987717,0.04030674643314582,1,0,0
D100416,18-25,105.65,74,1,afternoon,wed,0,0.4861734344950439,0.5980318741701794,0.16420735215232135,0,0,0
D100417,51-65,164.31,80,3,afternoon,wed,0,0.38816269327226327,0.5636355525641882,0.8013666014845499,1,0,1
D100418,26-35,626.76,26,3,evening,thu,1,0.4734014897226125,0.2825740395070087,0.5724197606219934,1,0,1
D100419,65+,374.21,28,1,morning,mon,0,0.8336556457073792,0.16230910797764936,0.5260502383970885,1,0,0
D100420,36-50,408.12,29,1,night,thu,0,0.43575708247733347,0.21151313234919544,0.48792158523880086,1,0,1
D100421,18-25,49.7,2,1,afternoon,fri,1,0.9613689555519829,0.9804728358148401,0.6467127815113756,1,1,0
D100422,18-25,1278.2,15,3,night,sat,1,0.38686306435964807,0.9406727273758678,0.2722539623829078,0,1,0
D100423,18-25,83.71,27,3,afternoon,thu,1,0.43782360351847316,0.651258713415748,0.42407042052721444,1,0,1
D100424,36-50,968.46,88,3,evening,fri,0,0.709173095708465,0.44243733973421945,0.589432469005053,0,0,1
D100425,51-65,613.63,18,0,afternoon,sat,0,0.43727835531420906,0.5412427957735982,0.37004132803299045,0,0,0
D100426,26-35,411.41,45,0,evening,sat,0,0.925579539439126,0.5339651025458804,0.11733281523608259,1,0,0
D100427,51-65,113.35,49,0,afternoon,thu,1,0.8408307387936408,0.20992741044518906,0.5102329104184066,1,0,1
D100428,18-25,280.46,32,0,evening,thu,1,0.8224056862651512,0.9844209465605764,0.2457448638437125,1,1,0
D100429,51-65,160.16,82,2,evening,sun,1,0.6633798995547926,0.08671531281294186,0.46568704253651,1,0,0
D100430,65+,251.17,8,3,evening,sat,0,0.6757652804420713,0.4211864871620371,0.24149379999845472,1,1,0
D100431,51-65,195.41,78,2,afternoon,tue,1,0.6342670556067476,0.30567954631494987,0.6907861904353244,0,0,0
D100432,36-50,39.07,66,4,afternoon,thu,0,0.3467084229674824,0.6932603741120629,0.6494259690092297,1,0,1
D100433,51-65,671.56,27,0,night,sat,0,0.5310271611445588,0.6059943283435911,0.3457946629169201,0,1,0
D100434,18-25,227.47,69,0,night,thu,1,0.7319143103871312,0.47683034624637055,0.28608199342274077,1,0,0
D100435,26-35,158.17,38,2,morning,thu,0,0.2905453957290604,0.4427874812401254,0.3341703780859543,0,0,0
D100436,18-25,147.78,87,0,morning,fri,0,0.8201368664758195,0.22722108506860011,0.14133499401737287,1,0,0
D100437,36-50,337.85,3,3,morning,wed,0,0.8064588016261961,0.6383645480449529,0.7222996531018424,1,1,1
D100438,51-65,109.47,2,4,morning,fri,0,0.5637881325019711,0.7024421134989847,0.33679737093752343,0,1,0
D100439,36-50,32.15,48,1,afternoon,sat,0,0.552612879082866,0.3727644645053286,0.3216643058201771,1,0,1
D100440,51-65,352.98,83,2,evening,sun,1,0.9256095227950308,0.3248846013331064,0.41036446088958284,1,0,0
D100441,26-35,390.41,5,2,morning,sun,0,0.7887582823423387,0.9401230004555627,0.6670182386311032,1,1,1
D100442,51-65,204.45,70,1,evening,fri,1,0.9135937071686966,0.7574773725838679,0.5846891020003149,1,1,1
D100443,26-35,87.09,84,2,night,sat,1,0.3684854455994802,0.8472693987840197,0.8914302894099875,1,1,1
D100444,26-35,265.08,43,2,afternoon,sat,1,0.7754151500386169,0.16024586214404982,0.5867953888516256,1,0,0
D100445,36-50,65.49,78,1,afternoon,wed,1,0.8220663667585069,0.7224690487175703,0.8151334217918698,1,1,1
D100446,65+,97.08,68,2,afternoon,sun,1,0.5841636806632833,0.4209506777414797,0.6792027137852309,0,1,0
D100447,36-50,124.51,19,4,morning,thu,0,0.6860873128996362,0.23099999571374194,0.23046858383992602,0,0,0
D100448,18-25,522.98,76,0,evening,sun,1,0.7823595832901759,0.3980673400521006,0.39951161394208246,1,1,0
D100449,36-50,176.56,62,1,evening,tue,0,0.9285155774736756,0.4437815838984899,0.2663329655463597,1,0,1
D100450,18-25,163.52,1,2,morning,wed,0,0.522417642701655,0.44651556420952365,0.060576678494876586,0,0,0
D100451,51-65,1421.15,51,3,evening,fri,0,0.12343071571282901,0.13671276040962158,0.7153078121143168,1,0,1
D100452,36-50,336.04,58,3,afternoon,fri,0,0.8955979828227946,0.31989047103325713,0.42304866451677947,1,0,1
D100453,26-35,331.99,72,2,morning,wed,1,0.9059732195919831,0.7850323331096949,0.28373777346531154,1,1,0
D100454,18-25,175.44,69,1,night,tue,1,0.5569939401809588,0.5329894980724245,0.5488498766250424,1,1,0
D100455,26-35,143.06,42,2,morning,tue,1,0.9460106666388023,0.647657007309236,0.5141808782597571,1,1,0
D100456,65+,34.2,26,2,morning,sat,0,0.6786851789967282,0.6257783017703815,0.9124242020901998,1,1,1
D100457,36-50,585.15,17,5,afternoon,mon,0,0.3220605939267494,0.11536764876032364,0.5398295027950034,0,0,0
D100458,51-65,366.31,8,1,afternoon,mon,0,0.38135347797771535,0.6134952634882855,0.5328254037389895,0,0,1
D100459,36-50,208.25,57,3,afternoon,sun,0,0.22371334123814132,0.5013743889184397,0.6109738869896423,0,1,0
D100460,36-50,216.26,86,6,evening,sun,0,0.4090034058893959,0.36122281677627976,0.3604337387332205,1,0,0
D100461,18-25,474.63,7,1,afternoon,mon,1,0.565612345596435,0.7538556672931505,0.5209338912991099,1,1,1
D100462,65+,60.39,63,4,evening,mon,1,0.5146581294201464,0.16648490524060514,0.9173770132790905,1,1,1
D100463,26-35,143.9,52,4,morning,wed,0,0.4779884974480381,0.8762840838959279,0.13179140052329757,0,1,0
D100464,36-50,88.0,15,1,afternoon,fri,0,0.8978339179297142,0.4073248792186683,0.26804627879603765,1,0,0
D100465,36-50,1205.15,19,1,night,tue,0,0.2666123323074281,0.19057653284311518,0.3233500708223205,0,1,1
D100466,36-50,538.12,25,3,evening,sun,1,0.511981667099404,0.5832627245086662,0.48013105234879727,1,0,1
D100467,65+,33.7,61,3,evening,thu,0,0.4603319560015682,0.16564031486588024,0.8673813179324817,0,0,1
D100468,18-25,62.65,26,1,afternoon,thu,0,0.8113787524311876,0.9096240318025511,0.10460721296621382,1,1,0
D100469,36-50,217.22,74,2,afternoon,tue,1,0.6995713713622418,0.48389892596591044,0.5305029285856915,1,0,1
D100470,26-35,159.94,33,0,evening,wed,0,0.7750224421886013,0.9049618948743406,0.26425155516222076,0,1,0
D100471,36-50,74.3,9,2,evening,sat,0,0.9384374456409537,0.6935295732044092,0.8579852027730104,1,1,1
D100472,18-25,1408.51,8,0,evening,fri,0,0.9443966383245304,0.6004574080050812,0.536416122668077,1,1,0
D100473,18-25,324.18,36,0,afternoon,tue,0,0.724087729112095,0.90344790814288,0.40202907662226267,1,1,1
D100474,26-35,375.15,36,2,morning,thu,1,0.7936035334018917,0.58436442891725,0.7383324921449478,1,1,1
D100475,26-35,131.26,66,2,morning,tue,0,0.24398504524614686,0.4946964568235363,0.1155524360077776,0,1,0
D100476,26-35,468.74,43,1,morning,wed,1,0.7581985255956162,0.8337495827954441,0.8989396285191988,1,1,1
D100477,36-50,173.75,14,2,afternoon,tue,0,0.7505397271514872,0.6651890219333185,0.2628420191124838,1,1,1
D100478,36-50,189.61,19,3,morning,sun,0,0.8131456546134853,0.3211280096805046,0.7740338029990128,1,1,1
D100479,26-35,424.07,50,2,afternoon,wed,0,0.436510029503044,0.2162123561961778,0.5007327469479188,0,0,1
D100480,26-35,56.48,30,3,evening,thu,1,0.7970658877887532,0.7721464235665376,0.5767991422250479,1,1,0
D100481,26-35,1030.01,60,1,evening,fri,0,0.6136139635720654,0.33675243155394186,0.6388438854323077,1,1,1
D100482,36-50,288.34,83,6,evening,mon,1,0.9192799715787976,0.43865951388564123,0.7419747317545284,1,1,0
D100483,26-35,774.99,31,3,afternoon,tue,1,0.8952818980134867,0.5954936400988892,0.49208350380721294,1,1,1
D100484,18-25,92.96,49,2,afternoon,sun,0,0.7702916654974804,0.43423752073387306,0.2344701194490988,1,0,0
D100485,26-35,106.61,74,3,night,fri,0,0.5581039475656064,0.4234789971175212,0.3890399192559078,1,0,0
D100486,36-50,86.0,18,2,afternoon,tue,1,0.7493808005250362,0.7012463404605955,0.5714453597756171,1,0,0
D100487,26-35,306.52,45,2,evening,thu,1,0.848494390990645,0.859510561025523,0.5801147887553145,1,1,1
D100488,36-50,259.66,27,3,afternoon,sun,0,0.4021333376685775,0.5895334656014384,0.7137308904576789,0,0,0
D100489,36-50,161.1,56,5,evening,tue,1,0.6495105596472517,0.9238731649177089,0.6554174241184703,1,1,0
D100490,36-50,98.23,66,3,afternoon,wed,0,0.9186029836779803,0.4832466294360451,0.47111409378188573,1,0,1
D100491,36-50,78.26,12,1,evening,tue,1,0.9211730158732857,0.5977420710229031,0.43279169250549143,1,1,0
D100492,36-50,234.24,16,1,evening,fri,0,0.8092595912833926,0.5821313436334892,0.5628535022943043,1,0,1
D100493,26-35,160.93,2,3,afternoon,thu,0,0.7535153558047832,0.8329576439500732,0.09492687212184463,0,1,0
D100494,51-65,132.02,1,5,evening,thu,0,0.666289391066743,0.757977956648921,0.34701114588186543,1,1,1
D100495,36-50,984.74,4,2,evening,wed,1,0.2086325262103037,0.8968698259572191,0.7094193098969273,0,1,1
D100496,26-35,227.22,63,2,evening,wed,0,0.25505457390247077,0.32299824053189086,0.5885510291036175,1,0,1
D100497,36-50,767.42,81,1,morning,thu,1,0.7499780638327387,0.7953526856983424,0.5036039114587666,1,1,1
D100498,26-35,151.42,36,5,morning,sat,0,0.22806077771052322,0.5164928616590582,0.41277417943951,0,1,1
D100499,36-50,305.0,79,2,evening,sat,0,0.5078329452991113,0.1662413878226935,0.5028514078894322,0,0,1
D100500,51-65,232.77,65,1,evening,sat,0,0.2744409054489773,0.30544481655432454,0.7022553043782516,0,0,1
D100501,51-65,53.1,72,1,night,mon,1,0.4191008132748989,0.7801552565285771,0.6174805230584218,0,1,0
D100502,65+,884.93,66,3,afternoon,thu,0,0.37579359933220924,0.30948924989985216,0.3336478455418474,1,1,0
D100503,36-50,216.67,17,0,evening,wed,1,0.9453179543999067,0.4447055543811726,0.7016529902054982,1,1,0
D100504,36-50,479.04,47,3,evening,sun,1,0.8711858201024506,0.22533530036039467,0.9093019317873932,1,0,0
D100505,51-65,124.36,47,3,evening,wed,1,0.5790118122037519,0.2418172205752347,0.40675897608559597,1,0,1
D100506,26-35,210.95,57,2,evening,tue,1,0.7734023369714734,0.5376247355041726,0.44314380805811465,1,1,1
D100507,51-65,112.15,71,0,morning,tue,1,0.3865577714701155,0.5664328057404553,0.5605059580485481,0,0,0
D100508,36-50,744.27,10,0,evening,tue,0,0.7336810143097469,0.3091565864807241,0.9228845867771339,1,0,1
D100509,18-25,323.85,60,3,evening,thu,0,0.68593645002958,0.49882285054978776,0.1281101360597877,0,0,0
D100510,18-25,340.48,74,3,afternoon,tue,0,0.35679342524380997,0.8593470173211151,0.25254238651708477,0,1,0
D100511,51-65,830.78,10,6,morning,thu,1,0.8491317355401422,0.8474059096085113,0.5315087568321422,0,1,1
D100512,18-25,692.78,37,3,evening,tue,0,0.6362097386818907,0.9052052580964931,0.09599627787388594,1,1,0
D100513,26-35,487.27,80,2,morning,fri,0,0.5000806521821421,0.12159164017652492,0.10306817512129686,1,0,0
D100514,26-35,68.06,2,3,afternoon,fri,0,0.6296215234237266,0.9462353320463079,0.5642526387371672,0,1,0
D100515,26-35,130.83,14,5,evening,fri,1,0.5947279827600577,0.7841581282457076,0.6846266643979358,1,0,0
D100516,26-35,99.14,72,2,night,sun,0,0.0943382002194966,0.48711853043171627,0.23876753688109806,0,0,0
D100517,51-65,470.96,15,1,evening,mon,1,0.49469067185552423,0.8510060441409396,0.9081910130336287,1,1,1
D100518,18-25,285.31,63,2,afternoon,mon,0,0.7034838104700385,0.7848589072906629,0.03571699868530843,0,1,0
D100519,51-65,70.0,81,2,morning,thu,0,0.8749840150909761,0.06494975185365355,0.21237540229153073,1,0,1
D100520,51-65,206.46,44,1,afternoon,thu,1,0.5155320760477051,0.4262479575140724,0.44968350101546933,0,1,0
D100521,26-35,63.77,43,3,afternoon,sat,0,0.5601320327025879,0.47639667615970194,0.36993887347092974,0,0,1
D100522,26-35,233.26,38,0,evening,tue,0,0.2863433397279108,0.3540499721974837,0.278662738833263,1,0,0
D100523,36-50,55.16,33,0,afternoon,thu,1,0.6556065581408198,0.8882475028970167,0.5488972107542291,1,1,0
D100524,18-25,393.84,34,3,morning,fri,0,0.5018676050264833,0.9049680036747983,0.4439976638606149,1,1,0
D100525,26-35,343.84,49,4,evening,fri,0,0.38162200592828166,0.5675213113134915,0.7202733230692605,0,0,1
D100526,65+,1362.61,80,3,morning,thu,1,0.060010045384397054,0.2889952875426875,0.833741530004587,0,0,1
D100527,65+,524.84,88,3,morning,fri,0,0.7996703761665392,0.19384432684479577,0.6141371719995682,1,1,1
D100528,51-65,167.23,77,3,afternoon,tue,1,0.6568404969884377,0.48165540703793136,0.606811900092179,1,1,1
D100529,26-35,510.95,10,1,morning,thu,1,0.4507503990251333,0.9320178172273087,0.7829264754616423,0,1,1
D100530,36-50,69.55,27,4,morning,thu,0,0.6841313856067708,0.13792553951116232,0.8683714116046503,0,0,1
D100531,36-50,102.9,68,3,night,mon,0,0.42684015658963453,0.5229495446094634,0.6080930302629027,0,1,0
D100532,26-35,330.24,49,7,evening,sun,0,0.47874853791895017,0.43883587095554444,0.21544675785469547,1,0,0
D100533,36-50,35.08,30,1,evening,fri,0,0.7021070509683709,0.4172308811977175,0.5438056518286618,1,0,0
D100534,18-25,236.64,28,3,evening,sat,0,0.5519704824915691,0.518133433631479,0.4802712351741289,1,0,0
D100535,26-35,97.69,10,3,morning,thu,1,0.8948716703931946,0.9678954845706395,0.37630385811444045,1,1,0
D100536,36-50,268.05,29,1,evening,sun,1,0.46066306083935726,0.29702776670589126,0.7841445606596562,0,0,1
D100537,26-35,92.76,37,0,afternoon,mon,1,0.6423013740006789,0.7731981183595511,0.5946824771317143,1,0,0
D100538,26-35,358.46,37,1,morning,sun,1,0.8266370894343127,0.9367518172830899,0.7834971442280598,1,1,0
D100539,51-65,248.99,49,2,afternoon,tue,0,0.48197251132857083,0.15468195682941313,0.2825458664571069,1,0,0
D100540,65+,862.93,24,4,afternoon,sun,0,0.3647267906860954,0.15921697459792905,0.19889090585213062,0,0,0
D100541,36-50,246.18,18,5,morning,mon,0,0.4793522965805781,0.5184107912322226,0.3407826681926518,1,0,0
D100542,51-65,122.51,79,2,afternoon,wed,0,0.47658837511573504,0.4675179633410576,0.5211470608592391,1,0,0
D100543,65+,195.94,36,0,afternoon,thu,1,0.6742348816941593,0.521184615676812,0.3297392605224644,1,0,0
D100544,18-25,72.98,22,1,afternoon,fri,1,0.39912482402599125,0.6702156867444728,0.32138981524801985,1,1,0
D100545,26-35,352.67,57,2,morning,mon,1,0.7454817303332655,0.7889557572836342,0.7872812846732766,1,1,1
D100546,26-35,416.07,48,1,evening,wed,0,0.8324404318814199,0.6101481854923465,0.5038846796924769,1,0,1
D100547,18-25,2258.09,51,7,morning,sat,0,0.04722915297745498,0.40380031897036184,0.22131174938388304,0,0,0
D100548,51-65,139.82,19,3,evening,tue,0,0.8727976998358151,0.7393820318710684,0.28482321200366456,1,1,0
D100549,26-35,192.29,65,1,afternoon,sun,0,0.3946680887238786,0.19115722234336036,0.6907530440665495,0,1,1
D100550,36-50,145.74,17,2,afternoon,fri,0,0.6042793583761608,0.8253254884676677,0.3614782836114893,0,0,0
D100551,26-35,296.16,75,3,evening,sun,1,0.6713709556785709,0.5193993624984473,0.47324005804528335,1,0,1
D100552,26-35,344.99,38,0,evening,sun,0,0.7198378991979115,0.8123512609886979,0.4914621789376112,0,1,0
D100553,51-65,233.22,36,5,morning,tue,1,0.6340425880922688,0.6387782060192216,0.6888764127163948,0,1,0
D100554,18-25,650.47,34,2,afternoon,sun,1,0.6748430400701488,0.950971697996508,0.7930159600327131,0,1,1
D100555,26-35,140.43,38,1,evening,thu,0,0.34282143788946884,0.6930533508416482,0.541627621291953,1,1,1
D100556,26-35,594.4,59,1,morning,tue,1,0.5356884118296812,0.5846465003147641,0.5586323474830664,1,1,0
D100557,36-50,397.28,44,2,afternoon,sun,1,0.8661351942090081,0.4181831456988736,0.5325841502224135,1,0,1
D100558,36-50,242.06,11,1,afternoon,thu,1,0.9367311514764751,0.4743334957361628,0.710529163710257,1,0,1
D100559,36-50,184.3,50,1,evening,fri,0,0.8620464168642187,0.7383393023390308,0.3885717277879154,1,0,0
D100560,18-25,2173.3,24,1,afternoon,fri,1,0.572044939004225,0.36292224558921427,0.40406748291657113,1,0,0
D100561,26-35,117.3,9,2,night,wed,0,0.4426083403854414,0.8463626617058073,0.3355418709133751,0,1,1
D100562,51-65,319.94,75,3,evening,sun,0,0.12638062430999605,0.23152993171776007,0.36197563233734203,0,0,0
D100563,36-50,124.56,28,5,evening,sat,0,0.5269866111238086,0.10358440260318537,0.2202665278394885,0,0,0
D100564,36-50,1220.55,53,7,afternoon,thu,0,0.45114437606825974,0.6499753941620445,0.274170847160973,1,1,1
D100565,36-50,543.56,15,2,evening,fri,0,0.8439781209825011,0.03113921837351693,0.35904641859120756,1,0,0
D100566,51-65,132.89,30,2,morning,mon,1,0.6538794712037521,0.5874639759347052,0.9408006725845288,1,0,1
D100567,18-25,388.13,34,4,afternoon,sat,0,0.16504708961128797,0.6482510829752465,0.5722357433372943,1,1,1
D100568,26-35,308.56,12,6,afternoon,sun,0,0.24989974873767762,0.09190157584174427,0.3294573832798622,0,0,0
D100569,36-50,153.71,87,2,evening,sun,1,0.5259690804750918,0.592501660292431,0.4120928658905312,1,0,1
D100570,26-35,484.13,28,1,evening,thu,0,0.1796085735204124,0.5045759825910028,0.5412703598066373,0,1,1
D100571,51-65,347.36,52,1,night,sun,0,0.28391691716488066,0.26849920832006346,0.9122841380120171,0,1,1
D100572,36-50,297.12,50,2,afternoon,sat,0,0.5954364939924063,0.7669569376339821,0.6463937579486239,1,1,1
D100573,51-65,235.63,38,2,evening,thu,0,0.655503890705417,0.504643492585992,0.1526240237523153,1,0,0
D100574,51-65,360.66,52,4,evening,sat,0,0.4089213482200315,0.23238687883315146,0.726502458086301,0,1,0
D100575,36-50,300.8,50,2,evening,tue,1,0.6040816109637018,0.5755664160401428,0.7958352348637738,0,1,0
D100576,51-65,258.06,7,2,evening,fri,1,0.7106136528130178,0.9346403471576448,0.961217154155316,1,1,1
D100577,36-50,137.43,60,1,afternoon,fri,0,0.536530169085655,0.6157458468153059,0.37463918164407234,0,1,0
D100578,51-65,1123.71,10,2,evening,thu,0,0.7385555942417267,0.22769814162319899,0.5551116227744166,1,0,1
D100579,26-35,95.07,39,2,evening,fri,1,0.7613556449624167,0.6640433250607282,0.6232898342042894,1,1,1
D100580,36-50,359.56,32,2,evening,sat,0,0.982644918766868,0.1995779131499666,0.25546348921046946,1,0,0
D100581,36-50,183.42,40,1,morning,fri,0,0.6091185342496671,0.42721794138820524,0.24901436517862516,1,1,0
D100582,18-25,1192.24,6,2,morning,wed,0,0.4810100659119536,0.9221578115823571,0.40777843041444045,0,0,0
D100583,26-35,108.51,63,2,afternoon,wed,1,0.6175271127946718,0.6733745823544486,0.1450244486656181,1,1,0
D100584,65+,126.25,37,1,afternoon,thu,1,0.6939824442410362,0.20184879637843353,0.4508648943719154,1,0,0
D100585,36-50,102.22,5,1,afternoon,fri,0,0.9539893592805274,0.7593296788914965,0.7062196929106624,1,1,1
D100586,26-35,327.38,0,3,evening,wed,0,0.858250208906156,0.6275431489819047,0.5288149231747997,0,1,0
D100587,26-35,71.11,48,2,morning,thu,1,0.2621734510458571,0.8434872725194817,0.7980865536584313,0,1,0
D100588,26-35,159.07,59,2,morning,wed,0,0.2871075347249289,0.5327350802219812,0.48643342418257235,0,1,0
D100589,18-25,35.26,49,3,afternoon,sun,0,0.39740487065428093,0.8852369488234324,0.3258122231239833,1,0,1
D100590,65+,303.8,64,1,morning,thu,1,0.5270297263737022,0.2088042322074348,0.9264229973102932,1,0,0
D100591,26-35,155.99,68,2,afternoon,sat,0,0.15744921217163937,0.23045707993382267,0.254893025690249,0,0,0
D100592,26-35,64.12,78,3,evening,wed,0,0.5766286652847458,0.7716382636756515,0.26244097156095547,1,1,0
D100593,36-50,650.05,88,1,night,wed,1,0.10308547187582633,0.0799232983592837,0.5057376494741889,0,0,0
D100594,18-25,75.42,79,1,morning,wed,1,0.6147913240377119,0.694107213400494,0.5519893806696516,0,1,1
D100595,26-35,501.32,71,1,afternoon,thu,0,0.6994796294516652,0.750960954313863,0.3223231260883118,0,0,0
D100596,36-50,130.2,38,4,evening,fri,0,0.836867768147388,0.08315644667411183,0.1305132968147572,1,0,0
D100597,36-50,1034.23,45,2,afternoon,thu,0,0.4613482259530995,0.43380224557730923,0.3259658665833862,1,1,1
D100598,65+,480.39,55,4,evening,sat,0,0.7901931785003468,0.049853883348313484,0.6111476321220347,1,0,0
D100599,36-50,98.77,15,1,evening,thu,0,0.8435961316106717,0.19193884690818874,0.5146769954785524,0,0,1
D100600,36-50,107.19,60,2,evening,sat,0,0.8069533944041474,0.18984798778575593,0.3166136718119164,1,0,0
D100601,51-65,421.99,52,3,morning,mon,0,0.3352783980689333,0.32055822043488874,0.6506580849093757,0,0,1
D100602,51-65,193.23,46,2,night,wed,0,0.8367678759148099,0.22950937301867086,0.17668343752829335,1,0,0
D100603,36-50,210.1,75,2,night,fri,0,0.44164751263778584,0.6774384260949498,0.543602674546327,0,1,0
D100604,65+,768.94,61,1,morning,wed,0,0.8240481465346395,0.28256771750731885,0.9231158031352892,0,0,1
D100605,51-65,124.73,83,3,afternoon,sat,1,0.8728143564487968,0.26531458818566983,0.46057708136326564,1,0,0
D100606,51-65,265.65,87,1,afternoon,fri,1,0.7451503802579784,0.1698342956018806,0.6432882713623314,1,0,0
D100607,18-25,577.76,74,0,afternoon,thu,0,0.5317433702442131,0.6676512779808453,0.24260892514723034,0,1,1
D100608,51-65,506.85,26,3,night,thu,1,0.5134982291614285,0.9094953499642088,0.6097852731492852,0,1,1
D100609,26-35,211.95,17,3,morning,sun,0,0.3291817839672078,0.43323636021814715,0.1707227347606613,0,1,0
D100610,36-50,188.67,26,4,afternoon,fri,1,0.857516163515017,0.4872070470687122,0.9219779414228829,1,1,1
D100611,36-50,51.17,64,2,morning,sun,0,0.7125540278581293,0.178887455514421,0.5418152009148979,0,0,1
D100612,65+,94.57,77,2,evening,mon,1,0.27239669751736967,0.7078816800529978,0.5805677522061129,0,1,0
D100613,65+,325.88,79,1,evening,sat,1,0.5923493721360267,0.5784279255351665,0.5421840583979469,0,1,1
D100614,26-35,216.14,61,4,evening,sun,0,0.6871182656171299,0.3697845926693852,0.3533946681158455,1,0,1
D100615,51-65,261.76,61,3,evening,sun,1,0.9036250852506176,0.28419268969386746,0.13774676675365435,1,0,0
D100616,51-65,623.49,85,4,morning,thu,1,0.6906498936315274,0.15919100505639097,0.8198501657332748,1,1,1
D100617,26-35,84.05,61,0,evening,thu,1,0.39097236478590625,0.7010598516001247,0.36076526294906863,1,1,0
D100618,18-25,197.84,12,2,afternoon,fri,0,0.30407319618569445,0.9063889229301413,0.45617621863715974,0,1,1
D100619,18-25,289.99,45,2,afternoon,sun,0,0.3333950862882517,0.6272513664366482,0.4321792013727456,0,1,0
D100620,51-65,129.83,32,2,evening,sun,1,0.9362671590351486,0.8386703039374993,0.8567344261644084,1,1,1
D100621,36-50,887.43,57,2,night,sun,0,0.17454984887605246,0.16233590944666093,0.5407732501969226,0,0,1
D100622,65+,554.31,57,2,evening,sun,0,0.7334615425632476,0.023994844366657306,0.7933317356365475,0,0,0
D100623,36-50,317.7,26,3,evening,fri,0,0.5193893954211597,0.9537186490053607,0.7092201528348162,0,1,1
D100624,65+,1230.05,26,1,afternoon,tue,0,0.6076716258163388,0.35916900451436135,0.5403512444820935,1,1,0
D100625,26-35,63.5,7,3,morning,tue,1,0.531779195590764,0.9087095150589938,0.9235593350119429,0,0,1
D100626,51-65,243.0,26,2,afternoon,sun,1,0.689187020147501,0.34287404721096587,0.7540220105333596,1,0,0
D100627,18-25,340.26,74,1,evening,tue,1,0.29019347404760115,0.3771225302241426,0.4054282659845912,0,1,1
D100628,36-50,107.44,58,2,evening,mon,1,0.9456411733435965,0.6602925995647749,0.3334416052946946,1,1,1
D100629,51-65,320.74,84,4,evening,thu,1,0.4276132361208028,0.0692640292000923,0.5466084672631611,0,0,0
D100630,65+,90.38,83,1,afternoon,sat,1,0.2359884850174318,0.27718858829834786,0.8214634960329507,0,0,1
D100631,51-65,455.55,77,2,afternoon,sat,0,0.12473162575633548,0.5377707811078163,0.5224697367244565,0,0,0
D100632,18-25,634.0,16,4,morning,tue,1,0.49062070352675174,0.8394707215307649,0.8492718428250626,0,1,0
D100633,26-35,312.65,30,5,evening,thu,1,0.5397918576597179,0.7680651255927347,0.36845324815646596,0,1,0
D100634,18-25,46.18,5,1,night,sun,1,0.7260152618766452,0.9669260566501666,0.691198290810156,0,1,1
D100635,18-25,102.5,8,0,afternoon,sat,1,0.6700593571478797,0.8911870968889216,0.22503014103536786,0,1,0
D100636,36-50,406.77,20,2,evening,sun,0,0.8710179275186227,0.11305154590955868,0.900845370353048,1,0,1
D100637,36-50,249.41,25,1,evening,sat,0,0.6040846557067273,0.4974435048508284,0.18915596267152096,0,1,1
D100638,51-65,21.66,1,4,morning,mon,1,0.9206080511182904,0.9398600534711192,0.9571738715509077,1,1,1
D100639,51-65,748.86,75,2,morning,tue,1,0.31261534833214577,0.32885946019041895,0.570033210261482,0,0,1
D100640,51-65,276.72,47,1,morning,tue,0,0.2514449038188641,0.8615717885099663,0.09352438604590158,1,1,0
D100641,51-65,117.08,59,1,night,mon,0,0.2948894386650534,0.6634816413706752,0.8483651834317774,1,1,1
D100642,18-25,599.12,58,1,morning,sun,0,0.12912645690982316,0.44902367613206684,0.3222768596718303,0,1,0
D100643,26-35,132.98,87,0,afternoon,fri,0,0.2632131218232746,0.2952031881469502,0.2484318574144281,1,0,0
D100644,36-50,131.68,13,3,afternoon,sun,0,0.7596690535245313,0.6209117779964557,0.6414107101874218,1,1,1
D100645,51-65,337.82,30,3,evening,wed,0,0.5785663104865589,0.7688090154314566,0.7070860951468425,0,1,1
D100646,18-25,1215.53,27,4,afternoon,sun,0,0.26150965384852665,0.15383429563386897,0.3731188216589492,0,0,0
D100647,36-50,1054.93,49,2,night,sun,0,0.40811491004351486,0.33047659302750865,0.7026526354962048,1,0,1
D100648,36-50,338.23,47,4,afternoon,mon,1,0.2606760943860929,0.12276820124186619,0.6082266749440043,1,1,0
D100649,18-25,370.98,71,1,night,sun,0,0.3728021878993147,0.4177433114963172,0.4854001497714688,0,0,0
D100650,26-35,498.87,50,1,evening,mon,1,0.38204121760002485,0.30473148280824786,0.3378664328444841,1,0,1
D100651,51-65,78.94,21,1,afternoon,thu,0,0.6095526163010243,0.6944696101073096,0.7624952491418421,0,1,0
D100652,36-50,436.91,50,1,evening,tue,0,0.20041023847817382,0.3246677639060063,0.29881653459732394,0,0,0
D100653,26-35,126.39,86,1,evening,fri,0,0.7384114747705665,0.8230559997214547,0.1320463414763945,0,1,0
D100654,51-65,325.91,52,2,morning,mon,0,0.17978535596203243,0.269410142311625,0.4738889453620469,0,1,1
D100655,26-35,199.39,53,6,evening,sat,0,0.15933926304491935,0.30232435729603674,0.2675878108068018,0,0,1
D100656,51-65,384.17,15,1,evening,thu,0,0.4346308158683086,0.16469237986931756,0.7830440589494847,0,0,1
D100657,26-35,272.13,0,2,evening,sun,0,0.6205304544545174,0.7790621320982745,0.1208825792380699,1,0,0
D100658,36-50,20.0,18,3,evening,thu,1,0.805015527477432,0.8081143523882633,0.8287343383197693,1,1,1
D100659,26-35,287.44,2,3,evening,thu,0,0.8336198307826999,0.8790777066709301,0.24685783676215278,1,1,0
D100660,26-35,436.13,40,4,afternoon,sat,0,0.40862882572895165,0.6862156345254821,0.034014473843141525,0,1,0
D100661,51-65,365.53,79,1,afternoon,sun,1,0.8310825667828496,0.5221644158665176,0.3109829744466183,0,1,1
D100662,26-35,223.11,40,5,afternoon,wed,0,0.6133071831766969,0.7253671181784234,0.2779527195420596,1,0,1
D100663,18-25,1072.71,58,0,evening,thu,0,0.17833909120115465,0.7668050955636542,0.3900089647544587,0,1,0
D100664,26-35,323.84,77,5,afternoon,wed,0,0.24421736517449,0.6985591348404548,0.2831115933882753,0,1,0
D100665,36-50,362.82,68,2,morning,mon,1,0.9181374423851549,0.18466602858440745,0.23534869212085688,1,0,0
D100666,51-65,626.43,58,5,evening,sun,0,0.7167566880543291,0.16587746043828488,0.2789314660674909,1,1,0
D100667,65+,339.11,70,1,morning,thu,1,0.8169861718774618,0.09958305133473677,0.4430787222586469,1,0,0
D100668,26-35,109.05,25,1,morning,wed,0,0.8540916659778944,0.7820089955407011,0.4740947804283605,0,1,1
D100669,26-35,27.26,37,0,evening,sat,0,0.7799496942157461,0.9253047218292008,0.3773522068064838,1,1,1
D100670,18-25,159.27,35,0,evening,sat,1,0.7556631038450582,0.9143884902474191,0.634026092253775,0,1,0
D100671,36-50,485.34,71,2,evening,sun,1,0.6518758981921697,0.3193961064486227,0.1351263750122951,1,1,0
D100672,65+,178.08,36,2,afternoon,thu,1,0.9472439956571449,0.6314650642257668,0.6507116953107336,1,1,0
D100673,36-50,503.24,84,2,evening,mon,1,0.5428627021777814,0.5955826036908558,0.9062276641826489,0,0,1
D100674,36-50,279.74,16,1,night,thu,0,0.66174223522908,0.6280244556734523,0.6603139942026809,0,1,1
D100675,26-35,779.97,15,1,afternoon,thu,1,0.2613703277243756,0.4493349701502793,0.4136083656462855,0,0,1
D100676,65+,187.6,64,0,morning,tue,0,0.23777452322168,0.6840405879678024,0.39901347923258884,0,1,0
D100677,36-50,372.73,68,2,morning,fri,0,0.9041231814833361,0.16722238451146523,0.7043817426238013,1,0,1
D100678,18-25,385.79,61,1,evening,wed,0,0.648937569731308,0.5549469331925039,0.7052631005252693,1,1,1
D100679,26-35,945.24,27,4,afternoon,sun,0,0.31048740251549234,0.7346357475515911,0.12210344404687717,1,1,0
D100680,18-25,52.67,0,1,afternoon,mon,1,0.7840396539420361,0.8242984630133191,0.24077504367283084,0,1,0
D100681,26-35,161.97,28,4,afternoon,sat,1,0.2890026906851906,0.715081017864926,0.5706100535553018,0,1,0
D100682,18-25,525.14,41,4,night,fri,1,0.24769902555186843,0.7096179651833308,0.5284807025197914,0,0,1
D100683,36-50,983.69,37,2,afternoon,tue,0,0.18534564193786723,0.46293816678030236,0.5351249723126825,0,1,0
D100684,36-50,303.71,82,3,afternoon,wed,0,0.45373096830373555,0.4061884698578455,0.8316612845017076,0,1,1
D100685,26-35,188.02,77,1,night,sun,0,0.5248918095845128,0.5242272710368353,0.16517933543149965,1,0,0
D100686,26-35,483.67,69,1,morning,wed,0,0.6164824142227738,0.5761018965036032,0.3534202174389216,1,1,0
D100687,65+,534.77,1,3,evening,fri,0,0.9059665334207612,0.2068648440963824,0.8185838074412323,1,0,1
D100688,51-65,177.03,11,3,morning,thu,0,0.7408828275188346,0.15914254303688344,0.7434010160490307,1,0,1
D100689,36-50,329.4,39,2,afternoon,sun,1,0.14006253952616474,0.805715274089562,0.3890397875307472,1,0,1
D100690,26-35,708.02,55,3,morning,fri,0,0.858014256620817,0.7729471552176315,0.20028925233610181,1,0,0
D100691,51-65,1341.32,61,3,afternoon,sat,1,0.21108324823359745,0.3895939036288374,0.44829767866368525,0,0,0
D100692,26-35,477.4,26,1,morning,sun,0,0.5795754406662103,0.6970610424043174,0.8009099435418001,1,1,1
D100693,26-35,254.61,9,2,evening,mon,0,0.7159114471155538,0.49463899391690913,0.18361085955967413,1,1,1
D100694,51-65,233.07,29,1,afternoon,sat,1,0.8001306883315543,0.08342776343588078,0.5985498416970467,0,0,1
D100695,36-50,404.1,71,2,afternoon,sun,0,0.5236495347550624,0.29884418588595574,0.6162384061681182,1,0,0
D100696,51-65,220.5,88,3,evening,mon,0,0.5560006645807772,0.05256173304423127,0.2243204814584791,0,0,1
D100697,36-50,290.23,84,1,night,thu,1,0.23031626616384432,0.5459718712020738,0.6178923308316611,0,1,1
D100698,36-50,94.43,53,3,afternoon,tue,0,0.9689493639664889,0.796268475485362,0.08644441116253737,1,0,0
D100699,26-35,786.31,8,1,morning,sun,0,0.683171466938051,0.46253127724669896,0.4313745396084758,1,1,1
D100700,26-35,87.69,87,3,morning,wed,0,0.48312074639458846,0.35362761275305427,0.34768938452563475,1,0,1
D100701,26-35,165.85,13,2,evening,tue,1,0.9669347144047201,0.5929399301247631,0.5672180798310135,1,0,0
D100702,26-35,267.16,24,4,evening,mon,0,0.3128683505626587,0.6584420947085667,0.18265562055396864,0,1,0
D100703,51-65,1468.34,87,2,afternoon,sat,1,0.5835861547253499,0.24648336844951713,0.6108528916681981,1,0,0
D100704,26-35,167.27,45,2,morning,mon,1,0.5576352674114972,0.4833688163176874,0.4862005402060608,1,0,0
D100705,36-50,134.37,17,1,afternoon,wed,0,0.8339043237242219,0.8213342172454977,0.7949683979005024,0,0,0
D100706,51-65,149.05,45,4,evening,thu,0,0.7229159159483427,0.9306486224730067,0.691550093566927,1,1,1
D100707,51-65,1088.99,7,3,afternoon,mon,1,0.12107812371716485,0.8147734995225094,0.26342477625185245,1,1,0
D100708,26-35,20.0,28,1,morning,tue,0,0.3075365894056409,0.6898252140701364,0.2151767938714851,0,0,0
D100709,36-50,99.24,85,1,afternoon,sun,1,0.9272682439883523,0.46835442876753347,0.3767068868354315,1,1,0
D100710,65+,2858.81,26,0,evening,thu,1,0.25347658356381014,0.17609621243000367,0.7006299015470293,0,0,0
D100711,36-50,416.46,80,4,night,wed,1,0.8788109305667201,0.28486645392944865,0.47395216466060947,1,0,0
D100712,51-65,90.43,48,3,morning,sun,0,0.8371658436296479,0.613438479783786,0.4927924175144041,1,0,1
D100713,51-65,235.63,59,1,night,mon,0,0.4232714992110678,0.6449738659503602,0.9646085233098077,1,1,1
D100714,51-65,260.01,63,3,afternoon,tue,1,0.6032078840017723,0.205314993115012,0.497223728557176,0,0,1
D100715,26-35,524.01,49,1,evening,sun,0,0.8694658294368459,0.6564536383380534,0.7168288118140793,1,1,1
D100716,36-50,1281.2,3,0,evening,sat,0,0.9324086900937552,0.7731182798127927,0.39214801821372164,1,1,0
D100717,18-25,347.13,82,1,evening,thu,0,0.36648691720048643,0.5041585440617435,0.03623652188061198,0,0,0
D100718,36-50,150.53,42,1,morning,sun,0,0.9055131410985671,0.42899099417686526,0.5117391303317349,1,0,0
D100719,65+,496.89,58,4,afternoon,fri,1,0.8028906457091008,0.5352251854706971,0.901367318183318,1,1,1
D100720,36-50,130.53,49,3,evening,sat,1,0.9068049414890588,0.7376286121362318,0.7160506897014496,1,1,0
D100721,26-35,96.54,59,7,evening,sun,0,0.4171657366048689,0.5527978496275125,0.3886679897597763,0,1,0
D100722,18-25,50.2,31,1,afternoon,thu,0,0.4180185809680246,0.7992286279605646,0.35872884074950245,1,1,0
D100723,65+,59.82,75,2,evening,thu,0,0.30724356844736084,0.38932273095440995,0.5087406620592305,0,0,1
D100724,18-25,109.2,20,2,afternoon,fri,0,0.24902580531211227,0.6887466523832816,0.5922797802735851,0,0,0
D100725,18-25,84.77,58,1,afternoon,mon,1,0.9383692254081907,0.511387483340809,0.3326242481382833,1,1,1
D100726,26-35,324.38,52,4,evening,thu,1,0.6428628994825333,0.27810502351717264,0.29565522674356,0,1,0
D100727,18-25,83.14,45,1,afternoon,fri,0,0.26649191819476875,0.8292321642501066,0.44599205612024195,0,1,1
D100728,36-50,20.0,1,3,afternoon,wed,1,0.9403882481443647,0.765067936455852,0.5296297654773012,1,1,1
D100729,36-50,95.63,35,0,afternoon,fri,0,0.6542730691858458,0.7179885460302575,0.7873151362627114,0,1,0
D100730,26-35,160.02,4,4,night,wed,0,0.311929911948071,0.43847809433194046,0.5371766954701951,0,0,0
D100731,18-25,141.9,45,1,morning,tue,1,0.9464205451816391,0.814470336175693,0.2633479737347755,1,0,0
D100732,18-25,960.61,61,1,morning,tue,0,0.09819388655124583,0.5916598595977497,0.10042284496005796,0,1,0
D100733,26-35,140.87,47,3,afternoon,thu,0,0.6390651584807322,0.8678011146042917,0.2336793775006824,1,1,0
D100734,18-25,540.68,68,5,morning,tue,1,0.24151617484152035,0.8094954947791473,0.8890400965950072,0,1,1
D100735,36-50,240.55,32,2,morning,wed,0,0.46969929703006985,0.34391647807543935,0.3913418382236897,0,0,1
D100736,26-35,235.55,27,2,morning,thu,0,0.2397691730676268,0.7829444779848758,0.5924519132792,1,1,0
D100737,26-35,115.37,40,0,morning,mon,1,0.7799766935535046,0.6259419387052917,0.20582420950154728,1,1,0
D100738,26-35,232.08,20,3,evening,wed,0,0.4090429241420379,0.10871196394524955,0.15749762426263,1,0,0
D100739,26-35,122.91,72,1,morning,wed,0,0.7119969265938313,0.9058777380970886,0.31456879006764754,1,1,0
D100740,18-25,285.15,72,2,afternoon,wed,0,0.4089867327620125,0.501185192118228,0.7343767996253022,0,1,1
D100741,18-25,197.82,37,0,evening,sun,1,0.590147388896795,0.9230229874263581,0.17329342493965055,1,1,0
D100742,51-65,104.57,71,5,morning,sun,0,0.22148734453730248,0.14309063088701082,0.3342917220239553,0,0,0
D100743,18-25,597.47,2,2,morning,wed,1,0.8870518888470624,0.6571604376777058,0.6983513646801601,1,0,0
D100744,36-50,359.3,13,3,night,sun,0,0.6595353327666211,0.31270578898337875,0.8371396435018608,1,0,0
D100745,36-50,163.49,25,2,evening,tue,1,0.6872572206682248,0.7547015288836129,0.6955799776387528,1,1,1
D100746,26-35,278.93,34,0,evening,wed,1,0.4558533261572173,0.8291283040377284,0.6883766918903718,1,1,1
D100747,26-35,226.91,20,2,afternoon,sun,1,0.23215760387341858,0.8375255873191507,0.2833873553023259,0,1,0
D100748,51-65,112.07,46,3,night,mon,1,0.8386127470030705,0.3680104082512275,0.323862608100694,1,0,0
D100749,51-65,260.72,71,1,morning,wed,0,0.7936166905749817,0.3904645452197192,0.23836095305751592,1,0,1
D100750,26-35,139.92,41,1,morning,sat,0,0.8081277616952001,0.3860074213347579,0.1950100916688382,1,1,0
D100751,26-35,104.54,40,3,evening,sun,0,0.5320434276063373,0.8775054033980331,0.4297406163762177,1,1,1
D100752,26-35,56.8,5,4,morning,sun,0,0.7667274715368744,0.30423398343654334,0.14927022857351513,0,1,0
D100753,36-50,177.2,25,1,evening,sun,0,0.8847181664330713,0.3284350761584151,0.5375569196381931,0,1,1
D100754,36-50,407.59,72,4,morning,sun,1,0.521684503387603,0.31271242189364046,0.42869184675835387,0,0,1
D100755,26-35,130.95,72,0,afternoon,thu,0,0.5216426197315338,0.957682357615834,0.23702047039330984,1,1,1
D100756,26-35,2365.25,9,1,evening,wed,1,0.19364178068402704,0.8023659820116222,0.6404612749979431,1,1,1
D100757,65+,543.0,1,3,afternoon,wed,1,0.7988422743133261,0.30325738614160863,0.5415371145747432,1,0,1
D100758,18-25,791.47,74,1,evening,mon,0,0.5202764180842986,0.7652749736654764,0.6496165965461417,1,1,1
D100759,36-50,500.56,15,0,morning,mon,0,0.6139351660742041,0.7317192547867265,0.6903561366318947,0,1,1
D100760,36-50,1296.7,51,1,afternoon,sun,0,0.32918064319311097,0.4053234550248086,0.17136706219767503,1,1,0
D100761,26-35,120.51,74,1,evening,tue,0,0.5494560671145164,0.7630306391496422,0.6734476715338914,0,1,1
D100762,18-25,24.42,70,2,morning,fri,0,0.6671058381303809,0.6458625003677058,0.12002193344622039,0,1,0
D100763,18-25,163.77,49,4,evening,tue,0,0.15835910269961775,0.6811110613822764,0.6477696721617475,0,1,1
D100764,65+,404.4,33,2,afternoon,fri,1,0.41079021294899903,0.14168316714868437,0.8223252873024258,0,1,0
D100765,18-25,280.44,69,4,afternoon,thu,0,0.1488367302278502,0.8631887701434521,0.0662917866076923,0,0,0
D100766,26-35,313.54,62,0,afternoon,mon,0,0.563984595644007,0.5062903110928116,0.12116981621378152,0,1,0
D100767,18-25,803.37,75,2,evening,wed,0,0.41587477826915714,0.23139581786955082,0.19041322283062678,0,0,0
D100768,18-25,345.11,46,4,afternoon,sat,0,0.1406081784918497,0.42126785768660663,0.5296619780240105,0,1,1
D100769,36-50,502.21,84,2,morning,sat,0,0.6756343735059646,0.21136783585274116,0.34733702634607777,1,1,0
D100770,26-35,105.05,69,1,night,wed,1,0.8649951252048682,0.46568826163534927,0.4462270262514105,1,0,1
D100771,36-50,91.3,5,3,morning,wed,1,0.8712382784084378,0.8589316003703279,0.6154473254880969,1,1,0
D100772,36-50,1045.97,26,3,evening,sat,0,0.7554355396413074,0.6517903585437641,0.06906172424377831,1,1,0
D100773,51-65,267.95,71,3,morning,wed,1,0.39370382720314057,0.08724548531556363,0.8080181176278918,1,0,1
D100774,18-25,139.64,10,2,afternoon,mon,1,0.48004101106734764,0.7564815746099969,0.8009147763007526,1,1,1
D100775,51-65,139.87,63,3,afternoon,mon,0,0.7163909719375392,0.2697561567094375,0.7212388270040486,1,0,1
D100776,36-50,136.43,30,1,morning,wed,1,0.8026001449076079,0.6574564670534958,0.4800164505534713,0,0,1
D100777,26-35,129.27,18,3,evening,tue,1,0.554168103929694,0.9615895836499974,0.28364553267943216,1,1,0
D100778,51-65,77.1,48,4,afternoon,mon,0,0.8799766675811995,0.21411981032029753,0.2557169073778046,1,0,0
D100779,51-65,63.41,83,5,afternoon,sat,0,0.5118245039857384,0.6384286875590354,0.2161088871725699,0,1,0
D100780,26-35,205.3,80,5,evening,thu,1,0.7405591159001036,0.5583448775348564,0.9016715417864029,1,1,1
D100781,65+,143.5,36,2,evening,fri,0,0.4767471567686643,0.7787304072396576,0.6505051393010035,0,1,1
D100782,36-50,662.78,0,4,afternoon,mon,0,0.9115659026143588,0.4547729567604063,0.6809380166052907,1,0,1
D100783,36-50,318.55,79,1,afternoon,wed,1,0.6790619945499855,0.4376499248277893,0.7462355825970065,0,0,1
D100784,65+,310.69,80,2,morning,thu,1,0.8185015407192335,0.344792905451984,0.7641879470281197,0,0,0
D100785,26-35,125.36,54,3,night,fri,1,0.37002503064604636,0.8936341826062545,0.26124025688291874,1,1,1
D100786,51-65,219.44,56,5,evening,sun,0,0.5323426426957452,0.3291707453457513,0.641959463993848,0,0,0
D100787,26-35,338.63,47,1,evening,thu,0,0.7546621880367276,0.6980325564927748,0.1494175009630702,1,1,0
D100788,51-65,466.18,1,4,afternoon,thu,1,0.962233696515674,0.7586372933543456,0.7972967018087822,1,1,0
D100789,36-50,224.86,14,0,afternoon,sun,1,0.7353159543590204,0.4735047635827693,0.33363565634434167,1,0,1
D100790,26-35,646.27,12,1,morning,wed,1,0.7513144954721449,0.8416014018663034,0.3895723757127156,1,1,0
D100791,26-35,246.46,82,4,morning,wed,0,0.575953281762774,0.31023070844702566,0.2277328444641129,0,0,1
D100792,26-35,499.48,4,1,afternoon,tue,1,0.4080703588564214,0.9573650329836613,0.8356000475414457,0,1,1
D100793,18-25,157.45,50,2,afternoon,sat,0,0.06667086710398268,0.7195846990588315,0.031783538004084316,1,1,0
D100794,18-25,47.88,32,1,morning,mon,0,0.31125372603988183,0.8609828147109132,0.876924007595401,0,1,1
D100795,26-35,311.54,0,1,afternoon,tue,1,0.9203136302522704,0.3514321543988174,0.3233427070509662,1,0,0
D100796,18-25,470.03,82,1,afternoon,wed,0,0.8102003875020053,0.748273145460039,0.2611484599251271,0,0,0
D100797,26-35,410.68,1,2,afternoon,thu,1,0.5350865579264931,0.7817418717864679,0.6321650647314805,1,1,1
D100798,36-50,357.8,77,3,evening,mon,0,0.25022630494577575,0.11648910473406486,0.4815302870532392,0,0,0
D100799,36-50,178.8,69,4,evening,thu,1,0.9259004385632564,0.5593609129710517,0.7378192432360355,1,0,0
D100800,51-65,118.38,71,1,morning,sun,0,0.4003618384496629,0.08781036913033091,0.6909936067833907,0,0,1
D100801,26-35,402.04,14,3,evening,mon,0,0.5242399858036371,0.806683413273263,0.850269619823288,0,1,0
D100802,51-65,359.17,79,2,afternoon,thu,1,0.9053886929242048,0.7986930944822198,0.7867912527964118,1,1,0
D100803,36-50,147.7,53,1,afternoon,fri,1,0.9393123752915762,0.20297396986175684,0.5389223363288005,1,0,1
D100804,18-25,664.13,36,0,evening,wed,1,0.8317844098179862,0.7928648244158218,0.2972093927890104,1,1,0
D100805,18-25,110.54,61,2,morning,fri,0,0.11454724910449823,0.6027763684900151,0.1983850762151893,0,0,1
D100806,36-50,144.72,30,2,evening,wed,1,0.5301279040778857,0.199270536650142,0.8523555427298964,1,0,0
D100807,26-35,1067.19,25,1,afternoon,tue,0,0.7742550570599883,0.8151587242499948,0.7857018908882059,0,1,1
D100808,36-50,534.71,25,2,morning,sat,0,0.650287016044754,0.6326350888392275,0.7066910791312924,0,0,1
D100809,65+,177.29,51,1,afternoon,sun,0,0.3551813714377789,0.8004440361656765,0.05757825905084719,0,1,0
D100810,18-25,316.92,54,3,afternoon,wed,0,0.33555354834610196,0.7416355637587788,0.035633208740193045,1,0,0
D100811,18-25,281.27,21,5,morning,mon,0,0.7105980957572462,0.4276900680368511,0.31948999436370457,0,1,0
D100812,65+,20.68,22,4,afternoon,tue,0,0.9004123531273344,0.5215803980841364,0.6345163170570428,1,1,1
D100813,36-50,108.22,85,2,afternoon,sun,0,0.5382535156794095,0.69366835958162,0.4160391344363206,0,0,0
D100814,18-25,233.75,46,1,afternoon,sun,1,0.4021058587321431,0.640822957959388,0.7627589700467029,1,1,1
D100815,51-65,177.51,77,2,morning,thu,0,0.4810984338234131,0.5792776020606183,0.7997729556870641,0,0,1
D100816,51-65,305.64,29,1,afternoon,sun,1,0.926741759447368,0.08786901580148676,0.7172601760906416,1,0,0
D100817,36-50,676.23,25,2,afternoon,tue,1,0.9209969642545911,0.8992529490997457,0.19064075699438188,0,1,1
D100818,36-50,183.21,25,1,afternoon,wed,0,0.7801493741225913,0.78353686598988,0.1871680576291697,1,0,1
D100819,26-35,94.45,47,1,evening,mon,1,0.6537476574485599,0.17190394986547033,0.5212854086641805,1,0,1
D100820,18-25,327.79,70,0,night,thu,0,0.6161185835812327,0.6994257686594094,0.4336293399004728,0,1,1
D100821,36-50,182.37,45,1,morning,fri,0,0.9274039968682991,0.11523260231289097,0.17920240200356474,1,0,0
D100822,26-35,212.63,26,1,afternoon,sun,1,0.34736870340389886,0.6125345575439148,0.6898022563934765,0,1,1
D100823,36-50,188.18,86,4,evening,sat,0,0.4160135971816618,0.4827874268198423,0.08407095251353519,1,0,0
D100824,51-65,1840.25,51,4,evening,fri,0,0.5660537754737881,0.19504756704014597,0.037031725102545036,0,0,0
D100825,18-25,32.57,35,4,night,fri,1,0.47950900740706637,0.9207699046535461,0.24688839750525493,0,1,0
D100826,36-50,172.52,0,2,evening,fri,1,0.7739643443496198,0.7682833518040447,0.875341074208408,1,0,1
D100827,26-35,243.88,50,0,evening,wed,0,0.7106560974269595,0.6632668374124884,0.7633081681561367,0,1,1
D100828,51-65,121.14,55,3,morning,thu,0,0.6815281850117227,0.683705754849951,0.16424934519710818,1,1,0
D100829,26-35,549.96,83,2,afternoon,tue,1,0.2715543371552208,0.5226452580499408,0.12662487116172344,1,1,1
D100830,36-50,508.74,20,2,evening,mon,1,0.8006639292713268,0.6698735239178477,0.7534945647363335,0,1,0
D100831,36-50,234.4,14,1,afternoon,sat,1,0.8542779736986525,0.7057168034200944,0.4821286216024017,1,1,0
D100832,26-35,191.79,89,3,evening,thu,1,0.4819227620725883,0.6043338515794665,0.7795767715823168,1,1,1
D100833,36-50,221.24,49,3,night,sun,0,0.225784787661027,0.677850318538609,0.6457057511304437,0,0,1
D100834,36-50,222.67,2,0,morning,mon,0,0.6638394276716111,0.4967396023698857,0.7336580789034474,1,0,1
D100835,36-50,228.03,9,2,afternoon,wed,1,0.6146485339476849,0.5137120357646014,0.3767527532522085,0,0,0
D100836,51-65,206.6,42,2,evening,tue,1,0.8978110792873714,0.30194424885072113,0.7609405100815511,1,0,1
D100837,65+,307.11,55,0,evening,sat,0,0.3232607418820273,0.04011326638255873,0.9468433644717239,0,0,1
D100838,26-35,481.97,21,1,evening,wed,1,0.793246268148473,0.9511351636977169,0.5430636748151632,0,1,1
D100839,36-50,80.86,32,1,evening,fri,0,0.6816678782558498,0.3576820202151318,0.45567316834900823,0,0,0
D100840,18-25,95.05,66,2,night,mon,0,0.17888268397348425,0.5302408927638893,0.23159878703078776,0,1,0
D100841,51-65,50.72,87,4,afternoon,thu,1,0.8891895082551758,0.7979571816545034,0.21701132932637365,1,1,0
D100842,36-50,533.66,44,4,morning,thu,0,0.48255495761845224,0.3851608644970321,0.17180916251748382,0,0,0
D100843,26-35,306.52,37,1,morning,fri,0,0.42474862845899986,0.7762666255910589,0.1879592407339762,0,1,1
D100844,18-25,385.58,32,0,afternoon,fri,0,0.35542944746283006,0.36914216599899485,0.07813611665487366,0,0,0
D100845,51-65,67.59,12,2,evening,mon,0,0.8199225851599069,0.855701369665343,0.20108087452425338,0,1,1
D100846,26-35,1219.81,4,0,afternoon,mon,1,0.833818914840224,0.7518319167406752,0.060194892491215395,1,1,0
D100847,36-50,141.46,75,4,evening,mon,0,0.8467547079890494,0.1770099579454174,0.21960612359085338,1,0,0
D100848,18-25,284.69,3,1,afternoon,tue,0,0.5725996461758589,0.5469145092515052,0.546334275316838,1,1,1
D100849,65+,527.92,73,4,evening,sat,1,0.4258036489884666,0.6957680197919428,0.6360439793136138,0,1,1
D100850,26-35,100.66,22,2,morning,tue,1,0.7795539176670182,0.6695514848399055,0.43752306849303285,0,1,1
D100851,26-35,149.65,62,1,afternoon,sun,1,0.702935181774216,0.41369630457412643,0.6886133587886183,1,0,1
D100852,51-65,287.51,85,3,morning,mon,1,0.39533642476360853,0.3016955057924432,0.9113365412080562,1,0,1
D100853,65+,3202.62,67,1,afternoon,thu,1,0.47202024388651,0.1550085004880048,0.9472883095380291,1,0,1
D100854,26-35,320.86,65,1,afternoon,sat,1,0.6288753597154142,0.6892853840859772,0.5139978164278782,1,1,1
D100855,36-50,1038.7,23,4,evening,mon,0,0.6531702051005202,0.5578499500229224,0.32376026502951893,1,1,0
D100856,51-65,724.23,53,1,afternoon,thu,0,0.6662081151643411,0.4450853795528333,0.39901165061867105,0,1,0
D100857,51-65,340.77,57,2,night,mon,0,0.5433914067544111,0.5197757059280688,0.6910262174441414,1,1,0
D100858,26-35,100.46,38,1,night,sat,1,0.3088430056437731,0.6345962503581374,0.4867685738167339,0,1,0
D100859,36-50,635.1,3,2,afternoon,thu,1,0.7753098369726314,0.9576434145133417,0.5390725783426684,0,1,0
D100860,51-65,63.54,82,4,morning,sun,1,0.9410197195761593,0.24855504998462077,0.6010538323294079,1,0,1
D100861,51-65,1033.58,17,1,morning,fri,1,0.920633230039772,0.8508853181997498,0.3967391195216554,1,1,1
D100862,51-65,292.95,87,3,morning,wed,1,0.6395171388008256,0.25972819932498353,0.10888410567097362,1,0,0
D100863,36-50,22.53,83,3,afternoon,tue,0,0.4914016758334529,0.12439240590321647,0.24939898792149773,1,0,1
D100864,18-25,180.11,1,3,evening,tue,0,0.11710249350543847,0.349764878962549,0.7316487489970341,0,1,1
D100865,51-65,440.78,66,0,night,mon,0,0.3267377704314644,0.4375566123416622,0.8473246675121586,1,0,0
D100866,51-65,197.69,57,4,afternoon,wed,0,0.5373267498211236,0.6705804321157542,0.7487121074656659,0,1,1
D100867,51-65,465.68,20,1,evening,sat,1,0.6815818800859316,0.2768314851219534,0.5451017662804445,0,0,1
D100868,18-25,113.86,73,3,evening,wed,0,0.38097313295077245,0.36683272459557,0.1506919649125189,1,0,0
D100869,26-35,75.54,10,2,afternoon,tue,0,0.8234484773817073,0.8108707585270363,0.8055033812023255,1,1,1
D100870,51-65,229.45,22,0,evening,mon,1,0.6398307692592277,0.6780327628759703,0.4050670215778489,1,1,1
D100871,18-25,251.74,85,3,night,thu,0,0.29001953367929756,0.3419394978809381,0.3056034633921606,1,1,0
D100872,65+,178.83,66,2,night,tue,0,0.36823958724567923,0.07839195240355758,0.9253948990887639,1,0,1
D100873,26-35,738.46,10,0,evening,sat,0,0.3625629626803405,0.7364396511416192,0.4171309694299018,1,1,0
D100874,36-50,113.84,12,5,afternoon,wed,0,0.9273331705928834,0.7127240706477782,0.37626318880971715,1,1,1
D100875,51-65,324.36,23,2,afternoon,mon,1,0.8850868551380031,0.7313573034415095,0.8807468383185801,1,1,1
D100876,26-35,260.13,6,3,night,tue,0,0.28666622023975297,0.6729468498730918,0.4293223227015931,0,1,1
D100877,26-35,60.28,16,2,afternoon,thu,0,0.798956935303882,0.45219878538348873,0.4577356946990159,1,1,1
D100878,36-50,74.65,51,3,afternoon,mon,0,0.289561262023921,0.576169246472152,0.8038121336982144,1,1,1
D100879,36-50,247.33,0,3,afternoon,mon,0,0.5601777810641797,0.6739925934947263,0.05204625849168468,1,1,1
D100880,26-35,1455.46,25,4,afternoon,sun,0,0.617986919072063,0.15359358939396497,0.39390847071603824,0,0,0
D100881,36-50,412.13,28,2,morning,wed,0,0.7277020033159514,0.4496467318493988,0.2592739456511809,1,1,0
D100882,65+,51.78,87,3,evening,sat,1,0.6579768922414001,0.38745673766880107,0.6843789799032302,0,1,1
D100883,36-50,20.0,87,3,afternoon,sun,0,0.7629113317885934,0.3182804229623118,0.43632293086692026,1,0,1
D100884,26-35,473.31,76,2,afternoon,mon,1,0.7421987610838695,0.1712317248815239,0.2772030268396456,1,0,1
D100885,26-35,224.39,30,1,afternoon,fri,1,0.7062608603968923,0.6511594642042479,0.5758663793258959,1,1,1
D100886,26-35,683.44,47,1,evening,sat,0,0.7303445741542579,0.35718175688547454,0.4480851220556067,1,0,1
D100887,18-25,110.76,45,0,evening,mon,0,0.19753556152578222,0.8397668825403375,0.39453684039451337,0,1,1
D100888,26-35,335.36,77,3,night,wed,1,0.26422606896653317,0.9607932942892309,0.49218243416545804,0,1,1
D100889,36-50,524.03,67,3,evening,mon,0,0.5220922537447459,0.4343864297733619,0.3621980551149793,0,0,1
D100890,26-35,163.58,81,2,afternoon,mon,1,0.7691468819445859,0.34417341524171696,0.43368159300836034,1,0,1
D100891,65+,166.75,49,4,evening,wed,0,0.4703430306886827,0.26756696863592727,0.6622794585417676,0,0,1
D100892,26-35,250.32,82,2,afternoon,tue,0,0.12510891174298192,0.5327068607412276,0.15177945606058796,0,1,1
D100893,18-25,398.78,66,2,evening,sun,1,0.10690448004168715,0.8238994420327383,0.7365612273965688,0,1,1
D100894,51-65,241.56,66,1,evening,tue,1,0.7380823960470134,0.8180556187609082,0.6229975561159785,1,1,0
D100895,51-65,587.92,59,3,afternoon,sat,0,0.3190012837298044,0.6455475942735676,0.38814307468168596,1,1,0
D100896,26-35,161.46,30,3,afternoon,mon,1,0.489220856344616,0.8520582604286984,0.6079661182853107,0,1,1
D100897,26-35,74.03,54,5,evening,fri,0,0.25961413729917854,0.5638431361249702,0.3165216256789996,0,0,0
D100898,26-35,1449.94,32,1,afternoon,fri,0,0.43883809224766235,0.8630464012336714,0.64918154821473,1,1,0
D100899,36-50,142.0,58,1,evening,tue,1,0.9429317929063452,0.5485809312299187,0.7758264403748242,1,0,1
D100900,36-50,146.7,22,3,afternoon,thu,0,0.7299172222037883,0.579040278233808,0.48494997372266585,1,1,0
D100901,26-35,230.62,71,0,evening,sun,0,0.8458510777932828,0.4916697579431254,0.6111296670948665,1,0,1
D100902,18-25,259.94,51,2,evening,fri,0,0.39999926861016316,0.1619338343224929,0.3730919692831723,1,1,0
D100903,36-50,172.77,63,2,morning,sat,1,0.7690857711326983,0.816694642726391,0.258841270202256,1,1,1
D100904,65+,240.88,19,5,afternoon,wed,0,0.8477400432336494,0.5228108841293979,0.8373359656198608,1,0,1
D100905,36-50,236.09,71,2,evening,tue,1,0.7029202289837027,0.08911498134416958,0.12575893071890462,1,0,0
D100906,36-50,286.39,72,2,morning,thu,1,0.6923364503139177,0.7838914082238941,0.023820328017112986,1,1,0
D100907,18-25,29.32,13,3,morning,wed,1,0.5795924183815079,0.7782634862161908,0.6633698588132836,1,1,1
D100908,26-35,1329.81,31,4,evening,sun,0,0.4556329869787552,0.7000473032271848,0.4157851204731935,0,1,0
D100909,26-35,214.31,60,3,morning,wed,0,0.7346488748496139,0.5849514569150033,0.450193211830499,1,0,1
D100910,51-65,412.63,78,3,evening,fri,1,0.7253450643694733,0.14473940869954066,0.8783666774453569,1,0,1
D100911,51-65,70.79,66,3,morning,fri,0,0.5095726394201452,0.37512929656033506,0.517607927216143,1,0,0
D100912,51-65,160.15,42,2,morning,wed,0,0.2548939748706473,0.23220570092588913,0.4464261046228275,0,0,1
D100913,65+,133.61,26,1,afternoon,wed,0,0.6753018393597328,0.1643046702949405,0.8413296468833512,0,0,1
D100914,65+,918.51,81,3,night,sat,1,0.21653014282841487,0.38099625870220494,0.5259217015730498,0,1,1
D100915,65+,144.43,78,0,afternoon,tue,1,0.7633803182073833,0.5366210259547395,0.7029791164936358,1,1,1
D100916,18-25,484.09,80,0,afternoon,wed,0,0.4580347413511025,0.8884591045559647,0.35685612352018986,0,1,1
D100917,18-25,136.27,27,2,afternoon,fri,0,0.877665290147569,0.6393161432460747,0.4304440976401871,1,0,0
D100918,26-35,162.82,39,1,evening,mon,1,0.6154407032655874,0.5562564209969929,0.41548618970282125,1,0,0
D100919,36-50,196.17,21,1,evening,fri,0,0.3652371368278954,0.7646362151566825,0.34214108071340793,0,1,1
D100920,18-25,777.02,85,1,afternoon,sat,1,0.15011506082977114,0.3684467624521078,0.15156127759636426,0,0,0
D100921,51-65,44.66,78,3,morning,thu,0,0.37781164671393896,0.2678578033096339,0.3083584975494509,1,1,0
D100922,36-50,74.88,15,3,afternoon,fri,0,0.897090061664765,0.7214824752993662,0.867933450485379,1,0,1
D100923,36-50,42.41,22,6,evening,thu,0,0.31222681737834174,0.47557351048669266,0.3684565270514722,0,0,0
D100924,26-35,91.95,49,2,evening,fri,0,0.32914758796452287,0.5169009185495042,0.4204176410147586,0,1,1
D100925,26-35,117.87,37,1,evening,mon,0,0.7771279508368284,0.3289551075470078,0.1094065291468262,1,1,1
D100926,26-35,57.22,41,1,evening,fri,1,0.9039008000143856,0.9124715738418551,0.9459649805183798,1,1,1
D100927,51-65,126.38,33,3,afternoon,thu,0,0.26016103696484344,0.3629110929974521,0.3214291056520746,1,0,0
D100928,36-50,39.92,60,4,evening,mon,1,0.28746358803053373,0.7280807796850954,0.2464431276098175,1,1,0
D100929,51-65,97.89,80,2,evening,sat,0,0.3432882885878121,0.4331665967391463,0.49584811063489537,0,0,1
D100930,26-35,720.81,82,2,afternoon,tue,0,0.5841700323111572,0.7485212158060567,0.14426886077228324,1,1,0
D100931,26-35,351.86,40,2,night,fri,0,0.4601876521955067,0.5244622772745486,0.4796196069513481,1,0,0
D100932,26-35,289.66,74,5,afternoon,sat,0,0.19577071472538188,0.32313716403568116,0.08125175394625853,0,0,1
D100933,51-65,99.24,62,2,evening,sun,0,0.7686916027409352,0.13983647620752643,0.7973798136010616,0,0,1
D100934,51-65,61.41,17,3,evening,fri,1,0.8326003572825558,0.497725607264858,0.8583048711874913,0,0,0
D100935,26-35,87.77,71,4,evening,sat,0,0.43221542176975686,0.569721872182029,0.3080231100348175,0,0,0
D100936,65+,235.36,31,3,morning,fri,0,0.18385535583752485,0.18000357067864703,0.24424607503633936,0,0,0
D100937,18-25,534.51,56,2,evening,sat,0,0.20208032833033215,0.6472201546118745,0.1471414170522725,0,0,0
D100938,51-65,551.22,64,0,morning,sun,1,0.9371316126582235,0.8042070149148085,0.6585416349285882,0,1,1
D100939,18-25,431.62,84,1,morning,thu,0,0.29047562829990586,0.4472024429163387,0.09760019458337005,0,1,0
D100940,26-35,125.99,85,4,evening,wed,0,0.24537715577468383,0.18698965249272015,0.1307540127352479,0,0,0
D100941,51-65,250.16,72,1,afternoon,tue,0,0.5064312590311986,0.28477225296635933,0.7758583392969306,0,0,1
D100942,26-35,183.24,45,1,evening,sun,0,0.6323920324202509,0.24813799075277473,0.41762659621684706,1,0,1
D100943,26-35,204.17,36,0,afternoon,sun,0,0.8152210288578798,0.889610929446341,0.426851052581381,1,1,1
D100944,26-35,1530.6,39,0,night,fri,1,0.5342817035893798,0.642777515410567,0.5940079487247394,0,0,1
D100945,26-35,50.11,85,0,evening,fri,1,0.5697474334446533,0.5275457095144355,0.43276137350573923,0,0,0
D100946,36-50,198.1,18,5,afternoon,tue,0,0.8780915028663872,0.369280496658083,0.42762811228832653,1,1,0
D100947,51-65,728.2,47,4,evening,sun,0,0.6515395666924442,0.09699469499362562,0.6127160019050588,1,0,1
D100948,51-65,65.41,61,3,afternoon,mon,0,0.4883645518044999,0.6599360820388736,0.7306597321932139,0,0,1
D100949,26-35,137.09,2,3,evening,fri,1,0.7694937986522326,0.9719168019081275,0.6579860777853643,1,1,1
D100950,36-50,152.0,57,1,evening,tue,1,0.8843254572367583,0.25736714904446806,0.8658992067878656,1,0,1
D100951,26-35,200.14,23,0,evening,thu,0,0.8977611878693951,0.9000620812768779,0.4103414816572472,1,0,0
D100952,26-35,58.19,25,1,evening,mon,1,0.4473970354854037,0.7731849731559939,0.20135332827690355,1,1,0
D100953,26-35,418.12,55,2,evening,mon,0,0.5769885408612553,0.8546868256435708,0.6377304644526675,1,1,0
D100954,65+,445.71,0,2,evening,wed,0,0.6684879901646202,0.09782401860073288,0.6230667985504955,1,0,0
D100955,51-65,386.66,14,0,night,wed,1,0.5597024450091678,0.6869288275751998,0.5072102586679291,0,0,0
D100956,51-65,111.79,40,2,morning,sun,1,0.5631507174013953,0.4110096836169569,0.81816437765561,1,0,1
D100957,36-50,264.5,52,3,afternoon,fri,0,0.8347175310065531,0.6415674173131073,0.5254605161281054,1,0,1
D100958,36-50,108.91,9,4,evening,mon,0,0.8261819836006037,0.6044778954949133,0.17460373824357114,1,1,0
D100959,36-50,181.39,32,1,afternoon,sun,1,0.9722057663898328,0.6458802745958632,0.7493140014274708,1,0,1
D100960,36-50,1699.55,27,0,afternoon,fri,0,0.3204454414776243,0.40806939327640246,0.8322847896549613,0,1,1
D100961,26-35,266.7,48,2,evening,sat,0,0.5816894549541323,0.8808170222892272,0.44720861476548546,1,1,1
D100962,18-25,84.03,27,2,afternoon,sun,0,0.5929129733796772,0.6431758918949319,0.28599318736631557,0,0,0
D100963,18-25,287.81,0,2,morning,thu,1,0.8526795372605175,0.9348159138016473,0.12947880397431852,1,1,0
D100964,65+,72.49,47,3,morning,tue,0,0.8538663137073802,0.4923487910434185,0.9491304173604138,0,0,1
D100965,36-50,83.17,76,1,afternoon,thu,0,0.6798627719181425,0.6999113433106463,0.2982045279370714,1,1,0
D100966,65+,95.87,52,2,afternoon,fri,0,0.3168789846572415,0.14463194880570188,0.2930830839940555,0,0,0
D100967,26-35,164.04,32,3,morning,mon,0,0.3904442795578411,0.7995619950051612,0.4078141106365531,0,1,0
D100968,36-50,568.65,43,1,evening,sun,1,0.7425690365957853,0.6597751267069515,0.7891822452271395,1,1,1
D100969,26-35,411.81,12,1,afternoon,wed,0,0.8718653206396406,0.4098818854765554,0.7185395977686321,1,0,1
D100970,26-35,391.78,21,0,evening,fri,1,0.4391230812235731,0.7766724782525191,0.3389286972789665,0,1,1
D100971,18-25,91.01,39,0,night,sun,1,0.22154258455834983,0.9751193832810426,0.4606578469827416,0,1,1
D100972,18-25,150.33,53,3,afternoon,sun,0,0.6059139434417637,0.4800795958941427,0.3139950808828488,0,1,1
D100973,65+,312.56,43,2,night,sat,1,0.18462024691183007,0.266456795189576,0.9079829300254378,0,0,1
D100974,26-35,139.01,86,2,morning,wed,0,0.22038357488353813,0.6441341821854817,0.4974609946213557,0,1,1
D100975,36-50,190.47,57,2,evening,thu,0,0.8763038368734342,0.3476207770489272,0.5034656840977477,1,0,1
D100976,36-50,364.03,2,2,night,thu,0,0.5231270725181426,0.6087032081974453,0.7242642897288817,1,1,1
D100977,26-35,178.77,47,3,evening,sun,0,0.4508796367532981,0.4359785434288501,0.11163011827586217,0,1,0
D100978,36-50,299.9,52,4,afternoon,mon,0,0.8583613733112518,0.5456064894310009,0.5287722923217756,1,1,0
D100979,26-35,1026.03,3,3,afternoon,mon,0,0.23334613063923468,0.6179775862759785,0.4109647053968117,0,0,0
D100980,65+,209.63,34,4,afternoon,mon,0,0.2414631062898303,0.8081564319019683,0.6429277313420511,0,1,1
D100981,51-65,707.26,78,2,night,sun,1,0.7788123184955056,0.32048308549226345,0.5524097066357245,1,0,0
D100982,51-65,404.82,32,2,afternoon,thu,0,0.6944363891286484,0.39490116754862464,0.5786523151938557,1,0,0
D100983,36-50,65.33,41,4,afternoon,fri,0,0.7940189634356014,0.7527132430706485,0.29405387918051656,1,1,1
D100984,26-35,90.75,19,2,afternoon,mon,1,0.7138112393433661,0.4725331985037989,0.9567223252676408,1,1,1
D100985,65+,115.56,6,2,afternoon,mon,0,0.6774626044825581,0.8479063118292657,0.9116891169190073,1,0,1
D100986,26-35,113.37,28,1,afternoon,fri,1,0.6246893062841808,0.5788841015329327,0.7843712241920608,0,1,1
D100987,18-25,225.59,69,2,afternoon,fri,1,0.6486050646764538,0.9082359803913806,0.2868084531536401,0,1,0
D100988,26-35,425.46,88,4,evening,wed,1,0.7426507005589861,0.8696868089435268,0.2011741313743188,1,1,0
D100989,51-65,757.21,59,1,afternoon,mon,0,0.5876537648168388,0.24193440096646293,0.445385997569639,1,1,1
D100990,36-50,322.9,74,1,afternoon,thu,1,0.893985313911066,0.4508548932056486,0.5714289075805591,1,1,0
D100991,51-65,163.84,58,1,afternoon,fri,1,0.8678742409846686,0.5290835361110247,0.28268393787439783,1,1,0
D100992,51-65,37.56,59,2,afternoon,tue,1,0.49137913512370035,0.7048720791055781,0.7656139163988919,1,1,1
D100993,26-35,260.74,38,2,evening,wed,1,0.7048265550804134,0.5128714507245982,0.7617224480556043,1,1,1
D100994,65+,250.43,5,1,afternoon,sat,0,0.535863493708358,0.3852564576354654,0.165831472243145,1,1,0
D100995,26-35,288.48,36,1,afternoon,tue,0,0.8000711788799707,0.5947625396817369,0.18625829557916104,1,1,1
D100996,36-50,1628.83,77,3,morning,mon,1,0.49153873647654706,0.13121071405385595,0.7552881133907903,1,0,1
D100997,18-25,747.35,48,3,morning,fri,0,0.36048690846284875,0.3075887826391241,0.3806586067413127,0,1,0
D100998,65+,495.99,68,4,evening,mon,0,0.7091970828826922,0.25583389518227684,0.372934963244387,0,0,0
D100999,26-35,102.94,4,2,evening,thu,0,0.25674178568105577,0.7752259093596785,0.6104457994283675,0,0,1
D101000,18-25,154.21,18,6,afternoon,thu,1,0.4053640911599484,0.5894971849482225,0.2885891261319068,0,0,0
D101001,36-50,224.67,26,4,afternoon,mon,1,0.6316530898521657,0.6598371829614046,0.5025801865745753,0,1,1
D101002,18-25,121.77,32,0,afternoon,fri,1,0.7769496702947751,0.7198068139512925,0.20623347545611834,1,1,0
D101003,26-35,383.91,88,2,evening,sat,0,0.5755323884277627,0.769096701647561,0.32499328532533445,1,1,0
D101004,36-50,337.38,41,6,morning,sun,0,0.4385118905646888,0.32208502866282634,0.6789196658097668,1,0,1
D101005,26-35,91.88,59,2,night,tue,0,0.15136658716071458,0.8134760633933369,0.26546780871626563,0,1,1
D101006,65+,718.48,58,1,morning,wed,1,0.696079532120624,0.0890455500051665,0.851582990620665,0,0,1
D101007,26-35,268.29,37,2,night,fri,0,0.4809120343824393,0.6872316939149931,0.37610116820697553,0,0,1
D101008,36-50,51.62,86,2,morning,fri,1,0.3171156526197484,0.6890736843660443,0.7934586642524863,0,1,1
D101009,36-50,233.64,20,1,afternoon,fri,0,0.6754182207540587,0.57129930367903,0.35003778096349175,0,1,0
D101010,36-50,315.16,3,1,afternoon,wed,1,0.8871907835163491,0.6228280422219633,0.8953135700827963,1,1,1
D101011,36-50,587.29,67,1,afternoon,mon,0,0.8933493230174814,0.39123422010440373,0.592498001157357,1,0,0
D101012,36-50,180.6,58,5,night,mon,1,0.24232205187754854,0.679520607003699,0.6126651193721736,0,0,0
D101013,65+,515.5,23,0,afternoon,sun,1,0.8508073082890946,0.19548635976713982,0.8252264538443864,1,1,0
D101014,26-35,289.58,78,2,morning,wed,1,0.31826816594382024,0.8000595657928414,0.3363087423714095,0,1,0
D101015,26-35,74.92,14,2,night,thu,1,0.325152180935782,0.8376058758017699,0.40168924968042596,1,1,1
D101016,36-50,68.47,22,1,afternoon,fri,0,0.46170882203757324,0.5521555838611314,0.552659300854231,1,1,0
D101017,51-65,672.03,13,2,morning,tue,1,0.8297668134946002,0.5340253180124628,0.3472275218914467,1,0,0
D101018,18-25,717.94,16,1,morning,wed,1,0.628640343076365,0.8156394613670304,0.29651623976484404,0,1,0
D101019,26-35,327.22,65,0,afternoon,thu,0,0.5085553322156863,0.9089434209332666,0.16766428324237684,1,1,0
D101020,51-65,940.24,63,0,night,mon,0,0.482756405765711,0.39860549393188294,0.6640029385389576,1,1,0
D101021,51-65,633.3,57,2,morning,fri,0,0.5188464182388234,0.1615085191338996,0.6624298798700536,0,0,1
D101022,65+,452.72,77,7,evening,tue,1,0.4875825382219036,0.17238687319489623,0.9006409833141557,0,0,1
D101023,36-50,107.75,6,2,afternoon,mon,1,0.7911988258711915,0.45069670116765054,0.5183283239260191,1,1,1
D101024,36-50,1162.45,55,1,morning,fri,0,0.21441763772091274,0.07420664212494238,0.20619119248931553,0,0,0
D101025,26-35,396.5,10,1,evening,wed,1,0.9598874280991345,0.5562627838483828,0.17695371292329734,1,0,0
D101026,65+,172.91,86,2,evening,sat,0,0.8077868744306377,0.23562027337251296,0.6915811746769156,1,0,1
D101027,26-35,134.1,57,1,evening,thu,0,0.9119539310889677,0.8801518822627304,0.7309759112088875,1,1,1
D101028,51-65,308.31,68,3,morning,mon,1,0.49399948925627657,0.7145375731077608,0.610667801247968,0,0,1
D101029,26-35,54.38,51,1,morning,fri,0,0.4412068464342101,0.34737654679352575,0.39049315629660825,0,1,0
D101030,36-50,459.3,34,4,evening,mon,0,0.4942915289854423,0.2732792491946459,0.4171479953515258,1,0,0
D101031,36-50,103.73,61,3,evening,wed,0,0.8571693371621557,0.23677406711939658,0.4920449273229192,1,0,0
D101032,36-50,341.57,75,1,afternoon,fri,0,0.6081242608398336,0.043735680133503776,0.6792858665212406,1,0,1
D101033,51-65,153.02,16,2,morning,wed,0,0.5583111076656281,0.4775008000754685,0.9178350704217575,1,1,1
D101034,26-35,192.87,78,6,evening,wed,0,0.5183925731429497,0.6700102833090512,0.4379515409039883,0,1,1
D101035,36-50,123.81,65,0,morning,tue,0,0.4858890705289631,0.44218281004231524,0.6008257962151745,1,0,1
D101036,26-35,211.64,7,2,evening,thu,1,0.4693042167797676,0.5335837665050649,0.45987760252036003,1,1,0
D101037,26-35,1340.02,84,2,evening,wed,0,0.3345754791078854,0.20855259265238213,0.2524695524806237,0,0,0
D101038,26-35,851.12,16,3,afternoon,sun,1,0.42230778722199486,0.5922340460362482,0.4392133019034989,1,1,1
D101039,18-25,336.65,54,1,afternoon,fri,1,0.6057935916029596,0.8855037984777981,0.3390642074494213,0,1,0
D101040,18-25,239.18,11,1,afternoon,sun,0,0.059288104280186806,0.6874767326761912,0.3926559464475642,0,1,0
D101041,36-50,523.1,17,2,evening,wed,0,0.45654914334021696,0.7233513682632224,0.6167216866578594,0,1,1
D101042,36-50,676.53,57,2,night,sun,0,0.31954451753477014,0.3024620685519571,0.43605299708369866,1,1,0
D101043,36-50,115.95,61,2,afternoon,tue,1,0.3693209419849263,0.6651347481524664,0.48011844633694867,1,1,1
D101044,18-25,228.22,61,2,morning,wed,1,0.1988729277453575,0.5017411928205956,0.46264008546101615,0,0,1
D101045,26-35,47.48,30,4,afternoon,wed,0,0.6141357597294725,0.46537882733243874,0.1739375316960088,1,0,0
D101046,26-35,672.36,73,2,evening,fri,0,0.649290849298234,0.2084712212098822,0.5303013484098836,1,0,1
D101047,51-65,1569.51,4,4,afternoon,fri,0,0.1967954823828108,0.5088083946695597,0.3710986242801674,0,1,1
D101048,51-65,262.98,76,3,evening,mon,1,0.6089689758476857,0.37568452286042625,0.31478264966156966,1,0,1
D101049,26-35,36.14,27,1,morning,thu,0,0.6215339054445425,0.04596577674193707,0.5323705338099775,0,0,1
D101050,36-50,423.27,55,1,morning,sun,0,0.18136079252856116,0.5483495433208089,0.5702594079717591,0,1,0
D101051,18-25,108.45,81,3,afternoon,wed,0,0.714508099866185,0.7976650695402678,0.13885400696821018,1,1,1
D101052,26-35,134.69,22,2,evening,fri,1,0.7481521165816585,0.6228135818927002,0.6790933510209143,1,1,1
D101053,18-25,430.06,37,0,evening,fri,0,0.5177902804750539,0.818470365354855,0.49952936374293466,0,1,0
D101054,26-35,307.69,74,2,afternoon,sun,0,0.5511955067848846,0.42617676213792294,0.8183139456754752,1,0,1
D101055,36-50,157.7,77,1,afternoon,fri,0,0.24252739225961245,0.07528733904154274,0.3617682541795877,0,0,0
D101056,65+,136.37,21,1,night,thu,1,0.8446112497579831,0.9027317207499086,0.7884317560681772,0,1,1
D101057,26-35,274.03,45,3,evening,mon,0,0.8136864865971752,0.5594191918325031,0.2211585026398878,1,1,0
D101058,36-50,169.27,29,2,afternoon,sat,0,0.6895892726398778,0.5594072936731203,0.5942405483698231,1,1,1
D101059,36-50,90.17,46,1,evening,wed,0,0.8234114326362332,0.39010427303560274,0.4528467053719288,1,0,0
D101060,65+,181.4,34,2,night,sun,1,0.4444213541291395,0.3173045141308286,0.9143635838526883,0,0,1
D101061,36-50,332.17,0,3,afternoon,tue,0,0.8640181809958478,0.6454330704312748,0.3541728911091651,0,1,0
D101062,26-35,208.45,83,1,afternoon,thu,1,0.4430637213397695,0.3967699269927947,0.5925607032225982,1,1,1
D101063,36-50,68.57,57,5,afternoon,sat,1,0.6288615441189088,0.859268168105247,0.4736681124008472,1,0,0
D101064,26-35,595.95,41,1,afternoon,tue,1,0.6852994699563241,0.8747219090419289,0.10863222857595321,1,1,0
D101065,65+,20.8,9,1,evening,tue,1,0.8322559042005583,0.7440654646684212,0.8874746375226492,0,1,1
D101066,26-35,163.74,6,2,afternoon,sat,0,0.8512445051084525,0.6520286850101114,0.09153661305532595,1,1,0
D101067,36-50,140.03,43,2,morning,wed,0,0.956545451802242,0.321556375217423,0.4077175131028718,1,0,1
D101068,18-25,279.6,58,4,afternoon,sun,1,0.4220638069522663,0.853760990921566,0.3719128236475662,1,1,1
D101069,26-35,405.65,23,2,evening,thu,1,0.8273660643570835,0.8724496491484542,0.4961776460340599,1,1,1
D101070,51-65,674.58,66,3,morning,sat,1,0.2981212808614059,0.26454131512878115,0.6231067057823398,0,0,1
D101071,36-50,128.87,35,1,afternoon,thu,0,0.8945975461705654,0.29414132500813067,0.4749657160251891,1,1,1
D101072,26-35,414.85,0,1,morning,mon,1,0.6514665421315946,0.4543115413008115,0.6300153321517278,1,0,1
D101073,65+,291.85,48,3,evening,sat,0,0.9702358816888061,0.26918004977656407,0.6161238937507595,1,0,1
D101074,51-65,52.44,16,3,morning,wed,0,0.2586162246570396,0.4427144919269017,0.9597171641389869,0,0,1
D101075,26-35,1353.55,1,2,morning,wed,0,0.8923498738005267,0.8564884870926637,0.26713554702495684,1,0,1
D101076,36-50,67.03,11,4,evening,sat,0,0.8614686865764798,0.7677680195381219,0.1840638166968814,1,1,0
D101077,36-50,356.93,25,1,morning,tue,0,0.39422824113146243,0.582781896185872,0.15450672657735912,0,1,0
D101078,36-50,347.57,46,0,evening,wed,0,0.9705796981456244,0.5312846919246186,0.6249341983253985,1,0,0
D101079,26-35,313.59,89,1,afternoon,fri,0,0.27057516149617267,0.2387588010583919,0.07989130026053363,0,0,0
D101080,26-35,156.79,19,3,evening,fri,1,0.6945117781363099,0.9231198585477942,0.2151511710826281,1,1,0
D101081,65+,515.19,5,2,morning,sat,1,0.3213287468824702,0.4580867342140243,0.4420131344026038,0,0,1
D101082,65+,60.08,17,3,morning,mon,1,0.7124820859204165,0.6887484442412475,0.8570028375659848,1,0,1
D101083,51-65,230.62,28,1,afternoon,sun,1,0.7457000799260814,0.8310294835101617,0.9024165237846149,1,1,1
D101084,65+,147.31,18,2,night,fri,1,0.8146609922781953,0.3513747886477644,0.5775140974109841,1,0,1
D101085,51-65,133.01,28,0,evening,fri,1,0.9876528769724047,0.45385502888445295,0.7810509707481752,1,1,0
D101086,51-65,359.92,87,3,afternoon,sun,0,0.29510095424385596,0.8284260629453494,0.049092423755823254,1,1,0
D101087,51-65,645.31,34,1,morning,thu,0,0.06569841225750037,0.5990863659608658,0.3379359321575001,0,0,0
D101088,36-50,179.66,57,1,morning,mon,1,0.865657572220592,0.5507949955869991,0.7180361631444229,1,0,0
D101089,36-50,494.04,61,2,afternoon,mon,0,0.42690814192591453,0.7513190160760469,0.3303636506639021,1,1,0
D101090,26-35,255.89,11,4,morning,sun,1,0.9293427725392838,0.6486985768255624,0.7545981620364118,1,0,1
D101091,36-50,109.57,22,0,evening,sun,0,0.7482092699169677,0.6712673058109846,0.07444800349049512,1,1,0
D101092,26-35,194.0,37,4,morning,mon,0,0.33077571445045023,0.4523931966682458,0.2037452804006624,0,0,0
D101093,26-35,186.88,41,1,evening,fri,0,0.3970911860560011,0.6752086252940132,0.5023772443403539,1,0,0
D101094,36-50,130.71,1,2,morning,fri,1,0.9071647838592134,0.6848017243388523,0.7209592842296204,1,0,1
D101095,26-35,359.83,58,6,evening,tue,0,0.35886837474997174,0.2985776080216896,0.4518781117817554,1,1,0
D101096,26-35,302.23,27,1,afternoon,sat,0,0.8804636020303698,0.6989350917235313,0.44404850213370484,1,1,0
D101097,51-65,58.46,29,3,morning,thu,0,0.6043202073221619,0.30768604262272325,0.2657483015523781,1,0,0
D101098,51-65,55.35,54,5,evening,tue,0,0.8709085637520062,0.5250598512574305,0.3108549996133458,1,0,1
D101099,26-35,358.6,85,2,afternoon,thu,0,0.16499510965695183,0.42486757942786474,0.8613010332244876,0,0,1
D101100,18-25,117.48,77,3,evening,sun,1,0.12821878020804117,0.2191929319270098,0.14664991292888233,0,0,0
D101101,26-35,321.13,88,3,evening,tue,0,0.6854857582020601,0.6523237928577285,0.08910705608110799,1,1,0
D101102,51-65,494.15,37,1,night,fri,1,0.4781014812291201,0.6949220502102766,0.8138009567205745,0,1,1
D101103,51-65,77.96,10,2,evening,sat,0,0.6486810379355432,0.9233434649460899,0.3011581404836273,1,1,1
D101104,18-25,68.69,19,3,afternoon,fri,1,0.4082237123519263,0.8250305765328378,0.8628832361028554,0,1,1
D101105,51-65,1104.32,30,4,afternoon,fri,1,0.27445829912865954,0.500751000470608,0.9691885492954151,0,0,1
D101106,18-25,335.77,27,0,evening,sat,1,0.799931287573567,0.871562440253928,0.40059333121885043,1,1,0
D101107,26-35,167.79,18,1,afternoon,tue,1,0.7878852102509505,0.9318529951842578,0.6117189624268577,1,1,0
D101108,65+,105.58,13,5,afternoon,mon,0,0.31781317400925185,0.6308549106892882,0.2155900020415986,0,0,1
D101109,26-35,154.56,16,4,afternoon,sun,0,0.7473277202357558,0.695294267788078,0.6592936853711479,1,1,0
D101110,26-35,83.8,59,3,evening,wed,0,0.837394909132326,0.588675251383268,0.044735046783146805,1,1,0
D101111,26-35,541.89,44,2,afternoon,sun,0,0.4410321270043866,0.748489362007649,0.11075153976033712,1,1,0
D101112,36-50,121.62,3,2,morning,tue,0,0.8990262541139116,0.6169942515837178,0.522489994525005,1,0,0
D101113,65+,654.7,50,1,night,tue,0,0.16248141908293715,0.08139146954133628,0.775672829645643,0,0,0
D101114,65+,170.62,75,1,evening,mon,1,0.8205650264725388,0.12097341466165591,0.3665726444860639,1,0,0
D101115,18-25,95.68,38,3,afternoon,thu,0,0.5536110043407486,0.6171501091897085,0.21281338793518065,1,1,0
D101116,18-25,166.72,28,0,morning,sun,0,0.3208940430887596,0.7371406575633298,0.08253609214104216,0,1,0
D101117,51-65,23.06,24,2,evening,sun,0,0.9558220144151581,0.9305386318666248,0.4836221186515227,1,1,1
D101118,26-35,219.49,34,1,afternoon,wed,0,0.7092839464815474,0.6576785317489064,0.20742931193825379,1,1,0
D101119,51-65,209.95,25,1,evening,wed,0,0.59391630163816,0.5434444455039734,0.3936089674629163,1,0,1
D101120,36-50,514.02,83,3,evening,fri,1,0.639252091436177,0.3693721781876652,0.6728429915164633,1,0,1
D101121,18-25,44.81,89,4,afternoon,sun,0,0.1484595208806293,0.6388540229317268,0.35034390088612843,0,1,0
D101122,51-65,696.23,30,3,afternoon,fri,1,0.36119090565974254,0.6006045723259036,0.7668322342752159,0,1,1
D101123,26-35,512.11,83,4,morning,tue,0,0.25444380868959476,0.27867930242119543,0.2788578245902683,0,1,0
D101124,26-35,755.09,76,3,afternoon,wed,0,0.2874680183433336,0.21930470114959472,0.4928706635362976,0,0,1
D101125,36-50,233.35,6,1,evening,sat,0,0.5392502731451637,0.48427577411033645,0.47390018122435534,0,0,0
D101126,36-50,609.42,44,1,morning,mon,0,0.8562265892995036,0.27342878653823,0.3050545104062288,1,0,0
D101127,36-50,65.1,59,0,night,fri,0,0.37021048280543745,0.4313117052122997,0.6243571015843759,1,0,1
D101128,36-50,464.86,37,2,evening,sat,0,0.35202834055301735,0.49178123618878045,0.32304150921255215,1,0,0
D101129,65+,122.24,41,2,morning,wed,1,0.40482052594148515,0.3477413046151774,0.7008959802016941,0,0,0
D101130,65+,55.35,44,1,afternoon,thu,1,0.4427061397667331,0.8388953684127611,0.918122989216982,1,1,1
D101131,36-50,88.97,61,1,afternoon,sat,0,0.8414323315474408,0.7434343310797354,0.6985238486873261,1,1,1
D101132,18-25,245.91,26,1,afternoon,fri,1,0.7453322084111768,0.787757556461746,0.3864333324301897,1,1,1
D101133,36-50,116.53,53,1,evening,mon,1,0.9003524149000713,0.39805025253110976,0.7760564051772576,1,1,1
D101134,65+,343.25,21,1,morning,fri,0,0.8422488239195071,0.4040121930034027,0.34614632935090195,1,1,1
D101135,26-35,48.07,80,0,morning,tue,0,0.5020042791818404,0.5653480326265177,0.29499814212816544,0,1,1
D101136,36-50,36.08,7,2,morning,sat,0,0.9232245027564345,0.5586097217428042,0.29694216474212715,1,0,1
D101137,26-35,841.47,6,1,morning,tue,1,0.5210818168267537,0.6975970837436257,0.5010493968714832,0,1,0
D101138,18-25,551.93,3,1,evening,sun,0,0.2486117863299806,0.4513381298564946,0.5439136538534978,0,1,1
D101139,36-50,95.17,31,2,night,mon,0,0.6678715207671153,0.5308814513760153,0.6283406964372101,0,0,1
D101140,26-35,244.03,54,3,evening,sun,0,0.5416353539510623,0.43492807005149653,0.46083102516201996,1,0,0
D101141,51-65,612.5,88,1,night,mon,0,0.3756095026560579,0.21259876566556807,0.5384987491517982,0,0,0
D101142,51-65,356.84,40,2,evening,fri,0,0.8513811834211591,0.4707798160684824,0.49135991243223603,1,0,1
D101143,51-65,279.61,16,0,afternoon,wed,0,0.7696842931016084,0.5462955110068914,0.8387701707726353,1,1,1
D101144,26-35,655.66,33,2,evening,tue,1,0.7475198540503828,0.7491326844744849,0.1410772891202213,1,1,0
D101145,26-35,126.77,11,5,morning,tue,0,0.8580307058980068,0.5569298938586411,0.23051940916370411,1,1,0
D101146,51-65,251.66,42,3,morning,mon,0,0.6591648533267145,0.5110940480415622,0.6451717480112072,0,1,0
D101147,51-65,240.79,65,4,night,mon,0,0.5040720463759464,0.15912686966123368,0.8535302984807651,0,0,1
D101148,36-50,191.43,3,5,evening,wed,0,0.32419481969895264,0.2868456513373338,0.36413150734307465,1,0,0
D101149,51-65,172.29,69,4,night,tue,1,0.9834348120782846,0.20315077997953354,0.5735215580208364,1,0,0
D101150,18-25,261.28,20,4,morning,sun,1,0.15918852587269966,0.5749570590956001,0.16454322567003704,1,1,0
D101151,51-65,252.39,60,3,evening,sat,1,0.5125330983484464,0.15904496068250068,0.49018748601491924,0,0,1
D101152,18-25,95.24,73,1,afternoon,thu,0,0.34120335742735075,0.22024717936499663,0.5000975433659027,0,1,0
D101153,26-35,503.52,69,2,afternoon,mon,1,0.939634570666507,0.7683695921552982,0.8236532279252944,1,1,1
D101154,36-50,101.62,60,3,evening,sun,1,0.5525953498822264,0.8214612256254005,0.4676680639028709,0,0,0
D101155,18-25,201.06,62,2,afternoon,sat,0,0.5217133117181029,0.7183647012512767,0.1578376059960493,1,1,0
D101156,18-25,187.59,16,4,evening,tue,1,0.5044091147830954,0.7123535428377832,0.4710501318736348,0,0,0
D101157,18-25,337.75,12,3,evening,mon,1,0.3859877020056893,0.40676408980191125,0.12381086350774535,0,1,0
D101158,26-35,36.34,34,4,evening,fri,1,0.8348912290644948,0.7885760099893586,0.7915695708897614,1,1,1
D101159,51-65,545.56,54,3,morning,mon,0,0.31221965862693424,0.08312575530801641,0.20985904805851666,0,1,0
D101160,18-25,133.05,55,1,morning,fri,0,0.5589572345936293,0.6594089990456818,0.4100366661064471,0,1,0
D101161,36-50,733.6,69,2,night,thu,1,0.6386826578230526,0.2609188134125117,0.6087299860167075,1,0,0
D101162,51-65,159.12,27,2,evening,sun,0,0.9409676786472674,0.061022167287341306,0.7168964412715285,1,0,1
D101163,26-35,234.17,77,0,afternoon,wed,1,0.36736112746425575,0.9250091121728661,0.546511201249033,0,1,1
D101164,18-25,1369.78,40,1,morning,thu,0,0.2555197398183222,0.258242172648039,0.2789723480711822,0,1,1
D101165,51-65,190.64,22,3,morning,thu,0,0.6193792621574374,0.38134371484604634,0.670028315720312,1,1,1
D101166,51-65,746.18,66,2,night,sun,1,0.38919318542163295,0.3046584887173727,0.8084020502694708,0,0,1
D101167,36-50,253.44,11,0,afternoon,fri,0,0.9834633589730305,0.5286309475953386,0.8731834052853727,1,0,1
D101168,51-65,355.63,36,3,evening,fri,0,0.5852599381481102,0.5591070504743909,0.25168587953309446,1,0,1
D101169,18-25,260.59,70,5,afternoon,wed,1,0.04985048512477596,0.45961310693616597,0.07847685040765735,0,0,0
D101170,26-35,524.83,69,5,afternoon,thu,1,0.44801023550195834,0.6805147549823747,0.11895844338023714,0,1,0
D101171,51-65,132.03,23,1,evening,tue,0,0.7281718705410624,0.6304612369775766,0.1543494555512261,0,1,0
D101172,26-35,100.92,14,3,evening,wed,0,0.6218330000673209,0.3514894205460818,0.14800318624688188,0,0,0
D101173,51-65,137.73,2,0,afternoon,sat,0,0.5754117003761762,0.622742641332173,0.2604993883177023,0,1,1
D101174,36-50,267.67,8,1,afternoon,mon,0,0.42314386092631806,0.35449302839942975,0.3705408625828589,1,0,0
D101175,51-65,200.59,74,5,evening,tue,1,0.9485017363680852,0.16579115710761158,0.8005377140863618,1,1,1
D101176,36-50,463.7,70,2,morning,fri,1,0.7312020544303242,0.6089356494991799,0.6919116892256781,1,1,1
D101177,26-35,791.76,45,4,afternoon,sat,0,0.3064409299507852,0.3502564333680538,0.19386178547534327,1,0,0
D101178,26-35,101.67,51,3,evening,sun,0,0.9240202548682428,0.654332374743014,0.23832012761375695,1,1,1
D101179,26-35,126.4,29,2,morning,fri,0,0.39522662771178246,0.764583831365245,0.8545530752844331,1,0,1
D101180,51-65,67.18,17,1,evening,fri,0,0.8688542562491307,0.2164419447566611,0.7284396068358361,1,0,0
D101181,18-25,1521.32,1,3,morning,wed,0,0.09137750921544122,0.7884531876463375,0.32813455090632543,0,0,0
D101182,18-25,321.89,60,4,evening,wed,1,0.716505837944148,0.7651788976053557,0.43534943293912026,0,1,1
D101183,26-35,376.84,3,1,evening,wed,1,0.5375429363352687,0.7209112828540567,0.4483105461845314,1,1,1
D101184,26-35,73.25,9,2,evening,mon,0,0.8152121822516978,0.715870701223472,0.8619798537622738,1,1,1
D101185,51-65,244.43,71,5,evening,wed,1,0.9357047535748786,0.6284584862666742,0.5599609249608699,1,0,1
D101186,26-35,386.96,52,1,evening,tue,1,0.7357143744098303,0.6626831911932834,0.5212197305632381,1,1,0
D101187,65+,194.91,44,2,afternoon,fri,0,0.12093961972785784,0.8467463851688214,0.24253026033917222,0,1,0
D101188,18-25,644.28,19,2,afternoon,sat,0,0.4192251609642832,0.9038339978430625,0.19172337617282129,0,0,0
D101189,36-50,1959.9,13,2,morning,sun,0,0.4255644201429251,0.3607353712319751,0.24382179851710348,1,0,0
D101190,26-35,104.34,41,3,evening,sun,0,0.7759732917844908,0.5226394342014313,0.5000182384759629,1,1,0
D101191,26-35,97.53,32,4,morning,wed,1,0.9153880075354753,0.6974664523617936,0.2963570147250749,1,0,0
D101192,51-65,111.05,48,2,afternoon,sun,0,0.8897770299616636,0.24355234944158632,0.5580091181406837,1,0,0
D101193,65+,1038.55,14,2,afternoon,sun,0,0.40195650975630554,0.3108939363681741,0.47934857836110906,1,0,1
D101194,51-65,625.23,20,3,evening,thu,0,0.43367425165752216,0.6307100370443732,0.2512499846504586,1,0,0
D101195,26-35,216.59,10,3,afternoon,tue,1,0.4680101579804782,0.4695936656851535,0.23344448882311364,1,1,0
D101196,26-35,252.88,38,2,afternoon,sat,0,0.39947741464195025,0.7465400886624449,0.33025264772033197,0,0,0
D101197,36-50,117.34,24,1,evening,mon,1,0.9040199496956067,0.8814691370524513,0.6240637566985784,1,1,0
D101198,26-35,545.13,20,2,night,wed,1,0.2185847493389203,0.8350679129280465,0.45843514061118623,0,1,0
D101199,51-65,173.83,49,4,evening,thu,0,0.3573591490922535,0.35966220220364525,0.30327827339384605,0,0,1
D101200,36-50,193.63,44,4,afternoon,sun,0,0.6968197199962328,0.5541777220980048,0.3910732515904286,1,1,0
D101201,36-50,423.23,18,4,evening,sun,0,0.414766912035382,0.782417461928079,0.35145822558334305,1,0,1
D101202,51-65,206.6,62,3,morning,sat,0,0.5915213132567886,0.2945355586288765,0.2561361498443856,1,0,0
D101203,36-50,198.05,30,5,afternoon,thu,0,0.39299211747134377,0.4921940438060949,0.4549739488871775,1,1,0
D101204,18-25,247.03,30,2,morning,mon,1,0.697283482974383,0.9766532208077154,0.8602166565329149,1,1,1
D101205,18-25,500.61,43,2,afternoon,sat,1,0.30542471124945575,0.7743752028240062,0.38692263270813937,1,1,0
D101206,36-50,1076.9,12,8,evening,sat,0,0.05974399974147408,0.12951706427807685,0.10585445218001428,0,0,0
D101207,36-50,414.44,37,2,afternoon,thu,0,0.8402130207709377,0.7342517277141439,0.7963447948742862,0,1,1
D101208,26-35,504.2,52,3,evening,thu,0,0.32959389491300406,0.6709859898933248,0.6700879940299229,0,1,0
D101209,26-35,204.41,11,4,evening,sat,0,0.5116710761707702,0.4542540858384514,0.7499160464436372,0,1,1
D101210,51-65,129.41,50,3,afternoon,mon,0,0.43378169139721895,0.17243568897151082,0.5220282892626464,0,0,0
D101211,51-65,440.8,3,1,afternoon,sat,1,0.8572761029971081,0.6782226369053486,0.485803253972182,1,1,0
D101212,36-50,285.46,54,5,evening,thu,0,0.650997338995233,0.3985837339110756,0.20142281089065506,1,1,0
D101213,26-35,68.01,3,4,afternoon,fri,0,0.7788881548594845,0.3886509179576149,0.7008896158282121,1,1,1
D101214,26-35,182.13,15,0,afternoon,tue,1,0.7063649008381778,0.8210696470503974,0.8723407458596997,1,1,1
D101215,36-50,227.1,31,4,afternoon,fri,0,0.6235930143139037,0.4626292889894182,0.22061597093692492,1,1,0
D101216,26-35,154.56,55,2,afternoon,tue,1,0.7885401334567556,0.712432040528632,0.05574811744814832,1,0,0
D101217,36-50,928.49,64,1,afternoon,thu,1,0.9041923874174743,0.6539096528460695,0.5083584469631446,1,1,1
D101218,36-50,376.85,42,2,evening,thu,0,0.736844087250269,0.13111305107398974,0.21986293400896412,1,0,0
D101219,18-25,842.07,11,3,morning,sun,0,0.14261116945561586,0.3193855071545119,0.17399514248039222,0,1,0
D101220,18-25,310.16,34,0,morning,fri,1,0.7283290419422691,0.7260873320563301,0.40117897706819616,1,1,0
D101221,26-35,263.29,70,9,evening,thu,0,0.29108199072530655,0.7392557154866877,0.39343025392502406,0,0,0
D101222,51-65,105.33,8,2,evening,wed,0,0.25929544294336715,0.9465439644088857,0.36943073864624654,0,1,0
D101223,36-50,247.33,64,3,evening,wed,1,0.25536050897603846,0.5653983810078954,0.5724916369868461,1,1,0
D101224,26-35,247.58,34,3,afternoon,fri,0,0.5678525511317786,0.6507070946914881,0.3381182565407366,0,1,0
D101225,51-65,71.49,0,4,night,sun,0,0.5020526207427478,0.04814169344904188,0.10302475557882391,0,0,0
D101226,36-50,150.57,62,2,afternoon,fri,0,0.5669996402651135,0.7093795115244322,0.5784040164594749,1,1,0
D101227,36-50,182.92,2,4,afternoon,fri,0,0.8637967456973745,0.703881197318184,0.34886055829471485,1,1,0
D101228,65+,355.0,33,3,evening,wed,1,0.45900373576029646,0.5430671279602532,0.4364739420263278,1,0,0
D101229,18-25,370.63,17,5,afternoon,thu,1,0.21645378034819912,0.45939231177789563,0.2567679376531328,0,0,0
D101230,26-35,145.01,52,0,evening,fri,0,0.4629884396062538,0.9489290874559095,0.4343950675037147,1,1,0
D101231,36-50,373.15,5,4,night,fri,0,0.3459497808157296,0.848362026714207,0.4825413935905514,0,1,0
D101232,26-35,207.71,8,0,afternoon,wed,1,0.8120676478301595,0.8821168717528111,0.7078129978787366,1,1,0
D101233,36-50,20.0,47,2,morning,wed,0,0.4678322850593737,0.7675281856994157,0.573505665915681,1,1,0
D101234,26-35,158.19,89,0,afternoon,wed,0,0.11293108497150309,0.5840184137241198,0.12889543877115014,0,1,0
D101235,18-25,646.19,3,1,afternoon,wed,0,0.06554343695411798,0.8845639266192463,0.019945296279662413,0,1,0
D101236,26-35,53.86,41,3,evening,wed,0,0.6636809562327447,0.305338849576867,0.4038209045706498,1,0,1
D101237,26-35,270.81,72,6,night,tue,0,0.08886659634028489,0.05363210145601921,0.49385600519071027,0,0,0
D101238,26-35,1019.16,26,2,evening,thu,0,0.09908259304598378,0.2731995194471353,0.29120226359551343,0,0,1
D101239,18-25,123.4,44,1,night,sat,0,0.5023673544518692,0.39767354527385523,0.5292468298189713,0,0,0
D101240,51-65,245.17,75,3,afternoon,mon,0,0.8648013850771097,0.1969648788119165,0.251423547123992,1,0,0
D101241,26-35,75.67,65,2,morning,fri,1,0.6513630158073913,0.7961498982837591,0.3900454491156992,1,1,0
D101242,26-35,1058.39,26,1,afternoon,sat,0,0.5107857052686139,0.4838710831205172,0.16167302958364943,1,1,1
D101243,18-25,227.01,67,0,evening,sat,1,0.6684559796634558,0.7212363983049445,0.6230394779915006,1,1,1
D101244,26-35,255.18,60,1,morning,sat,0,0.07325453553720256,0.24713985833462437,0.1737499613677513,0,0,1
D101245,26-35,827.88,45,4,morning,wed,0,0.6204375845767489,0.20349602692822072,0.8214773708658434,1,0,1
D101246,36-50,443.78,39,2,afternoon,mon,0,0.8730287808003906,0.5159965146427411,0.3060222291079419,0,0,0
D101247,26-35,111.27,83,2,afternoon,sun,0,0.8695401240111106,0.33831721317314356,0.5557560838677433,1,0,0
D101248,51-65,136.65,78,4,evening,fri,0,0.4269162942471937,0.3221975325308138,0.36457290005099086,1,0,0
D101249,65+,382.01,89,2,evening,wed,0,0.21245132498065472,0.3551910473355057,0.87197052029628,0,0,1
D101250,18-25,139.53,60,4,morning,sat,0,0.6902090788347377,0.8754421132363767,0.6456856052792629,1,1,1
D101251,18-25,36.4,32,1,afternoon,wed,0,0.7230689290431501,0.745464627628389,0.27615899031151364,1,1,0
D101252,18-25,233.24,9,1,morning,sat,0,0.7456300691216967,0.9516613586041767,0.4365508503169534,1,1,1
D101253,36-50,64.57,11,2,afternoon,sun,1,0.6666799014231698,0.772362338405552,0.8622604616410035,0,1,1
D101254,18-25,1048.02,85,2,afternoon,sat,0,0.2607910089026673,0.5999083750839146,0.3197555686564953,1,1,0
D101255,51-65,286.89,32,4,evening,fri,1,0.4601586879229097,0.7965117569945793,0.40351389999404513,1,1,0
D101256,51-65,108.35,9,5,evening,tue,0,0.6753590502042477,0.679017343336688,0.573776162836541,1,1,1
D101257,51-65,130.48,20,3,evening,sun,0,0.5614941108912295,0.2474766277444105,0.3580364586345139,0,1,1
D101258,36-50,44.68,1,2,evening,wed,0,0.9810255861689815,0.8665319238996981,0.5329622328556984,1,1,0
D101259,65+,90.97,47,4,morning,fri,1,0.7731006172288063,0.3225464809024616,0.5661135097271551,0,1,0
D101260,18-25,610.75,53,4,evening,fri,0,0.04997746311751599,0.6546165050326619,0.37118591384428273,0,1,0
D101261,26-35,1823.67,34,1,evening,tue,1,0.46699876093121045,0.6638197568363639,0.08885339973245558,1,1,0
D101262,26-35,470.48,66,6,morning,fri,1,0.5638228495539938,0.821391132891598,0.1774919681055658,0,1,1
D101263,65+,225.24,43,3,afternoon,wed,0,0.4397456668820981,0.42848786184150084,0.44164937284181194,0,1,1
D101264,36-50,165.88,86,3,morning,wed,0,0.2507385063433491,0.11507500379069978,0.3593330050797907,0,0,1
D101265,51-65,103.46,68,3,morning,sun,0,0.6726707830935322,0.8134672726379804,0.17061920740629638,0,1,0
D101266,26-35,1562.1,6,2,afternoon,sat,0,0.15706805071644908,0.7353159346290609,0.1565322842989991,0,1,0
D101267,65+,206.46,24,3,afternoon,thu,1,0.8333990397312251,0.35464574647139413,0.8880807079637667,1,0,1
D101268,36-50,1642.65,67,3,night,mon,1,0.10357075001443775,0.12655052113021922,0.7012348513870099,0,0,1
D101269,36-50,857.63,48,2,evening,fri,0,0.4105372584894653,0.687454859793882,0.0392136305841954,1,0,0
D101270,65+,51.07,67,3,evening,sat,0,0.7501994287228002,0.09516694057844924,0.483306364635802,1,0,0
D101271,26-35,134.38,30,5,evening,tue,0,0.7012611837208147,0.7997255116888938,0.697585820186618,0,1,1
D101272,26-35,134.0,3,3,night,sat,1,0.5924497359799993,0.9015172762809389,0.6463393267785039,0,1,1
D101273,36-50,227.72,70,4,afternoon,wed,0,0.5381777016620971,0.2412309628285112,0.5122535323290488,1,0,0
D101274,18-25,231.76,70,2,afternoon,sat,1,0.5244225163692734,0.4758246644327237,0.5712476445299575,1,0,1
D101275,26-35,3628.65,57,2,evening,sat,0,0.025545061033160118,0.12183305535715573,0.07760494908403055,0,0,0
D101276,26-35,92.8,36,0,night,fri,1,0.2767004008667463,0.5350831837286855,0.5980055143402186,1,0,0
D101277,18-25,300.69,0,1,evening,sun,0,0.7247305994493219,0.7971079231080809,0.489899162030912,1,1,1
D101278,51-65,426.18,65,4,morning,mon,0,0.8245971697306628,0.40350464483674325,0.5248708241728428,1,0,0
D101279,36-50,244.35,59,3,evening,wed,1,0.8421716737476456,0.7534067150013712,0.4327112573550916,1,1,0
D101280,26-35,270.2,60,2,afternoon,mon,1,0.7292210573800046,0.48638892858632066,0.46068097875096875,1,1,0
D101281,26-35,95.55,15,2,afternoon,tue,0,0.36841116211800895,0.8684992032470166,0.16189909295395605,1,1,0
D101282,26-35,269.3,65,3,afternoon,wed,1,0.8169862532374161,0.4059235905647597,0.6268529243695505,1,1,0
D101283,36-50,387.71,65,1,evening,mon,0,0.7550160412449088,0.6900973109596569,0.12919532264141845,1,1,1
D101284,65+,328.6,77,3,morning,wed,0,0.646119043716338,0.05591701307903816,0.40009512864956787,0,0,1
D101285,65+,408.78,51,0,afternoon,mon,0,0.8295056146173923,0.754333019920354,0.8041437369586802,1,1,0
D101286,26-35,872.49,65,0,evening,mon,0,0.8532801406764192,0.41757528497985713,0.40258563824355115,1,1,0
D101287,26-35,568.65,36,2,morning,sat,1,0.29116910818934044,0.7976153641416063,0.35250149213065274,0,1,0
D101288,36-50,260.91,62,3,evening,sat,0,0.23132236043452645,0.5671988398772092,0.09647499177388225,1,0,0
D101289,36-50,85.24,62,2,afternoon,thu,0,0.6926331239071154,0.18736441513930124,0.4211400447284422,1,0,0
D101290,36-50,142.59,70,1,evening,thu,1,0.5602527091422016,0.7954005212865288,0.3818034916870951,0,0,1
D101291,36-50,200.8,77,2,morning,wed,0,0.28952100150469334,0.2819104186965057,0.5462643507281548,0,1,0
D101292,36-50,307.08,0,3,night,thu,0,0.8338170357694233,0.47545132089340963,0.34964908584134075,0,0,0
D101293,26-35,159.09,70,2,night,sat,0,0.14186158170605673,0.2930189157212189,0.07751014542225652,0,0,0
D101294,26-35,105.41,71,5,morning,thu,1,0.5586018931458403,0.9057137130114242,0.1520723476240949,1,1,0
D101295,26-35,83.98,49,7,evening,sat,0,0.10584680562484595,0.19371605115652446,0.23811330438674194,0,0,0
D101296,18-25,55.36,46,3,evening,thu,1,0.6602702139177257,0.8495609774488235,0.4694331179973395,0,1,1
D101297,26-35,198.05,65,3,morning,wed,1,0.8572891878888331,0.5060625146776924,0.1962703676522085,1,1,0
D101298,36-50,65.19,40,1,evening,sun,1,0.9366884382987284,0.8546308172106049,0.38003364898929437,1,1,1
D101299,26-35,99.44,37,3,evening,sun,1,0.8747034686743462,0.9690277127869708,0.7012735523389491,1,1,1
D101300,26-35,171.66,72,4,afternoon,tue,0,0.45718237643299114,0.3497239240183589,0.6289087724342078,0,0,1
D101301,36-50,73.53,71,1,night,thu,1,0.8555569290473641,0.5963649849003174,0.6465432977247471,1,1,0
D101302,51-65,344.39,18,4,morning,sat,0,0.6472750626834554,0.2901307033544322,0.4670460112641661,0,0,0
D101303,26-35,476.37,74,4,night,tue,0,0.18287498225245996,0.7003028728001365,0.19886040207426559,0,1,1
D101304,51-65,149.23,29,1,night,sat,0,0.6138214453254447,0.3447985965731097,0.7180311982072359,0,1,1
D101305,65+,165.12,12,2,morning,sun,1,0.8680724934773362,0.7271980022093113,0.7244289208890867,1,1,1
D101306,36-50,396.9,79,1,afternoon,tue,0,0.2485730824451897,0.31963429263158255,0.654099130879302,0,0,0
D101307,36-50,128.69,21,4,evening,tue,1,0.5430319825528884,0.9599836278418117,0.7977833544123913,0,1,0
D101308,18-25,120.97,18,3,evening,sun,1,0.5984867559804891,0.24725122776901662,0.5744915501783008,1,1,1
D101309,65+,718.27,24,2,morning,sun,0,0.17944816434814234,0.37565043307120116,0.52164392065205,1,1,1
D101310,26-35,542.27,44,2,afternoon,sun,0,0.18584845026725774,0.5378930193078847,0.25500142361786104,0,0,0
D101311,65+,420.48,14,1,evening,fri,0,0.5728164439022225,0.4244237559735037,0.25920337578410335,1,0,0
D101312,36-50,562.89,14,0,afternoon,mon,0,0.8868275585228174,0.6815766798184554,0.4522942224699485,1,0,0
D101313,18-25,41.28,35,0,evening,sun,1,0.8734035313121666,0.8181947434172703,0.4528978708836391,1,1,1
D101314,18-25,827.54,19,1,evening,tue,0,0.5780183205415776,0.7562432571252454,0.09317147345978995,0,0,0
D101315,36-50,348.23,17,3,night,tue,0,0.5674481575406266,0.6158880707192084,0.9222420656807216,1,1,1
D101316,36-50,607.71,82,2,morning,sat,0,0.8764653239275155,0.7482406468857646,0.5376397531090131,1,1,1
D101317,18-25,346.7,53,2,night,wed,0,0.1930373878330897,0.06711885830535103,0.1602960443338252,1,0,0
D101318,51-65,255.71,1,3,evening,sun,0,0.7251569841671974,0.8763940426421496,0.9269658878133681,1,1,0
D101319,51-65,190.99,9,2,night,sun,0,0.3586013935460491,0.9280426660799228,0.45737223154855616,0,1,1
D101320,36-50,340.51,73,2,morning,sat,1,0.2810356004680864,0.11635105720830682,0.7411222707831078,0,0,1
D101321,36-50,184.83,24,2,evening,sat,0,0.8890983452570783,0.5373473027944818,0.48506026814579156,1,0,0
D101322,18-25,534.37,13,1,evening,thu,0,0.4832146542815231,0.9315814430459778,0.23615731029166234,0,1,0
D101323,51-65,58.69,59,4,evening,sun,0,0.720996309447096,0.5665369343490613,0.4264210557023954,0,0,0
D101324,26-35,150.29,75,6,morning,sun,1,0.3816809818823688,0.8714281313244386,0.7899364571945157,1,1,1
D101325,51-65,1541.24,35,1,afternoon,tue,1,0.8280407362503043,0.559552359978082,0.7987840464406413,1,1,1
D101326,26-35,139.29,66,3,morning,wed,0,0.256426976070335,0.11829510258709354,0.3200228947325517,0,0,0
D101327,36-50,197.39,37,3,morning,fri,0,0.863018057068251,0.8126207447202449,0.07744749857643868,1,1,0
D101328,26-35,110.57,9,0,evening,sun,1,0.919403315794993,0.9005780583059828,0.6272865442235809,1,1,0
D101329,26-35,331.05,71,3,night,wed,1,0.0994880036239977,0.8833604416479195,0.18228500880609216,0,1,0
D101330,51-65,126.14,82,0,evening,tue,1,0.6503265101404477,0.1710278653419442,0.7676415225646389,1,0,1
D101331,36-50,207.05,88,4,morning,wed,1,0.8255225533746677,0.18311783026612166,0.32336102431162767,1,0,0
D101332,36-50,525.31,9,2,afternoon,sat,0,0.9115536344407423,0.5228870455859661,0.30111351188225777,1,0,1
D101333,65+,130.47,50,2,afternoon,thu,0,0.7707957457072492,0.6924096683686157,0.49141847449010234,1,0,1
D101334,65+,497.58,56,5,morning,tue,1,0.4063493521647183,0.7390986610051343,0.8897505745901694,0,1,1
D101335,51-65,512.86,7,3,evening,sat,0,0.34601753089810916,0.2562736210321459,0.14841919840277415,0,1,0
D101336,26-35,632.36,85,0,morning,fri,0,0.6112266455728717,0.4063983422388949,0.5248437171643598,1,0,1
D101337,36-50,277.68,9,0,morning,thu,1,0.7666845845683813,0.9862444804033728,0.6987993135758293,1,1,1
D101338,51-65,4523.92,24,1,evening,fri,1,0.07198129474757706,0.11172266558671129,0.4112515006028749,0,0,1
D101339,26-35,632.12,87,4,morning,tue,0,0.27533017193362247,0.596210697537297,0.20662700192636885,1,0,0
D101340,18-25,327.8,50,4,afternoon,tue,1,0.7430583508640758,0.61127208529964,0.5469235962704782,1,0,0
D101341,51-65,111.24,61,1,afternoon,sat,0,0.9173480601213221,0.49998947353034134,0.42051453649450243,1,1,1
D101342,36-50,224.22,44,1,morning,fri,1,0.9141763591675172,0.42187680322357446,0.45436312810792334,1,0,1
D101343,36-50,883.33,67,5,evening,sun,1,0.47099556667421255,0.18891050245104488,0.4949480718491453,0,1,1
D101344,65+,1139.77,7,2,afternoon,sun,1,0.31828898092976726,0.3077938245235476,0.9515805588912469,0,0,1
D101345,36-50,925.65,60,2,evening,wed,1,0.7836701475196021,0.37132120354441867,0.16268675792607284,1,1,0
D101346,26-35,496.05,5,1,morning,thu,1,0.9483247412806223,0.7537622139593256,0.6558340261715291,1,1,0
D101347,26-35,79.04,16,1,afternoon,sat,1,0.907339466476689,0.8685761007648877,0.4965126621757424,1,1,1
D101348,26-35,379.34,45,3,evening,mon,0,0.6123687209719414,0.923512563334637,0.2973948545716827,0,1,0
D101349,18-25,80.06,40,3,morning,sun,0,0.2980925221440007,0.46385008101226083,0.08434043703144531,1,1,0
D101350,51-65,64.15,13,2,morning,tue,0,0.7884995642430327,0.28592233169681247,0.16853106170797783,0,0,0
D101351,51-65,303.46,71,1,afternoon,tue,0,0.8429583018736214,0.3845756693846832,0.6111725596793753,0,0,1
D101352,26-35,391.85,27,3,morning,thu,1,0.7202816493689533,0.5288953234126339,0.1934853455799859,1,1,0
D101353,26-35,551.72,77,3,morning,fri,0,0.3686636601104012,0.13030542076883947,0.5881994817010319,1,0,1
D101354,51-65,382.77,1,1,night,wed,1,0.5266031080280086,0.8532164481016467,0.4438474112027261,0,0,1
D101355,18-25,394.82,21,2,afternoon,sun,0,0.935620052572728,0.6873628023217175,0.48008056620200806,1,0,0
D101356,36-50,100.87,26,0,afternoon,sat,0,0.5040615860518676,0.617876809809095,0.33167313532623355,1,0,0
D101357,36-50,222.63,53,1,afternoon,sat,0,0.35886898156283203,0.09074821836575654,0.2850531746915668,0,0,0
D101358,36-50,63.03,36,4,morning,sat,0,0.61820756291797,0.29235709339562516,0.22721282879925347,0,0,0
D101359,26-35,40.32,14,4,evening,mon,0,0.612807213577478,0.3263855959086658,0.5078330298642917,0,0,1
D101360,36-50,476.55,51,2,evening,sat,0,0.8017158381039442,0.40674663686770485,0.6122182244849967,1,0,1
D101361,26-35,124.24,86,2,night,fri,0,0.6455410245912141,0.521865619385641,0.2787310413389305,1,1,0
D101362,36-50,536.6,12,5,morning,tue,1,0.3564296610889868,0.6460280198060548,0.7057502440171192,0,0,1
D101363,18-25,663.49,22,3,morning,sat,0,0.18628467816880934,0.42402813829905583,0.3177034084158812,0,0,1
D101364,36-50,140.14,43,0,evening,mon,1,0.6653523042397358,0.47793033751430003,0.2461541859820042,0,0,0
D101365,36-50,416.25,65,6,afternoon,fri,1,0.7632245437552705,0.4067616567391635,0.6044773114630353,1,0,0
D101366,26-35,134.96,12,7,morning,thu,0,0.6206716530859759,0.699220309389911,0.29426299767128855,0,1,0
D101367,18-25,46.47,20,1,afternoon,mon,0,0.5271022114475821,0.6440043552065698,0.031077242965614947,0,1,0
D101368,26-35,273.41,21,0,morning,wed,1,0.8153543973336715,0.6098017913824234,0.42319432297262755,1,1,0
D101369,26-35,160.17,55,2,evening,mon,1,0.42892141147189994,0.5047415625965063,0.1265683311448242,1,0,0
D101370,18-25,164.67,7,3,evening,sun,0,0.33366416974476526,0.5444046289480372,0.121947086343876,0,0,0
D101371,65+,1447.81,59,3,evening,sat,1,0.11970396584446448,0.1522548326260288,0.6213976762425734,0,0,1
D101372,26-35,61.97,38,1,afternoon,sun,0,0.6551590116397731,0.34473611006329097,0.37299825775933443,1,0,0
D101373,51-65,345.36,29,3,evening,thu,0,0.6827951791723741,0.3366623575523101,0.3173141588165911,1,0,0
D101374,65+,99.95,77,7,evening,wed,0,0.18945010856809374,0.48537093098064527,0.7262424386693237,1,1,1
D101375,18-25,554.15,73,0,evening,sun,1,0.6280581052780754,0.6058916818821998,0.37916289274173276,1,1,0
D101376,36-50,320.09,72,2,afternoon,wed,0,0.8200400588205947,0.159416400712639,0.3038260677154802,1,0,0
D101377,51-65,344.26,79,0,night,wed,0,0.20560975563110886,0.040231772979280565,0.5458046776095528,0,0,1
D101378,36-50,104.54,21,0,afternoon,mon,0,0.7174860368440524,0.9314923147901255,0.7819106108029106,1,1,1
D101379,26-35,122.85,76,1,evening,sat,0,0.6751024949038317,0.7994924241766764,0.04869717826689146,0,0,0
D101380,26-35,563.7,15,4,evening,mon,0,0.5545057937469907,0.7067679418606873,0.7003824406569935,1,1,1
D101381,18-25,1204.38,29,2,evening,mon,0,0.10936245634927318,0.8547530008736332,0.1677407921276622,0,1,0
D101382,36-50,377.01,49,6,night,sat,1,0.29092003885985446,0.543217270944006,0.32887711986961704,0,0,1
D101383,65+,109.11,66,1,afternoon,sat,1,0.5380172254748311,0.3631131412826019,0.6687096995027735,0,1,1
D101384,65+,331.97,51,3,evening,sat,0,0.443804367308864,0.07955638227054752,0.40037921572511936,0,0,0
D101385,18-25,2174.87,50,2,afternoon,sun,0,0.10850058738989588,0.8319452348591774,0.08514874352437661,0,0,0
D101386,36-50,268.32,33,1,evening,mon,0,0.9385688949903463,0.4556079148489338,0.6800040611545333,1,0,0
D101387,26-35,912.02,53,0,morning,wed,1,0.5418345273996694,0.5935892552531659,0.504492051787441,0,0,1
D101388,51-65,125.68,42,2,afternoon,sat,0,0.19255174305695505,0.40863253634790764,0.1289675773800611,1,1,0
D101389,18-25,235.6,42,3,night,wed,1,0.4576390141898499,0.7409907228320349,0.6331842562833623,1,1,1
D101390,65+,427.35,52,3,evening,sat,0,0.8573489889191476,0.37521534021949143,0.7550514936326328,1,0,1
D101391,51-65,349.88,54,4,afternoon,sun,0,0.4258245926377556,0.413035817660909,0.1678965757753449,1,1,0
D101392,18-25,122.76,29,2,morning,sun,0,0.3546488725921346,0.5188126933586513,0.3912844591380318,0,0,0
D101393,18-25,118.09,12,7,afternoon,sat,1,0.41337245872499284,0.7246329366307851,0.6064543862943493,0,1,1
D101394,51-65,595.53,26,2,morning,sat,0,0.6795733713268711,0.5278614661594385,0.16679738628237786,1,0,0
D101395,26-35,715.08,36,1,morning,fri,0,0.4388814448866557,0.44093623451453207,0.43435504500008687,0,1,0
D101396,36-50,954.25,14,2,night,mon,0,0.12470010591565737,0.8105614679190777,0.27433187718103075,0,1,0
D101397,65+,1240.83,15,1,afternoon,thu,1,0.42769837116321036,0.44614497729990943,0.8403598715132093,0,0,1
D101398,36-50,276.21,85,2,morning,sun,0,0.4614865583652795,0.7408899401587375,0.19484225686202156,0,1,0
D101399,26-35,184.92,25,1,evening,sun,1,0.8443013961446809,0.4143017039942356,0.7720034804416018,1,0,1
D101400,26-35,825.42,66,4,morning,tue,1,0.3045170957623994,0.7337842373721516,0.35730184982277435,0,0,0
D101401,18-25,464.87,11,4,afternoon,sat,0,0.3257450618273816,0.40162167485330014,0.19664722243721927,0,0,0
D101402,65+,101.07,87,0,afternoon,wed,0,0.6015569843961314,0.1730608826552079,0.4513505413915481,1,0,0
D101403,26-35,96.52,19,3,morning,wed,0,0.41659442117894935,0.8560800124515824,0.6301032457600152,1,1,0
D101404,26-35,380.98,35,4,afternoon,fri,1,0.6199355701163889,0.6558108317338113,0.2894814819077056,0,0,0
D101405,26-35,208.61,70,3,evening,thu,1,0.7593211474507361,0.9724788200960777,0.7301321970653283,1,1,1
D101406,65+,238.94,18,5,afternoon,fri,1,0.36257953206524896,0.6059908110869431,0.8019845446647983,1,0,1
D101407,18-25,642.44,49,0,evening,mon,0,0.574947097831613,0.4928068839153994,0.0894029168016024,1,0,0
D101408,51-65,484.51,70,2,night,wed,1,0.2285608188414678,0.5547481072993232,0.6453018037037546,0,1,0
D101409,36-50,809.88,2,1,evening,sat,0,0.3570501085343004,0.4710533621227746,0.46522194953385976,0,0,1
D101410,51-65,43.02,2,2,night,fri,0,0.44531202867594705,0.7424727054734717,0.2455575859145527,1,0,0
D101411,65+,307.37,70,4,night,sat,0,0.6034885207637043,0.1255633077190801,0.635449504473459,1,1,1
D101412,51-65,457.25,23,1,evening,sun,0,0.21448197302360106,0.5554948358698869,0.6923161071108979,1,0,0
D101413,65+,61.93,81,1,afternoon,wed,0,0.45266309536497135,0.34082935871803394,0.8629247583820602,0,0,1
D101414,18-25,135.72,83,1,morning,tue,0,0.4278441872535282,0.6270358734621388,0.5929051408714782,1,1,0
D101415,51-65,114.84,79,1,evening,wed,1,0.9151644532801383,0.7676894088701914,0.9612663643428981,1,1,0
D101416,36-50,249.52,89,2,evening,fri,0,0.9237203687237692,0.08209389650948108,0.3965158736737655,1,1,0
D101417,36-50,1058.99,74,2,evening,tue,1,0.4603537603090635,0.4887097156061158,0.633891247326548,1,1,1
D101418,51-65,1510.7,34,6,evening,wed,0,0.44155203235938556,0.13205353883131957,0.28560999113636715,1,0,0
D101419,65+,117.58,89,2,evening,tue,0,0.5149054541339282,0.07242961692818219,0.9298321614889259,0,0,1
D101420,36-50,393.04,31,2,evening,wed,0,0.6621342229343353,0.3194589891155012,0.22905469599099343,1,0,0
D101421,36-50,404.61,52,3,evening,sun,1,0.7292622445488147,0.3514330019763213,0.8978118639979636,1,0,1
D101422,36-50,346.84,0,2,morning,wed,1,0.4196506020550654,0.6736678095311224,0.9087338370487875,0,1,1
D101423,26-35,350.4,86,4,afternoon,sat,0,0.3375288112893055,0.4866222281377222,0.1606334533025957,0,0,1
D101424,26-35,321.62,53,1,morning,thu,0,0.6819910991014918,0.7471917984848989,0.643993242096499,0,0,1
D101425,26-35,1117.46,85,2,morning,thu,0,0.14240378020160058,0.30637059123535054,0.4027179120857303,0,0,0
D101426,18-25,659.99,31,2,afternoon,fri,0,0.5645540273214185,0.9204508116642074,0.2241272873836979,1,1,1
D101427,18-25,94.24,28,3,morning,mon,1,0.20309499964696745,0.7265319270578732,0.4226179179586984,0,1,1
D101428,51-65,500.77,47,2,night,wed,1,0.572482746665816,0.09648676911390394,0.7203009315109535,0,0,0
D101429,26-35,546.28,77,2,afternoon,mon,0,0.7840965936582723,0.41426038563924006,0.4157508696901479,1,0,0
D101430,65+,324.88,49,2,evening,tue,0,0.5322787554314464,0.34158047623327004,0.905311867619863,0,0,1
D101431,36-50,677.41,71,2,morning,fri,0,0.2465720472049384,0.016422633080545816,0.5479651174416854,0,0,1
D101432,18-25,289.82,19,3,evening,tue,1,0.286203172126985,0.9416821164719329,0.2606376208548106,0,1,0
D101433,26-35,293.07,69,1,afternoon,tue,0,0.6610398245181812,0.5593195062148387,0.5514378066093073,1,1,1
D101434,26-35,272.9,65,3,evening,fri,0,0.7593137949286375,0.26235058963043606,0.06977618730700547,1,0,1
D101435,65+,39.79,80,3,evening,wed,1,0.6505480580335611,0.17064878428292624,0.6471134755862343,1,0,1
D101436,26-35,227.61,5,5,afternoon,mon,0,0.46628039173715763,0.8253913860709489,0.3094136761893429,1,1,0
D101437,36-50,134.1,34,3,evening,sun,0,0.17783142350712353,0.7067381235533206,0.6245347161503144,1,0,1
D101438,65+,84.12,7,4,evening,sun,0,0.6450475896487482,0.21896383392099494,0.937897154025036,0,0,1
D101439,65+,889.46,36,1,evening,fri,1,0.47200188565702966,0.1512454180181794,0.785684941820581,1,0,1
D101440,26-35,385.21,68,2,afternoon,thu,1,0.46049492028147715,0.702316174536738,0.3633598985010489,1,1,1
D101441,18-25,238.21,57,2,night,sat,0,0.6781076612107029,0.6255233088134038,0.1841394284291782,1,1,0
D101442,26-35,147.18,67,1,afternoon,sun,0,0.13587036759880575,0.6927797088832962,0.5866665285941917,1,1,0
D101443,18-25,319.43,66,1,afternoon,mon,0,0.12026417811138128,0.4873914557443077,0.264880445500876,0,0,0
D101444,26-35,597.22,89,1,afternoon,mon,1,0.6323762665743774,0.5830838410361128,0.30670446904024934,0,1,1
D101445,36-50,116.25,79,2,afternoon,wed,0,0.509149550886668,0.4356503942752922,0.6696201337480395,0,1,1
D101446,65+,243.63,52,1,afternoon,wed,0,0.468147191870779,0.6058974203797968,0.875641444280087,1,1,1
D101447,36-50,534.46,78,3,evening,sun,0,0.5326715902005917,0.661400207032608,0.17705902958366623,0,1,0
D101448,36-50,42.85,4,4,evening,thu,1,0.8648603171324313,0.9374509512364138,0.22136058445131576,1,1,0
D101449,26-35,232.34,64,4,night,sat,0,0.11592139502383193,0.7545746301710109,0.32744023741983214,0,1,0
D101450,51-65,166.27,46,6,morning,fri,0,0.3432768618074927,0.7924508159400148,0.2309504380834955,0,0,0
D101451,36-50,216.93,86,1,evening,sat,0,0.5854258085092349,0.6419325094408821,0.14519621605322142,0,1,0
D101452,51-65,155.79,45,1,morning,sun,1,0.7537406138556881,0.3685203328356946,0.3962834796892587,1,0,0
D101453,65+,276.96,16,2,afternoon,fri,1,0.8399472947532107,0.8642308950441275,0.9178285570965106,1,1,1
D101454,26-35,1381.97,65,3,afternoon,sat,1,0.21281913154264462,0.16798060811209212,0.5714617987940884,0,0,1
D101455,18-25,182.81,85,1,evening,tue,0,0.5648712745176109,0.9547083063552543,0.8638136470892346,0,1,1
D101456,26-35,318.16,1,3,evening,tue,0,0.851599032496163,0.468485766564498,0.24232463812449193,1,0,0
D101457,26-35,1473.32,5,0,afternoon,fri,0,0.5074359008571661,0.829729588014209,0.6989321466043255,0,0,1
D101458,65+,149.15,59,4,morning,sun,1,0.5237184942252636,0.6988864168101259,0.8341134893217126,0,1,1
D101459,26-35,1252.89,50,0,afternoon,mon,1,0.4940890128121268,0.7690947891481857,0.2991846270022276,0,0,0
D101460,51-65,245.87,49,3,afternoon,thu,0,0.4316959468872505,0.06569968259076514,0.48719086248265375,0,0,1
D101461,36-50,1216.47,8,2,evening,tue,0,0.32536926713320335,0.2661701991285689,0.27622753258344274,0,0,1
D101462,26-35,480.67,51,3,afternoon,sun,0,0.3559737303043536,0.6001137093516161,0.40851638934689016,0,0,0
D101463,26-35,322.59,51,3,evening,thu,1,0.7712867662954139,0.8277216906950301,0.7229502460725318,0,1,1
D101464,36-50,230.66,76,2,night,mon,0,0.22506786676867868,0.3331646825150161,0.3325355936159867,0,0,0
D101465,36-50,139.54,35,0,afternoon,mon,0,0.7396777964134384,0.6210087187593311,0.6947462041830124,1,1,0
D101466,26-35,261.97,31,0,night,fri,0,0.47518112077168523,0.28650957968959695,0.7384728970079694,0,1,1
D101467,26-35,548.74,7,2,evening,tue,0,0.9266584026180331,0.9435798224684103,0.7619916698931641,1,1,1
D101468,36-50,241.82,51,0,morning,mon,0,0.8295030804285339,0.43361350284793737,0.18585444460688008,1,0,1
D101469,26-35,184.02,58,1,evening,tue,1,0.8598072575459665,0.8726254270770534,0.473291599231576,1,1,0
D101470,65+,195.25,25,1,afternoon,tue,1,0.9050509861241607,0.8511981502233261,0.8870597405130806,1,1,0
D101471,26-35,597.78,65,1,evening,wed,0,0.3815024086942481,0.2698176987413766,0.1328773427066002,1,0,0
D101472,18-25,737.04,84,4,evening,sat,0,0.5701829002233447,0.44547019688589884,0.07397927688971505,1,0,0
D101473,36-50,134.23,15,2,evening,sun,1,0.829555664013493,0.7370638877301244,0.5894104926378962,1,1,0
D101474,36-50,134.06,51,2,evening,thu,1,0.7797152548976969,0.5690368784311608,0.4498201405424003,1,0,0
D101475,36-50,344.27,62,1,evening,sun,0,0.2840437848939551,0.6688339124080704,0.3783043080052351,1,0,0
D101476,26-35,967.56,1,1,afternoon,sat,1,0.5306162768877256,0.5782932441798551,0.3696052817549026,1,1,0
D101477,65+,686.35,16,1,night,tue,1,0.15681488373504135,0.48247802409106555,0.974331473390962,1,1,1
D101478,36-50,79.31,35,2,evening,sat,1,0.729055397134237,0.5284990592213717,0.45502203553289833,1,0,0
D101479,36-50,192.93,12,6,evening,tue,0,0.49269275323849204,0.9334164255284975,0.5984760767838073,1,1,0
D101480,26-35,105.9,31,0,evening,sun,0,0.5759006745703934,0.5063186416920153,0.5431745326419236,0,1,1
D101481,18-25,192.34,13,1,morning,sat,0,0.19549827509415313,0.8555395932173794,0.08163090923311857,0,1,0
D101482,36-50,1036.88,80,1,afternoon,mon,1,0.7452721951940449,0.8624028627546497,0.8289394102755954,0,1,1
D101483,26-35,68.01,53,0,evening,tue,1,0.8773689331266117,0.5646453915785663,0.6717445902196096,1,0,1
D101484,36-50,57.0,29,5,night,thu,1,0.9088315073249864,0.6065417863313556,0.6233548375486427,1,1,1
D101485,18-25,116.08,70,2,evening,sat,0,0.8211712689102186,0.3137505020953872,0.586061970721266,1,0,1
D101486,65+,316.9,1,3,afternoon,thu,0,0.6845399348902809,0.07606424229110265,0.6734713853089875,0,0,1
D101487,36-50,427.81,53,1,afternoon,mon,1,0.9004648149001233,0.40178466460746626,0.7662150856427931,1,0,1
D101488,51-65,362.75,61,3,afternoon,fri,1,0.7265675971547977,0.32709308470327997,0.17826984478804858,0,1,1
D101489,36-50,704.94,72,2,afternoon,fri,1,0.5139743703221995,0.3660563515779442,0.7196764072635784,0,0,0
D101490,18-25,50.06,20,1,evening,sun,0,0.514537626845921,0.6634190863171056,0.40785025694832006,0,0,0
D101491,51-65,713.02,53,2,evening,tue,1,0.8027697640070733,0.4909445617889413,0.6733795899828313,1,1,1
D101492,36-50,184.77,69,2,afternoon,mon,1,0.9959073622874098,0.26580283903969715,0.3219398862425998,1,0,0
D101493,51-65,472.65,71,0,afternoon,sat,1,0.8735453331473424,0.5432518972816056,0.5816732460555504,1,1,1
D101494,26-35,74.36,15,2,night,fri,0,0.6057384743063541,0.8922350470546014,0.35599673525964426,0,1,0
D101495,36-50,245.79,87,4,evening,thu,1,0.7576889166396426,0.7955252681313574,0.2259109377633718,0,1,0
D101496,51-65,302.67,24,1,afternoon,fri,0,0.799477191943234,0.44352135185228725,0.6575722904059076,0,0,1
D101497,36-50,692.41,35,4,afternoon,tue,0,0.5064049321396991,0.6743019277822379,0.7945028159496036,1,0,1
D101498,26-35,58.75,17,1,afternoon,mon,0,0.8541482497180218,0.5767109392305516,0.12798325838144145,1,1,0
D101499,36-50,251.56,13,1,afternoon,wed,0,0.7187823894801981,0.5331422050471298,0.6111533834510244,1,1,1
D101500,36-50,92.14,22,1,evening,sun,1,0.5978372367764999,0.769078021780218,0.4861953580976773,0,1,0
D101501,65+,385.66,12,1,afternoon,thu,1,0.8500019028292608,0.4721520256331583,0.6669859147416863,1,0,0
D101502,26-35,492.5,65,2,afternoon,fri,0,0.6571863914543589,0.23259910754097446,0.35532868461516626,1,1,1
D101503,26-35,779.34,53,2,afternoon,sun,1,0.48350860936721873,0.7959768017751725,0.4742953675646415,1,0,0
D101504,51-65,151.18,35,2,afternoon,wed,0,0.748846018451911,0.26808904583850557,0.6042175891920334,1,0,0
D101505,36-50,563.69,49,4,evening,thu,0,0.7786163523148533,0.2899528345813051,0.16051350852046506,1,0,0
D101506,51-65,832.81,54,2,evening,fri,1,0.6300184851827559,0.7410237722487131,0.841609953960008,0,1,1
D101507,36-50,55.76,16,1,morning,tue,0,0.6583176101185916,0.7562371266787494,0.5120761879018264,1,1,1
D101508,26-35,424.58,26,2,afternoon,wed,1,0.5311121398694217,0.7975578365125353,0.6549881522799549,0,0,1
D101509,51-65,579.79,79,1,evening,thu,1,0.6033191016730417,0.142680711547749,0.8589404867486258,1,0,1
D101510,18-25,193.86,1,0,night,wed,0,0.8512721804992699,0.5003279548971893,0.0729545660897198,1,0,0
D101511,26-35,82.29,86,4,morning,tue,0,0.38663255628516396,0.5897572224978214,0.4946527303015523,1,0,1
D101512,36-50,571.73,86,6,morning,thu,0,0.44263573861780087,0.42102977519507895,0.31409851546712736,1,0,0
D101513,51-65,83.13,22,4,night,sun,1,0.4778460533728003,0.5556514924381258,0.8705204683832327,0,1,1
D101514,51-65,208.41,28,0,morning,wed,0,0.61875989695502,0.4031851665746871,0.36071551453292194,0,0,0
D101515,26-35,236.01,18,6,night,sat,1,0.2215554181503821,0.49004717970378453,0.736016224994386,0,1,1
D101516,18-25,465.91,50,3,evening,fri,0,0.4545034831106582,0.6790745084534869,0.11734816483536661,0,1,0
D101517,65+,139.22,19,1,morning,mon,0,0.5446134012594839,0.16649305101554251,0.7806925705880731,0,0,1
D101518,26-35,132.14,71,3,morning,sun,0,0.7579779174345388,0.50608368664242,0.41976678258555306,0,1,1
D101519,26-35,267.47,34,2,night,fri,0,0.42406421880093814,0.25718676524110884,0.35194184742531565,0,1,1
D101520,26-35,605.32,87,0,afternoon,thu,0,0.4710487751724546,0.2555014854990595,0.13488403095979284,1,0,0
D101521,36-50,1917.36,76,3,afternoon,fri,0,0.20165542777936882,0.26371140010476934,0.23048831717847484,0,1,0
D101522,51-65,63.01,36,3,afternoon,mon,1,0.8309642230258172,0.7272027272082168,0.8480636441698685,1,1,1
D101523,51-65,324.99,53,1,evening,tue,1,0.9429041600392257,0.650561394225394,0.9062352257122213,1,1,1
D101524,36-50,92.03,2,4,evening,sat,0,0.4153844732222983,0.2629857554861437,0.8842951588389802,0,0,1
D101525,26-35,612.12,6,1,evening,fri,0,0.7260938071018538,0.2473521957729175,0.5303155744106267,1,0,1
D101526,26-35,105.14,45,5,morning,wed,0,0.15071128279707152,0.5687313574107361,0.4206253760953035,0,1,0
D101527,36-50,133.33,42,2,evening,thu,1,0.9396524530691183,0.19405661839366944,0.685959534742897,1,0,0
D101528,18-25,143.98,35,4,evening,fri,1,0.5922094924507867,0.907225914687195,0.8660669041875152,0,1,0
D101529,26-35,228.47,8,2,morning,thu,1,0.377467014494219,0.564635263032669,0.6653254943000368,0,0,1
D101530,26-35,327.3,75,1,evening,thu,0,0.2402060064510564,0.9398824809971759,0.36427299941171537,0,1,0
D101531,18-25,378.17,36,3,evening,thu,1,0.7877056638258694,0.5392539077032843,0.357739461046326,1,0,0
D101532,36-50,243.43,42,0,morning,tue,1,0.387148729498264,0.7790929814011723,0.542730971491615,1,1,0
D101533,36-50,73.93,36,3,night,thu,0,0.6061416419448941,0.29490859337004804,0.5724177860738027,1,0,0
D101534,18-25,471.07,44,5,afternoon,fri,0,0.2540957176324857,0.5409608418599313,0.15205393489955943,0,1,0
D101535,36-50,233.3,58,6,afternoon,fri,0,0.45413366769945107,0.42725555614568617,0.24787001202398473,1,1,1
D101536,51-65,696.15,68,3,morning,fri,1,0.3769942356020031,0.6410055776262066,0.590880927540865,1,1,0
D101537,51-65,129.42,49,4,afternoon,thu,0,0.3367954608636593,0.6635579385433318,0.4032635312908611,0,1,1
D101538,51-65,57.86,14,1,afternoon,fri,0,0.652188868592948,0.749004512803631,0.7334780042701047,1,0,1
D101539,26-35,237.31,78,2,afternoon,sat,0,0.6097036386584943,0.7432562566919264,0.5189246380696122,1,1,1
D101540,51-65,785.53,25,4,evening,wed,0,0.4549845023750185,0.243457190182765,0.5783879353512141,1,0,1
D101541,26-35,282.83,1,0,evening,thu,1,0.8903000529223719,0.9224646606029082,0.6711296881222543,0,1,1
D101542,26-35,204.44,3,2,morning,fri,0,0.6096703940348681,0.6555614367882224,0.4424480464967412,0,1,0
D101543,26-35,111.8,69,3,evening,fri,0,0.7108304940440224,0.7943237493888432,0.008039671420210883,1,1,0
D101544,36-50,1190.33,34,2,evening,thu,0,0.6300757681296688,0.46753910586008574,0.1974063293383356,1,1,0
D101545,26-35,96.87,2,2,afternoon,tue,1,0.6939785780261449,0.9084357815365816,0.7185940003270015,1,1,1
D101546,26-35,127.38,73,6,night,sun,0,0.093462136842616,0.44017504788819684,0.16655466818753764,0,0,0
D101547,51-65,408.72,27,3,afternoon,thu,0,0.8215916358485046,0.6480312737210765,0.7494363517259666,0,0,1
D101548,26-35,46.04,88,3,morning,thu,0,0.27023501381780074,0.29563056747821687,0.5798790882319133,1,0,1
D101549,26-35,770.57,79,2,morning,thu,0,0.5134962278617992,0.13487102832101944,0.2532747775244312,1,0,1
D101550,18-25,429.14,4,3,afternoon,sat,1,0.5897160825092416,0.914193273418026,0.30748490123543054,1,1,0
D101551,26-35,549.66,62,1,afternoon,wed,1,0.5193414024248506,0.907405011923648,0.4659016973200289,0,1,1
D101552,26-35,404.36,54,3,morning,sun,0,0.5358831703859895,0.4647230124974127,0.3349190317435989,1,0,0
D101553,26-35,211.66,15,1,evening,mon,0,0.9190089191857264,0.873153565318951,0.5731350591366874,1,1,1
D101554,26-35,93.99,30,4,night,mon,0,0.6036107397528507,0.19874513710588454,0.04636782705216365,0,1,0
D101555,51-65,215.71,44,1,evening,thu,0,0.7282236429838332,0.3139624412384588,0.3510369586969017,0,0,1
D101556,65+,101.73,13,1,evening,sun,0,0.9289508807770192,0.4386942928113745,0.43185647711160496,1,1,0
D101557,36-50,379.0,64,4,evening,mon,0,0.16420844404150617,0.0899093877296446,0.039428203574783875,0,0,0
D101558,36-50,505.78,24,2,evening,fri,0,0.3849483325758064,0.18367869856976868,0.3146277796305481,0,0,0
D101559,51-65,924.38,84,2,afternoon,wed,1,0.4045361120701472,0.4114518155866269,0.2132742523098968,0,0,0
D101560,65+,341.92,72,2,afternoon,mon,1,0.890558080523544,0.235643066227664,0.6469562955670943,1,0,1
D101561,36-50,562.35,57,4,afternoon,wed,0,0.7431437125451923,0.30445557055303707,0.2753785054244369,0,0,0
D101562,51-65,187.27,10,3,morning,fri,1,0.3405791084672869,0.5249761808550377,0.7828431041214,0,0,0
D101563,51-65,159.1,2,2,evening,fri,1,0.7650489417616769,0.35438260514723535,0.6362424935368748,1,0,1
D101564,51-65,374.77,13,1,afternoon,sat,0,0.3096593444997958,0.4161061362871576,0.17112149890097245,0,0,1
D101565,36-50,172.81,44,1,morning,sun,1,0.728189045354885,0.5981686470099873,0.6692122534097245,0,0,1
D101566,18-25,311.77,70,3,afternoon,mon,1,0.7386914815581249,0.5465025186715691,0.9068340382197642,1,1,1
D101567,18-25,94.15,13,2,evening,sun,0,0.7914820845250541,0.6024818080975551,0.6434971699101141,1,0,1
D101568,36-50,110.67,63,3,afternoon,mon,1,0.7824878322341201,0.5203378630770645,0.7184089282644137,1,1,0
D101569,36-50,433.49,4,1,afternoon,sun,0,0.5800697584240493,0.7644031632164465,0.4226411758139335,1,1,1
D101570,26-35,543.5,23,2,morning,sat,0,0.4693705542817564,0.5671002762094935,0.2573806778241175,0,1,0
D101571,36-50,100.78,53,2,morning,sun,0,0.7547225659227197,0.08518126257361118,0.30090256680547817,1,0,0
D101572,36-50,447.44,74,5,evening,mon,1,0.9530094102691622,0.18740870700933673,0.5630766886671787,1,0,1
D101573,51-65,151.49,69,2,morning,mon,1,0.382839233052679,0.7333433250438294,0.3430378644967332,1,1,0
D101574,18-25,248.35,47,0,afternoon,sun,0,0.8478055738439946,0.4793067895497066,0.3915419727815696,1,1,1
D101575,26-35,875.9,3,1,night,tue,0,0.49794817613774045,0.6292629262692049,0.23761987035685922,1,0,0
D101576,51-65,506.1,26,4,afternoon,wed,0,0.7635071540850401,0.8526839175666029,0.14376678511469182,1,1,0
D101577,51-65,500.84,70,1,evening,wed,1,0.7418305667128592,0.6592108031325687,0.4448737717078525,1,1,1
D101578,65+,1363.64,7,0,evening,tue,0,0.8451554938284529,0.05237962030558718,0.8770464932700323,1,0,1
D101579,51-65,129.87,63,3,morning,mon,1,0.756154341345156,0.8257528479803976,0.6785174687729946,1,1,1
D101580,51-65,100.76,63,4,afternoon,mon,0,0.3887351388119125,0.39545599467254655,0.02085401499521125,1,1,0
D101581,26-35,127.75,67,3,afternoon,sat,0,0.593324352914079,0.6005517706727815,0.20245344406152646,1,1,0
D101582,26-35,194.6,19,2,afternoon,mon,0,0.8706996279763751,0.7692813059275205,0.6374166991164857,1,1,0
D101583,26-35,29.4,22,1,afternoon,sun,0,0.6598886732936585,0.854453107755546,0.3327693993605666,0,1,0
D101584,36-50,203.02,17,1,evening,tue,0,0.2555986016471294,0.6059818631621379,0.6167017992773475,0,0,1
D101585,65+,149.89,35,4,morning,fri,1,0.6365907446716309,0.13572667115275408,0.6745835320571978,0,0,0
D101586,26-35,495.41,47,2,morning,tue,0,0.5377991011791061,0.6743013688255923,0.40192962624072587,0,0,1
D101587,36-50,336.02,10,4,evening,sun,0,0.6149657724324031,0.17724684236288205,0.4583488509656292,1,0,0
D101588,26-35,142.5,51,0,afternoon,mon,1,0.6517233252242751,0.9617713198205959,0.33553802055154525,0,1,0
D101589,26-35,416.12,21,4,evening,sat,0,0.817502421252058,0.48032685785472673,0.5153018807167513,1,0,1
D101590,26-35,469.16,50,2,morning,sun,1,0.08923788150226575,0.6325676418368764,0.8291811503076374,0,1,1
D101591,18-25,122.52,27,6,evening,thu,1,0.6045707664189557,0.5988650389709446,0.5343882590679515,1,0,1
D101592,65+,157.01,85,2,evening,thu,1,0.6872099888228361,0.45843998038403855,0.7561210359535554,1,0,0
D101593,26-35,33.02,28,1,afternoon,tue,0,0.9591608779866619,0.8091400380239674,0.21101529903288563,1,1,0
D101594,51-65,91.69,78,0,evening,sun,0,0.6202826749526261,0.2100112957547358,0.7610259505101378,1,0,1
D101595,36-50,125.43,15,2,afternoon,sun,0,0.7866885818679497,0.6676611785839922,0.34086629650884337,1,1,1
D101596,26-35,261.58,7,1,morning,thu,0,0.7100894576920093,0.7537966960627216,0.5646782632185788,0,1,0
D101597,26-35,104.5,16,3,afternoon,fri,0,0.6779070671293637,0.6776231430865305,0.6007629440834175,0,1,0
D101598,51-65,154.14,37,0,afternoon,sat,0,0.936131005428797,0.26998591924875326,0.7964468027810341,1,0,1
D101599,26-35,81.22,81,1,evening,wed,0,0.30601366558413906,0.9472781275513769,0.6203124737380421,0,1,1
D101600,65+,285.43,15,0,afternoon,mon,1,0.6593460941888963,0.8418058795737834,0.9166108546491246,1,1,1
D101601,18-25,358.94,70,0,afternoon,mon,1,0.7747136837986092,0.870420472627749,0.1570968811227424,1,0,0
D101602,36-50,351.47,62,2,evening,sun,0,0.6353539000476949,0.6939850580668411,0.2163402143345703,1,1,1
D101603,51-65,247.43,31,3,afternoon,sat,1,0.6256288115666043,0.5954305435561872,0.30340676562996155,1,1,1
D101604,26-35,61.13,30,4,evening,mon,1,0.7176519879795256,0.6802266635448242,0.16808559252738597,0,0,0
D101605,26-35,140.06,85,3,afternoon,sat,0,0.6693470238507266,0.04235189488379802,0.7262991978635689,0,0,0
D101606,65+,169.6,64,3,night,sun,1,0.5644526366973158,0.09794405930627464,0.5129306520202798,1,0,1
D101607,26-35,170.21,21,1,morning,thu,1,0.602989431867721,0.978326347932188,0.24469576739573884,1,1,1
D101608,26-35,261.77,82,3,evening,thu,1,0.6762310707092263,0.8606055050365226,0.4276344608945562,0,1,0
D101609,26-35,882.7,36,0,evening,sun,1,0.6177260151502026,0.7391261716812847,0.28372255543912506,1,1,0
D101610,26-35,508.21,7,1,night,sun,0,0.5660380122164772,0.2269067140136556,0.8934514269710865,1,0,1
D101611,51-65,100.61,73,2,night,wed,0,0.3607707257807144,0.49968848121188036,0.4628311592066681,1,1,1
D101612,51-65,450.59,78,2,evening,thu,1,0.34436589412886065,0.3756424084981127,0.7235632794889856,0,0,0
D101613,26-35,435.4,39,4,morning,sun,0,0.5975305667654495,0.6923978207019906,0.1855041343541881,1,1,0
D101614,51-65,118.46,63,4,afternoon,sun,0,0.645521568113674,0.11197040647042876,0.14505514953695373,0,0,0
D101615,26-35,525.31,21,2,evening,fri,1,0.9257882803939176,0.663025739634656,0.30382813013204246,1,1,0
D101616,18-25,211.8,76,1,evening,fri,1,0.2675198321872111,0.8818643409394404,0.2463297591549785,0,1,0
D101617,36-50,68.79,33,3,evening,sat,1,0.7466192596445808,0.9289810454251287,0.37917130084489137,1,1,0
D101618,65+,368.59,24,2,evening,wed,0,0.5788950487376732,0.23745278989296026,0.25712705434610994,1,0,0
D101619,18-25,297.46,45,0,afternoon,sun,0,0.380182308836535,0.3943244833582027,0.36869112961284156,1,0,1
D101620,26-35,199.36,24,3,morning,wed,0,0.21212703349634393,0.8588161767360423,0.3008199599578129,0,1,0
D101621,36-50,236.58,55,0,afternoon,sat,1,0.4825913886131279,0.2688085790370213,0.1966957268560696,1,1,0
D101622,51-65,128.1,67,2,evening,sat,0,0.648561898784086,0.12176423098058946,0.552304831977287,1,0,0
D101623,18-25,423.74,36,3,afternoon,wed,1,0.43225261923973374,0.810901734989588,0.6352976030605073,0,1,1
D101624,26-35,235.31,70,3,morning,sat,0,0.22326085183141092,0.8983476316027532,0.6592174560306124,0,1,1
D101625,51-65,284.24,38,3,evening,sun,0,0.8699116519264382,0.1907138994512194,0.07381794973125284,1,0,0
D101626,26-35,337.45,87,2,morning,thu,1,0.9481717445055026,0.5206828032597445,0.2653427239053517,1,0,0
D101627,26-35,86.56,23,3,afternoon,thu,0,0.628675775977066,0.7107711186848339,0.12352134561355342,1,0,1
D101628,26-35,109.41,63,1,afternoon,thu,0,0.23143764364776045,0.49641622614331915,0.220734356195176,1,0,1
D101629,26-35,33.48,48,2,afternoon,mon,0,0.723832435899795,0.20943296902936562,0.7361838912845294,1,0,0
D101630,36-50,406.78,84,7,morning,thu,0,0.05250089577047307,0.46858549475691635,0.200081541451529,0,0,0
D101631,51-65,82.19,19,1,evening,fri,1,0.5525833604451829,0.7229166021794805,0.5741016620278939,1,1,0
D101632,36-50,275.7,17,1,evening,thu,0,0.8328032428068117,0.7081356955541063,0.2630322736379789,1,1,0
D101633,36-50,341.69,78,3,evening,thu,1,0.31497513424467527,0.47383759699843053,0.8646347021249882,1,0,1
D101634,65+,420.78,81,1,night,thu,0,0.2767065749413325,0.6027559164522837,0.12420052824707813,1,1,0
D101635,26-35,82.8,67,2,afternoon,thu,0,0.20944797787833613,0.4546390249846946,0.23185045718069752,0,0,0
D101636,26-35,230.75,42,3,morning,sun,1,0.6215002721512947,0.38311343318263946,0.2686259155948574,0,1,0
D101637,65+,1100.21,36,2,morning,wed,1,0.7972663013857004,0.7914721091310741,0.28943242526754953,1,1,0
D101638,26-35,1144.68,59,1,evening,tue,1,0.3856907974123135,0.13695876611108077,0.715442112337371,1,0,1
D101639,36-50,595.02,67,2,morning,mon,1,0.6332299198089181,0.48115117970506804,0.13193541220531554,0,1,0
D101640,51-65,331.54,24,2,night,sun,0,0.2508292858197152,0.35837195489176565,0.44466102168897953,0,1,1
D101641,18-25,99.03,0,3,evening,tue,0,0.4201044372537822,0.7574333991906919,0.34000527626957006,1,1,0
D101642,36-50,467.2,6,2,evening,wed,0,0.5113431470350441,0.21583582838482762,0.272490668527738,0,1,0
D101643,26-35,212.25,31,3,afternoon,sat,1,0.8204719696371424,0.39415856015910333,0.12780200937877492,0,1,0
D101644,26-35,405.24,61,1,evening,tue,0,0.2252194943180743,0.8128170825508886,0.30932653991889014,0,1,0
D101645,36-50,138.44,39,2,afternoon,tue,0,0.6128169338650138,0.8443923946789874,0.26302636119863004,1,1,0
D101646,26-35,209.42,55,3,afternoon,fri,0,0.6521801029731572,0.4726529886885257,0.5708987045935445,1,0,1
D101647,51-65,283.65,42,3,evening,fri,0,0.8234293624800572,0.20898149202737265,0.664945080473546,1,0,0
D101648,51-65,305.41,22,2,afternoon,tue,1,0.8493220273607762,0.1851298010968729,0.946386064169841,1,0,1
D101649,51-65,381.59,67,0,evening,thu,0,0.6306587407340685,0.6663060536735035,0.5544823003330975,0,0,1
D101650,26-35,145.29,65,4,evening,fri,1,0.49454192277145076,0.8576530429084122,0.617348565665163,0,0,1
D101651,26-35,73.04,86,5,evening,tue,0,0.7004797704617065,0.0391243203744051,0.23854292478288713,1,0,0
D101652,26-35,1056.07,74,2,afternoon,thu,1,0.2599649574001088,0.0872796500366196,0.8225000262581186,0,0,1
D101653,18-25,2299.23,34,5,morning,tue,0,0.042927849823918805,0.42426750785040107,0.21800554183543341,0,0,0
D101654,65+,366.02,63,3,morning,sun,0,0.7513212357684798,0.26781931421421323,0.6045532216817099,1,1,1
D101655,26-35,74.32,31,2,evening,wed,0,0.7598107594469362,0.5733156859554674,0.5345870770961215,0,1,0
D101656,26-35,122.01,78,2,morning,sat,0,0.5622434663783347,0.4778748579863358,0.20800741652788404,0,0,0
D101657,51-65,386.92,54,3,night,sun,1,0.621195235331375,0.3224948760867192,0.5180066809440131,1,1,1
D101658,26-35,818.12,75,3,night,tue,1,0.3129661604976427,0.5393577500334023,0.5818049748722389,0,1,1
D101659,18-25,82.14,25,1,morning,sun,0,0.1835437510644446,0.47107289237308236,0.555683128814135,0,1,0
D101660,26-35,218.79,1,1,evening,mon,0,0.7905814024479202,0.7650727824893965,0.5777540467719906,1,1,1
D101661,36-50,291.88,12,1,afternoon,wed,0,0.7435698540089266,0.4404134703577808,0.45480053493110445,1,1,1
D101662,51-65,532.79,47,1,afternoon,tue,0,0.3774610103156666,0.24045029117394773,0.6015240997853104,1,0,0
D101663,26-35,179.6,86,1,afternoon,mon,0,0.26394039568156447,0.13632808854474496,0.6004944241076852,0,0,0
D101664,65+,59.89,56,4,evening,thu,0,0.5527014339070274,0.25886228281119644,0.35023241137346406,0,1,0
D101665,51-65,427.98,72,1,evening,fri,0,0.24995863398442886,0.5891746583035155,0.5089294372263363,1,0,0
D101666,51-65,673.38,42,1,morning,fri,1,0.6490757554353789,0.44623356289772725,0.06957272306447,1,0,0
D101667,26-35,227.16,86,2,afternoon,wed,0,0.4276533436735039,0.42454022960748355,0.5300969464060779,0,0,0
D101668,18-25,352.38,84,0,afternoon,sat,1,0.47405410813796606,0.8886719947762258,0.22952507132161584,1,0,0
D101669,51-65,159.65,19,1,afternoon,thu,1,0.8779592201700336,0.8598202752279467,0.4951591093376973,1,1,0
D101670,26-35,114.3,77,4,morning,thu,0,0.6223866946154836,0.8723263074230927,0.3052684186434917,0,1,1
D101671,36-50,616.33,1,2,evening,thu,0,0.5244940045827696,0.9470419461125373,0.6243017708091295,1,1,1
D101672,51-65,346.8,53,3,night,tue,0,0.6426143532626186,0.3488894464765287,0.9408242733374103,1,0,1
D101673,18-25,380.44,39,1,afternoon,fri,1,0.5767945220325507,0.5190843567048159,0.12716056899637776,1,0,0
D101674,51-65,945.68,27,3,evening,sat,0,0.8578116850304722,0.2174456391075114,0.28485954690322096,1,1,1
D101675,65+,94.69,84,3,evening,wed,0,0.3668308245591906,0.38527174609557646,0.68015993851792,0,0,1
D101676,36-50,148.89,59,1,evening,thu,0,0.2858473637367031,0.8384138734233544,0.2596969489700544,0,1,0
D101677,26-35,282.07,12,3,evening,sun,1,0.8574571337619672,0.4835239362417487,0.7215982055399832,1,0,1
D101678,51-65,147.25,12,2,afternoon,tue,1,0.8747016721278268,0.7218950987975264,0.6511997792399444,1,0,0
D101679,36-50,495.13,10,2,afternoon,wed,0,0.8927994171573724,0.3669256346866508,0.6911986473242886,1,1,0
D101680,51-65,206.71,27,2,afternoon,tue,1,0.8349973783333616,0.5770359346281124,0.6138876153167414,1,1,1
D101681,51-65,100.16,6,4,evening,wed,0,0.9701371602817446,0.4794680665243297,0.7039668483089255,1,1,1
D101682,51-65,259.61,23,3,morning,thu,0,0.5825968370431472,0.5699820816614019,0.30225169232047866,1,1,0
D101683,26-35,285.23,68,2,afternoon,sun,0,0.7354947181448662,0.9045299102940619,0.8164061978801028,1,1,1
D101684,18-25,567.48,78,1,afternoon,mon,1,0.3636692816507282,0.7913538472590819,0.09259584550495639,1,1,0
D101685,26-35,348.57,70,3,afternoon,wed,1,0.7224752726667447,0.5341475090964168,0.2741242356395602,1,0,0
D101686,36-50,370.57,44,2,afternoon,sun,0,0.7454490268864787,0.2875462012230924,0.13819916109776428,0,0,0
D101687,36-50,326.45,62,2,morning,mon,0,0.7790020146291162,0.39458848219189796,0.6374421982005087,1,0,0
D101688,36-50,206.56,84,4,evening,thu,0,0.7357417942639433,0.1808681528560703,0.5339696674264452,1,0,0
D101689,26-35,128.43,4,4,evening,tue,0,0.05424148789985442,0.7423875566448206,0.14525085782866765,0,1,0
D101690,51-65,317.33,81,0,afternoon,thu,0,0.589087900900994,0.04089849117165005,0.7625505883705193,1,0,1
D101691,65+,181.31,65,1,evening,sat,0,0.39871862179321393,0.2306554417358302,0.46321848625874934,0,0,1
D101692,26-35,1119.73,34,6,evening,fri,0,0.24771605779722955,0.43375369036779365,0.39442514529783596,1,0,0
D101693,51-65,818.9,40,1,morning,thu,0,0.46410317759839614,0.15678599871973148,0.6826227551681423,0,0,0
D101694,36-50,432.49,39,2,evening,sat,0,0.817421651325796,0.35067626352646364,0.36744372626331406,0,1,0
D101695,36-50,343.99,14,4,afternoon,thu,0,0.6996092083858635,0.8001120064389622,0.687353568132591,1,1,1
D101696,26-35,226.07,20,2,afternoon,fri,0,0.518256866130709,0.8960538975951235,0.3544761148933127,1,1,0
D101697,51-65,78.65,26,2,evening,mon,0,0.3507846586168614,0.37502769421983606,0.6535369038161628,0,0,0
D101698,65+,201.43,0,2,morning,mon,1,0.9493105274186233,0.7171358194586973,0.7407921098226246,1,1,1
D101699,36-50,268.07,45,1,afternoon,tue,0,0.5192895693059715,0.18045297582452752,0.09375528793123043,0,1,0
D101700,65+,300.82,42,2,afternoon,thu,0,0.5531548486894666,0.2745138439305359,0.6273425833011075,1,0,0
D101701,65+,373.37,29,3,afternoon,wed,0,0.9333721931271278,0.40663640808439394,0.42422997536344914,1,0,0
D101702,26-35,560.71,15,0,morning,wed,0,0.46946848145882186,0.9299743247023243,0.7511426308996518,0,1,1
D101703,36-50,131.24,87,3,evening,thu,1,0.6306597378856958,0.7961366336797767,0.19497291469208422,1,1,0
D101704,36-50,132.32,61,2,afternoon,sun,0,0.6512078919759088,0.47443447531447774,0.7450798463346934,1,1,1
D101705,65+,903.04,42,2,morning,wed,0,0.1168842210424532,0.12219085712072965,0.5801818052940764,0,0,1
D101706,18-25,489.74,65,2,evening,thu,0,0.09817064724984645,0.87239631950336,0.3916353071416354,0,1,1
D101707,26-35,172.14,33,1,morning,thu,0,0.5139909284397378,0.6023347010710907,0.12431147890689544,0,1,1
D101708,51-65,222.18,19,1,evening,sat,1,0.697487235839777,0.7169173490553837,0.610024282265425,1,0,1
D101709,26-35,223.09,60,3,afternoon,sat,1,0.6262142919528845,0.5988584131432453,0.2978543828499359,1,1,1
D101710,51-65,251.75,69,1,morning,sun,0,0.2784335016583988,0.8144157792716504,0.9184987648732632,0,1,1
D101711,26-35,374.43,58,2,afternoon,fri,0,0.649949991885538,0.41663096382408515,0.20089692891094124,1,0,1
D101712,65+,2395.85,50,1,morning,sun,0,0.016410483221013794,0.2829131736591793,0.8066208245137555,0,1,1
D101713,51-65,290.26,0,4,evening,fri,0,0.6737018747692488,0.4942282255017756,0.8216676209255662,0,0,0
D101714,26-35,444.23,57,2,evening,thu,0,0.6428487428583608,0.7247110470945568,0.6473983678789691,0,1,0
D101715,51-65,53.63,55,4,morning,thu,0,0.6545205198311924,0.7820656744682051,0.3675927604116541,1,1,1
D101716,26-35,158.16,37,2,morning,thu,0,0.5615588220501351,0.17447148375817217,0.8184612858734694,1,0,0
D101717,36-50,739.47,21,2,evening,tue,0,0.4645878168611573,0.5098960901832051,0.8736620334476725,1,0,0
D101718,36-50,351.46,88,2,morning,wed,0,0.4657910444060836,0.18060408633899985,0.49555020725024856,1,0,1
D101719,51-65,20.0,33,2,afternoon,fri,0,0.9037707879645592,0.618747610119554,0.43722326304063835,1,1,0
D101720,18-25,448.82,24,4,evening,fri,1,0.4202450744353918,0.8786524280957801,0.22556047312217642,1,1,0
D101721,26-35,1375.19,63,2,morning,tue,0,0.5540735685291014,0.3191733789646769,0.4118905866501864,1,0,1
D101722,36-50,40.6,43,6,night,sat,1,0.7665353090713621,0.32110511057790153,0.5792667364030359,1,0,1
D101723,36-50,960.5,50,4,morning,fri,0,0.09480025672070756,0.4099766129175161,0.4280368487356358,0,0,0
D101724,36-50,20.19,58,1,evening,thu,0,0.6974203168961444,0.22027784736450792,0.15503360805884295,1,0,0
D101725,18-25,569.18,33,2,afternoon,thu,1,0.31847558692415556,0.8310630394741138,0.44080386071366523,0,1,1
D101726,26-35,242.79,13,2,morning,thu,0,0.25579187384648094,0.4964036679165549,0.7005774522727556,0,1,0
D101727,51-65,29.52,15,4,afternoon,fri,1,0.895866173809907,0.78645294327891,0.8397462408292198,1,1,1
D101728,18-25,365.59,84,1,night,wed,1,0.5009356995127622,0.3090042551875138,0.31494924023709275,0,0,1
D101729,26-35,689.35,45,2,afternoon,sun,0,0.5093445065358789,0.36735022217912633,0.3166403335904274,1,0,0
D101730,65+,339.51,37,2,morning,tue,0,0.2845577900345435,0.18789475961024163,0.28115710029769536,0,0,0
D101731,18-25,414.2,28,1,night,wed,0,0.4277406078223429,0.6073371641310485,0.20572941048503435,1,1,1
D101732,51-65,168.93,64,4,morning,wed,1,0.29982457807666874,0.7941735918710043,0.5434341592754648,0,0,1
D101733,26-35,45.82,82,1,morning,mon,0,0.5767801733104403,0.7718961510293716,0.5263934343544732,0,1,0
D101734,51-65,456.08,69,5,morning,mon,1,0.36364271380200913,0.2712772102296263,0.4131398471191473,0,0,0
D101735,51-65,1181.78,48,3,evening,sun,0,0.6507815945308434,0.16910821811435187,0.22038584930933652,1,0,0
D101736,51-65,676.29,42,4,morning,sat,0,0.31480361197753237,0.5164344817775145,0.6989645102530281,0,0,1
D101737,26-35,40.89,77,1,morning,wed,0,0.629711599268361,0.28250517946585546,0.26199811638311477,0,0,0
D101738,36-50,62.59,77,4,night,tue,1,0.5905620082908385,0.47462995345884834,0.32223917519419565,1,1,0
D101739,51-65,114.28,35,4,evening,wed,1,0.73768588124041,0.39878534188132375,0.824354331514864,1,0,0
D101740,26-35,58.34,86,5,afternoon,fri,0,0.4650872584115888,0.42044851138941186,0.4384099399841408,1,0,0
D101741,26-35,254.62,74,5,evening,wed,0,0.5314669061261128,0.6963912652785911,0.2704495305127638,1,0,1
D101742,18-25,348.65,76,4,afternoon,mon,0,0.15969073832187478,0.3554628160594691,0.2078626640481865,0,0,0
D101743,65+,67.54,5,0,afternoon,wed,0,0.8346283894512544,0.7618894290203753,0.7923224705622093,1,1,1
D101744,36-50,492.46,11,1,afternoon,fri,1,0.9147949706943515,0.9656341280872279,0.7220323045159152,1,1,1
D101745,36-50,420.31,26,3,evening,thu,0,0.7526373944296453,0.6844351342562687,0.4938652695484475,0,1,0
D101746,51-65,149.4,68,3,evening,tue,1,0.6259783878914859,0.4668045332860462,0.664534735515585,0,1,1
D101747,36-50,209.5,7,1,afternoon,sat,0,0.7585058364641638,0.835162012883065,0.32712912429319313,1,1,0
D101748,36-50,42.32,7,0,morning,fri,1,0.8142352979329668,0.5077714874419598,0.48216085008079096,1,0,1
D101749,26-35,181.45,2,2,afternoon,sat,1,0.723306952144094,0.952320923711282,0.48745987541603064,0,1,0
D101750,36-50,246.32,17,3,evening,sun,1,0.4634360812090603,0.4303183751676421,0.3241481711695091,0,1,1
D101751,26-35,284.82,82,1,evening,thu,1,0.9037051542690271,0.957591196741078,0.20503918317312875,0,1,0
D101752,51-65,344.12,64,4,evening,fri,0,0.9066327066823596,0.1857593064915657,0.4717469922522267,1,1,1
D101753,51-65,304.85,64,1,night,sat,1,0.3322181403302299,0.5943368915132966,0.852978711130228,0,1,1
D101754,26-35,192.88,26,2,evening,sat,0,0.7886810205611665,0.24133324649074567,0.06031370573863187,1,0,0
D101755,36-50,316.58,56,3,night,sat,0,0.7466176223747552,0.2903533918758923,0.33192721245295165,1,1,0
D101756,18-25,602.95,70,2,evening,fri,0,0.17925731151019408,0.29479356662483425,0.34656362052814443,1,1,0
D101757,65+,224.54,47,1,afternoon,mon,1,0.20309095608011377,0.1607886234191021,0.9144247827791495,0,0,1
D101758,51-65,325.65,77,4,evening,wed,1,0.9006086000977848,0.7304388465613662,0.9183555028098667,1,1,1
D101759,65+,206.94,51,3,morning,fri,0,0.5266893554392579,0.10122934039076432,0.5837762846195917,0,0,0
D101760,26-35,136.72,29,1,morning,thu,1,0.6416994899467436,0.6327653482072675,0.9054574232180247,1,1,1
D101761,26-35,391.74,57,1,afternoon,mon,1,0.6944880440524281,0.5000877621149821,0.6014548909392732,1,1,1
D101762,26-35,148.46,84,6,afternoon,tue,1,0.41284774898219706,0.8177259205822467,0.6447137398572821,0,1,1
D101763,18-25,346.38,74,1,evening,wed,0,0.9569141457158399,0.833867389805224,0.11654935264508533,1,1,0
D101764,18-25,250.99,44,0,afternoon,mon,0,0.41640015819961135,0.9130791634079236,0.4566985180496039,1,1,1
D101765,18-25,186.13,53,2,morning,sat,0,0.4899299364716765,0.3865983097720914,0.5604915961565042,1,0,1
D101766,65+,182.12,87,2,night,wed,1,0.7857134551799562,0.664780441913889,0.579353297066739,1,0,1
D101767,18-25,154.89,67,3,evening,sat,0,0.7262449210965648,0.34160319385280435,0.02382713821675914,1,0,0
D101768,18-25,55.63,45,3,morning,sun,1,0.7957725210937148,0.5322145965046441,0.4864045657991864,1,0,1
D101769,51-65,345.37,25,3,afternoon,sun,1,0.5819535286195261,0.3338491628381427,0.608566986431193,0,0,0
D101770,36-50,301.39,81,2,morning,sun,0,0.4418423610900641,0.19740356726677974,0.7495139760490283,0,0,1
D101771,51-65,525.69,87,4,night,thu,1,0.053533242819859675,0.296035886821032,0.45914936199138956,0,1,0
D101772,36-50,151.67,6,1,afternoon,tue,0,0.7648652709292387,0.4296883509254585,0.3075662377220937,1,1,1
D101773,51-65,1347.28,2,5,night,mon,1,0.3860603537094491,0.4911142437537845,0.3168960904940918,1,1,0
D101774,36-50,173.86,10,0,afternoon,fri,0,0.895954734633883,0.10083498968224061,0.32814255565549777,1,0,0
D101775,36-50,111.32,34,2,evening,mon,1,0.9698271792114853,0.7347709828997498,0.9629273989504439,1,1,1
D101776,36-50,100.05,14,3,morning,tue,1,0.8952628125878966,0.4121229551906444,0.20492342752879997,1,1,1
D101777,26-35,51.39,79,2,afternoon,tue,1,0.8691424654399024,0.5035575595850483,0.16896440063672505,1,1,0
D101778,26-35,972.01,82,3,afternoon,tue,0,0.3209954371482475,0.2608877773035783,0.27835699250589874,0,0,0
D101779,36-50,840.47,16,4,afternoon,wed,0,0.8310831517545413,0.7166645504549632,0.8618195387789392,1,1,1
D101780,26-35,420.17,74,2,night,wed,1,0.4530542913778743,0.7288013342249142,0.6650597310955978,1,0,1
D101781,51-65,109.24,12,1,evening,thu,1,0.9523428551155751,0.6545534902314656,0.9275006506298065,1,0,1
D101782,26-35,1249.05,70,2,afternoon,sun,1,0.602679773903076,0.3173943461342552,0.3090130296823708,1,0,0
D101783,26-35,178.3,32,1,evening,fri,1,0.8483954074653991,0.9019575566127045,0.18526138119869048,1,1,1
D101784,26-35,192.07,3,7,morning,fri,1,0.2430336293318627,0.9526002534720774,0.3733730845258333,0,1,0
D101785,51-65,892.06,38,2,night,tue,0,0.6557855342439496,0.32878146668804137,0.488995150232459,1,0,0
D101786,26-35,442.76,74,3,afternoon,mon,1,0.671124742262392,0.22438489091935981,0.44486710463166834,1,0,1
D101787,36-50,1774.0,84,1,morning,tue,0,0.4517314014561609,0.13601623337359195,0.27794594286801816,0,0,0
D101788,51-65,306.08,10,2,afternoon,sat,1,0.8105747858192701,0.727875266513978,0.8065429543868579,1,1,1
D101789,18-25,171.17,75,3,morning,tue,0,0.5133987338025469,0.45551240892539097,0.16187707133437154,0,0,1
D101790,51-65,141.09,26,1,night,sun,1,0.8818310281577453,0.3154907532936549,0.45888212782684396,1,0,0
D101791,26-35,46.42,41,1,afternoon,sat,0,0.4862496715968305,0.3885212819476343,0.14561553644205377,0,1,0
D101792,26-35,190.43,9,4,morning,sat,0,0.6605237154359229,0.6475009303396008,0.44496607940133465,1,1,0
D101793,36-50,685.49,87,1,evening,wed,0,0.3266750719641072,0.09908274309489858,0.40864971452031734,0,0,0
D101794,51-65,419.45,71,3,morning,tue,1,0.7465373690428025,0.42446254835730524,0.8447799615330993,1,1,1
D101795,26-35,249.21,57,3,morning,tue,1,0.6902373881135186,0.705687544377236,0.830666509066944,0,1,0
D101796,36-50,99.94,65,2,evening,sun,1,0.5656691932423348,0.4190175468990067,0.24591508300931506,1,0,1
D101797,26-35,300.12,78,1,morning,thu,0,0.53725105932036,0.28160530105710513,0.3516529857717236,1,0,1
D101798,36-50,608.83,12,1,evening,wed,0,0.5717819580845177,0.8173209772911976,0.399843950018244,1,1,0
D101799,36-50,360.56,22,5,evening,tue,1,0.641827447765601,0.27279032516140445,0.18522773712366927,0,0,1
D101800,36-50,284.31,3,1,afternoon,wed,1,0.8877038665449053,0.7857217353695565,0.4656057151931218,1,1,1
D101801,36-50,119.43,44,1,afternoon,wed,1,0.8482130831504584,0.8204535561478469,0.8859174431193244,1,1,1
D101802,18-25,534.04,44,2,afternoon,sat,0,0.06766652927233156,0.6324804823816339,0.18188030344405356,0,1,0
D101803,36-50,20.0,2,3,afternoon,sat,1,0.8586037132947195,0.8960858641073514,0.3931784912128113,1,1,0
D101804,36-50,345.35,59,2,evening,thu,0,0.555514309394292,0.20071479001254686,0.4045779470951998,1,0,1
D101805,36-50,2473.25,0,2,evening,wed,1,0.34364739554588714,0.2970775476312793,0.7071600174721666,0,1,1
D101806,18-25,62.96,71,0,afternoon,thu,0,0.25127824768342233,0.5569273373973131,0.25633851313882294,0,1,0
D101807,26-35,196.91,63,1,evening,tue,0,0.6053307633302344,0.9839020263213373,0.3930084356447578,1,1,0
D101808,26-35,242.96,73,2,morning,mon,0,0.3622990999278617,0.680224109108336,0.0410564936376975,0,1,0
D101809,18-25,161.37,10,2,night,tue,1,0.8365780165250674,0.9053967227441723,0.6474086922458746,1,1,0
D101810,26-35,621.87,78,4,morning,mon,1,0.11397993918380314,0.7258784982969013,0.48192136277372316,0,0,1
D101811,26-35,374.36,49,4,evening,mon,1,0.3779135536415623,0.7016592133089822,0.6918457668897865,1,1,1
D101812,51-65,280.64,77,2,afternoon,tue,0,0.29003069861507097,0.6262916591554548,0.1164292631710748,0,1,0
D101813,26-35,501.47,62,0,morning,sun,1,0.6671206241390895,0.19601596292326137,0.3953334071971116,1,0,0
D101814,51-65,248.41,59,3,afternoon,tue,0,0.8315710103814891,0.44752389798215064,0.7561728715185542,1,0,0
D101815,36-50,4280.73,2,3,night,fri,0,0.07047652323468943,0.22312965760349593,0.1625218356089686,0,0,0
D101816,51-65,280.4,62,1,evening,tue,1,0.47801431033045894,0.7832019961399964,0.6602769300469071,1,1,1
D101817,36-50,291.71,40,1,evening,thu,0,0.6093998256372831,0.2572549087401767,0.3405635098970214,1,0,1
D101818,36-50,52.49,76,2,afternoon,fri,0,0.4141966371097183,0.19689487780886616,0.32375073094846346,0,0,1
D101819,36-50,150.04,61,1,evening,thu,0,0.8014236534481651,0.25314128821529763,0.7364828321174065,1,1,1
D101820,65+,687.21,6,2,afternoon,sat,1,0.5319488375402067,0.5995773804540331,0.4096818142981168,0,1,0
D101821,36-50,73.56,80,1,evening,tue,0,0.302801957811706,0.6102079924269672,0.4096342427642416,0,0,1
D101822,36-50,35.1,5,1,afternoon,sat,0,0.8536495917686523,0.35729398410959007,0.5678589784820887,0,0,0
D101823,36-50,251.91,26,4,evening,wed,0,0.8885300947596558,0.9000561465712847,0.6868290765199959,1,1,1
D101824,51-65,840.23,19,3,evening,thu,1,0.6430001672648691,0.6226494576364874,0.607330340682704,1,1,0
D101825,18-25,254.21,87,1,afternoon,wed,0,0.458022769224748,0.6215862566806993,0.5485580091903326,0,0,0
D101826,36-50,180.82,13,0,evening,sun,0,0.37650934752389836,0.5488784452945279,0.4733320343596449,0,1,1
D101827,36-50,45.94,76,3,afternoon,sat,0,0.10919597509208255,0.6133879155968276,0.44693224954503363,1,1,1
D101828,65+,367.61,19,2,morning,thu,0,0.1660831632263456,0.4959772615642462,0.6959219058427031,0,1,0
D101829,36-50,443.7,58,2,afternoon,sat,0,0.5207997363171591,0.8361081971663873,0.5942421068851029,1,1,1
D101830,36-50,49.23,8,1,afternoon,sun,1,0.7757151998207771,0.3967678593359594,0.7459579637976937,0,0,0
D101831,65+,679.31,35,3,afternoon,tue,0,0.6387173803506404,0.07244817307187075,0.33935349921824354,0,0,1
D101832,36-50,487.42,56,8,evening,wed,0,0.36582381098521954,0.17086800606140726,0.4224287531248143,0,0,0
D101833,26-35,677.96,63,2,evening,sat,0,0.6838707187857012,0.6266763497900034,0.4673742091720594,0,1,1
D101834,26-35,413.71,78,1,afternoon,tue,0,0.7328233726596823,0.4290935235739098,0.7176037521075515,1,0,1
D101835,18-25,440.68,73,2,night,mon,1,0.27623963317342026,0.8842304725607804,0.1914737714567893,0,1,0
D101836,18-25,390.98,46,1,evening,fri,1,0.3707990982498316,0.7028393999742543,0.5829700030780198,0,1,1
D101837,26-35,534.66,27,2,morning,tue,1,0.1968267978826245,0.9065669995021602,0.3976041742058693,1,0,0
D101838,51-65,47.61,23,3,afternoon,fri,0,0.9167292074988714,0.28532842698333033,0.6151181759300687,1,0,1
D101839,51-65,63.37,89,4,night,mon,0,0.162103745283025,0.5589821548309712,0.2409243931702176,0,0,0
D101840,18-25,126.17,54,7,afternoon,thu,0,0.08954842540485708,0.8467148956246353,0.2834365817518316,1,1,0
D101841,36-50,217.71,81,1,afternoon,tue,0,0.652622250768405,0.29422327015751276,0.5029344580230327,0,0,0
D101842,26-35,347.0,39,2,night,thu,1,0.19158777701985014,0.8036737641850589,0.2601525093735448,0,1,1
D101843,65+,327.74,43,3,evening,tue,0,0.6067318396284691,0.39036028150770374,0.8999589365613526,1,0,1
D101844,26-35,668.74,74,0,evening,tue,0,0.43375566653435055,0.6910767918413303,0.0833646053891607,1,1,0
D101845,36-50,687.9,65,0,evening,sun,1,0.8505885393282803,0.81662623115769,0.6731018186343668,1,1,1
D101846,26-35,111.59,18,2,morning,sun,0,0.7889056871138171,0.8471064728085816,0.0445030994791177,1,1,0
D101847,36-50,303.3,47,2,evening,wed,1,0.9184081505329486,0.7485420607711128,0.48662889365833484,0,1,1
D101848,26-35,114.09,19,1,evening,fri,0,0.7678153882991419,0.854190011390941,0.535188784012731,1,1,0
D101849,51-65,206.56,68,0,afternoon,wed,1,0.5523771285003666,0.23226090797432702,0.8069765653559411,1,0,1
D101850,26-35,326.89,2,2,morning,tue,1,0.4942721269780198,0.8061883238163194,0.4993830669846426,1,0,1
D101851,51-65,20.0,74,3,morning,mon,1,0.5433018116459127,0.21114511932481658,0.5777657673745137,0,0,1
D101852,36-50,2143.34,83,0,evening,sun,0,0.7320456748721815,0.20518233924301743,0.45811251848427115,1,0,1
D101853,51-65,407.39,2,2,evening,mon,0,0.6626196174154425,0.8052995480126811,0.7891120545972317,1,1,1
D101854,51-65,143.15,56,2,evening,thu,0,0.6973438648173611,0.4236506916009542,0.8387684100202902,0,0,1
D101855,65+,1386.63,7,3,afternoon,tue,1,0.8587338889165996,0.04194576443022152,0.39491712480370994,1,0,0
D101856,26-35,178.99,32,4,evening,sat,0,0.603725664682174,0.30096138376206283,0.31593872151513236,1,0,1
D101857,26-35,275.69,30,2,morning,mon,0,0.3941000221495506,0.7880349630880813,0.052444565338784395,0,0,0
D101858,26-35,157.84,46,1,night,fri,0,0.6740895730591324,0.47233217846813036,0.12676948183019024,0,1,0
D101859,26-35,1082.24,82,6,evening,wed,1,0.2509136920890664,0.6699803371309652,0.21351185264371692,1,0,0
D101860,36-50,222.63,41,1,evening,thu,0,0.7831729582163015,0.25071093664104965,0.6801151795855012,1,0,1
D101861,65+,279.93,35,5,afternoon,tue,0,0.6472077921357464,0.3930383722846313,0.5149886285372132,1,0,0
D101862,65+,723.0,8,2,morning,mon,1,0.5446666879729469,0.6186708772750488,0.7060396589702312,1,1,1
D101863,36-50,414.31,79,2,morning,tue,1,0.6924468991945079,0.7135793198488056,0.6052887669421332,1,1,1
D101864,36-50,233.01,28,1,evening,fri,1,0.965835000440599,0.5390608604814374,0.4042929972741301,1,1,0
D101865,51-65,664.71,41,2,morning,fri,0,0.3699671025204361,0.6025444843924982,0.10792153932929484,0,1,0
D101866,65+,2403.39,8,3,evening,sun,0,0.5143359430485823,0.5146188474556183,0.3569623204984951,0,1,0
D101867,26-35,325.6,25,2,afternoon,sun,0,0.40111594308602405,0.11785185867790848,0.3504522777913262,1,0,0
D101868,36-50,271.8,49,1,afternoon,sat,0,0.9227334098201568,0.4735768341285445,0.5708985760625347,1,0,1
D101869,51-65,285.31,81,3,afternoon,mon,0,0.29388966353068824,0.058808780170130075,0.43807377997264013,0,0,0
D101870,26-35,795.83,29,1,morning,fri,0,0.41570184451602643,0.39787404134005855,0.4815668745518303,0,0,1
D101871,26-35,142.7,50,1,afternoon,fri,0,0.9009011119354966,0.4457785257028751,0.6259722930292431,1,0,0
D101872,65+,190.47,78,1,afternoon,fri,0,0.8751300506499965,0.27307154867175404,0.8595608526052598,1,0,1
D101873,65+,61.33,32,3,afternoon,fri,1,0.8726141070523058,0.5989167558081699,0.8037023224313776,0,0,0
D101874,51-65,84.31,26,4,evening,fri,0,0.38673592973751886,0.7045788984402084,0.25794742233326606,0,0,0
D101875,51-65,153.54,3,1,afternoon,fri,1,0.8556033928271337,0.7619487454048487,0.3788333450949507,1,1,0
D101876,26-35,232.68,81,0,evening,fri,1,0.7128393553976197,0.8333621374780205,0.1999565325818541,0,1,0
D101877,26-35,1202.52,9,0,evening,fri,0,0.33831565400395125,0.38623437239262737,0.14649218896685182,0,0,0
D101878,36-50,396.39,19,4,morning,mon,0,0.767929600331711,0.7693259799780106,0.46864088094754824,0,0,0
D101879,36-50,107.68,12,0,afternoon,thu,1,0.7349805480066687,0.08063152165764396,0.9283178948674015,1,0,1
D101880,36-50,127.08,63,1,morning,mon,1,0.42983754909155525,0.8953332551220208,0.6212718908371488,0,1,1
D101881,36-50,843.26,32,4,morning,sun,0,0.10834098975784527,0.7124617492443268,0.3808750122152815,0,0,1
D101882,26-35,674.48,63,4,morning,sun,0,0.75135852698757,0.6169870068300536,0.5712824832394031,1,0,0
D101883,51-65,250.97,54,0,evening,tue,1,0.6876227866348504,0.943830529282245,0.4422432522238663,1,1,1
D101884,26-35,164.31,1,1,morning,sun,1,0.6479629901405707,0.36042671748683064,0.7918782492682265,1,1,1
D101885,26-35,673.47,27,3,evening,thu,1,0.3814769208288046,0.862058633664363,0.7200941855761541,0,1,0
D101886,18-25,100.08,0,0,evening,fri,0,0.9168572496544115,0.8470543564266387,0.398339702319213,1,1,1
D101887,26-35,348.22,5,5,morning,fri,1,0.3002669436507189,0.8014219679788709,0.9088982253976226,0,0,1
D101888,51-65,1892.01,42,1,evening,mon,0,0.1312702467235048,0.10240338674946618,0.7348684486540568,0,0,1
D101889,26-35,294.36,23,2,morning,sun,0,0.4601992814544714,0.7169707874212106,0.3991347396305251,1,1,1
D101890,26-35,121.75,8,4,morning,fri,1,0.7202228016009604,0.843530991851757,0.47900280196488565,1,1,1
D101891,51-65,354.01,36,1,night,thu,0,0.6849568167040656,0.25788463652363053,0.44765427389917223,0,0,1
D101892,36-50,160.29,40,2,afternoon,fri,0,0.5132159942901602,0.517425026947933,0.41453702487169336,0,0,1
D101893,18-25,69.78,89,0,morning,sun,1,0.8604248937627312,0.3318446342645706,0.40072146352095217,1,0,0
D101894,26-35,459.86,59,4,evening,fri,1,0.41526211072042407,0.5441739735811959,0.36010735313149683,0,1,1
D101895,26-35,669.18,35,2,night,fri,1,0.24066877271225248,0.8601948559650415,0.43131184985829935,1,1,0
D101896,36-50,184.97,42,3,afternoon,sun,0,0.3012979725203052,0.698374701207904,0.17364083537403885,1,1,0
D101897,26-35,174.25,8,4,evening,fri,0,0.44356497140760853,0.8431893556168327,0.2527973810074047,1,1,0
D101898,18-25,102.99,34,2,evening,tue,0,0.27226493072048746,0.8837555354301831,0.08080140784792965,1,1,0
D101899,18-25,213.8,52,1,evening,sat,0,0.6779789536657145,0.8364347530945714,0.43013987948958615,1,1,1
D101900,36-50,147.51,1,2,afternoon,sun,0,0.45737559476242284,0.4112807030739749,0.5097454462091786,1,0,1
D101901,18-25,98.5,82,4,evening,sat,0,0.30683746029374404,0.5859958492749106,0.25761949916232174,0,1,0
D101902,51-65,1343.39,46,1,afternoon,tue,0,0.20282730850898897,0.6214439819674249,0.7100795244028134,0,0,1
D101903,26-35,372.35,70,1,afternoon,thu,0,0.2440420855052829,0.22790131132212252,0.17015665564293156,0,0,0
D101904,36-50,409.59,24,2,morning,mon,0,0.8645899990240777,0.2064893812859376,0.27432653386945516,0,0,1
D101905,26-35,541.89,75,2,afternoon,sat,0,0.7940036711414079,0.14468044225786958,0.08646698376769393,1,0,0
D101906,26-35,489.77,33,1,morning,sun,0,0.8117033559978263,0.17091340518038134,0.6487872173496831,1,0,1
D101907,18-25,168.71,83,1,morning,mon,0,0.12919165906334285,0.32328989212984693,0.46040227060983474,0,0,0
D101908,51-65,312.72,46,2,afternoon,mon,0,0.2774701995048529,0.2940503722474494,0.8321670467198854,1,0,1
D101909,51-65,192.07,57,2,night,sun,1,0.907421289159245,0.7946524707815977,0.9192064790395228,1,1,1
D101910,18-25,363.08,18,3,morning,sat,0,0.34777297733869816,0.5345178740051618,0.23928505331472025,0,1,0
D101911,26-35,332.79,89,4,afternoon,sat,1,0.16142959139795288,0.16541705014066932,0.25358205302352205,0,0,0
D101912,51-65,173.4,17,2,evening,tue,1,0.9367521214605004,0.6933346391310239,0.23118765430500648,1,1,0
D101913,36-50,73.97,2,2,afternoon,fri,1,0.8590240110604891,0.7141611362377318,0.3223934745029557,1,1,0
D101914,26-35,279.11,39,0,evening,sat,1,0.8384226420132453,0.554252678471394,0.41885201373906056,1,1,0
D101915,26-35,203.6,75,4,afternoon,mon,0,0.06894138754426955,0.3488091479417578,0.048366833040654894,0,0,0
D101916,36-50,44.64,82,3,evening,tue,0,0.52522519044651,0.694996539035533,0.17331990896545182,0,1,1
D101917,36-50,386.41,77,2,morning,wed,1,0.8446386931082283,0.18688285196557536,0.505210328359546,1,0,0
D101918,36-50,583.36,49,2,afternoon,thu,0,0.41221604938810774,0.11959341083786086,0.6556477946491674,0,1,1
D101919,65+,2381.58,82,1,evening,tue,0,0.44858833813037247,0.18620972588498688,0.3168511374606776,1,0,0
D101920,36-50,172.07,44,2,morning,wed,1,0.4253865098691533,0.47209664645489435,0.6061548325120472,0,1,1
D101921,26-35,150.68,43,2,morning,tue,0,0.5625895075721089,0.9082921949184231,0.8248510136486084,1,1,1
D101922,36-50,90.15,16,4,afternoon,mon,0,0.9327102304377614,0.5214718059531006,0.10474393999043888,1,0,1
D101923,26-35,295.24,70,6,evening,fri,1,0.24913162280148318,0.5637157882724414,0.7114721218675825,0,1,1
D101924,26-35,293.56,28,4,afternoon,fri,1,0.7369636342690574,0.8680836900860087,0.5901260676770442,1,0,1
D101925,18-25,117.9,17,2,evening,sun,1,0.7934384704548293,0.3942659070776566,0.7824644038358941,1,1,1
D101926,26-35,209.05,33,1,evening,fri,1,0.7949229443011543,0.8459130902943962,0.7503139664942086,1,1,0
D101927,36-50,41.23,54,3,morning,fri,0,0.5635556315858866,0.3800592317156981,0.2731377221685739,1,0,1
D101928,18-25,563.26,24,0,night,wed,0,0.19117684914808053,0.877245614272793,0.35323285875213667,0,1,1
D101929,26-35,122.29,32,4,evening,wed,0,0.6582337744694499,0.46876504154582244,0.10483798970557891,1,0,0
D101930,36-50,237.18,29,1,afternoon,wed,0,0.7017613993784777,0.6290837521553647,0.32737907664702026,1,1,1
D101931,36-50,67.76,53,2,afternoon,sun,1,0.35905968718850034,0.47407992835658436,0.575302105019377,0,0,1
D101932,51-65,144.88,64,3,afternoon,thu,1,0.8866069295555653,0.6063096718602518,0.7132492135791964,1,1,1
D101933,51-65,190.26,60,1,night,sun,1,0.312376029747455,0.37273111089737837,0.8293940440012796,1,0,1
D101934,36-50,242.22,12,4,afternoon,wed,0,0.30514163765630703,0.6262402812188668,0.8264360231819277,0,1,1
D101935,18-25,376.82,31,3,afternoon,fri,0,0.3120837598830289,0.9353631062468085,0.22583284543340473,0,1,0
D101936,36-50,893.52,58,2,night,tue,0,0.16346359970410573,0.2833709309019123,0.7058897521087191,0,0,1
D101937,36-50,473.16,19,2,evening,wed,0,0.633295531710143,0.6697638898174025,0.521693195329759,1,1,1
D101938,26-35,581.7,6,3,morning,sun,0,0.1998581635165473,0.9510134642722654,0.12617127696114358,0,1,0
D101939,18-25,899.19,28,0,evening,fri,0,0.6082462438278072,0.7827109033616043,0.2800243417310052,1,0,0
D101940,26-35,408.6,61,2,evening,thu,0,0.8458991739970567,0.08594077307305971,0.3717432572466533,1,0,0
D101941,36-50,236.74,59,1,afternoon,wed,0,0.689642920668581,0.3222853953413609,0.23507156633531193,1,0,0
D101942,26-35,606.8,11,5,afternoon,sat,1,0.20683528951037936,0.3515700255412535,0.22384936410126607,0,0,0
D101943,26-35,642.72,60,1,evening,tue,1,0.4066339300728894,0.8611274974221487,0.20526243112438983,0,1,0
D101944,51-65,438.65,17,3,afternoon,sat,0,0.6317035393015369,0.38249094503183834,0.39836786008052133,1,1,0
D101945,65+,66.08,66,0,night,fri,1,0.15181840773286248,0.7040812954693965,0.5750140434436339,0,1,1
D101946,26-35,114.74,50,2,afternoon,wed,0,0.2855902539005438,0.7730078906395661,0.6952628022764175,1,0,1
D101947,65+,191.07,11,3,evening,fri,0,0.25014160041612293,0.5894169764112588,0.12593596822225048,0,0,0
D101948,18-25,493.57,31,3,evening,sun,1,0.5603016143564002,0.4063984522487359,0.45787365640574246,1,0,1
D101949,65+,240.04,73,2,morning,wed,0,0.9161233998904658,0.3900797681748011,0.7584192280565052,1,0,1
D101950,65+,680.74,38,3,morning,wed,1,0.25959805213940995,0.7481097359674412,0.4993132824738681,1,1,0
D101951,18-25,799.28,61,3,night,sun,0,0.3134570908981791,0.1366695722494408,0.238557488544297,0,1,0
D101952,51-65,720.0,67,2,evening,wed,0,0.3637191923300101,0.2580861603417866,0.3947793082405367,0,0,0
D101953,65+,724.14,2,1,afternoon,sat,0,0.23325308394818423,0.4617237553755357,0.6581063071784716,0,0,0
D101954,51-65,96.23,83,5,morning,sun,0,0.7877181078591895,0.25194628145801945,0.6657907468838731,1,0,1
D101955,65+,377.8,30,2,morning,fri,0,0.9359719366394339,0.7319369639438611,0.7899504775291822,1,1,1
D101956,36-50,141.63,71,5,morning,mon,0,0.6153512053084033,0.5673246790858489,0.2563315121371274,1,0,0
D101957,18-25,55.47,42,1,afternoon,mon,0,0.667697067246833,0.8052891360019313,0.09068852175058613,0,0,0
D101958,51-65,188.91,51,1,evening,tue,0,0.7042810795556589,0.6757001278146249,0.5876606473098397,1,0,1
D101959,36-50,806.14,32,4,morning,mon,0,0.44860703450400413,0.630470415958945,0.24847742184377736,0,1,0
D101960,36-50,370.43,76,4,evening,sat,1,0.675033061962925,0.43921224122515373,0.3664958019460894,1,1,1
D101961,26-35,1504.22,10,2,night,fri,1,0.5577613725133814,0.5622466206519515,0.5242590892738809,0,1,0
D101962,36-50,287.01,80,2,night,thu,1,0.8792247895051831,0.7347309012062536,0.42582418893301643,1,1,0
D101963,26-35,2215.03,18,1,evening,sat,1,0.2430989757720407,0.368197046847527,0.4858362312658455,0,0,1
D101964,51-65,287.08,79,1,afternoon,mon,0,0.6196153251093802,0.3443417354055824,0.9435254746122081,1,1,1
D101965,18-25,249.69,2,3,afternoon,thu,1,0.6577469779773205,0.5904854632321426,0.6555320145200626,1,0,1
D101966,36-50,77.37,1,0,afternoon,wed,1,0.958190385839964,0.8944932076716187,0.8822387045838364,1,0,1
D101967,51-65,664.81,8,5,morning,mon,1,0.9613571882524379,0.8166718897831726,0.7632524468331581,1,1,1
D101968,36-50,155.72,49,2,evening,thu,1,0.9226025715548101,0.3881947509774686,0.5842087517892566,1,0,1
D101969,36-50,136.68,23,4,evening,tue,1,0.8994513658755025,0.6255903796797223,0.7050823043890133,1,0,0
D101970,26-35,775.19,53,1,evening,mon,0,0.7463883000239921,0.4497550954653555,0.4619337073585377,1,0,0
D101971,65+,693.95,73,3,afternoon,tue,1,0.8156441871309796,0.59626819154991,0.8650986292614918,1,1,1
D101972,51-65,677.8,2,4,morning,tue,0,0.9482882101454826,0.7956047827647121,0.5564892761988816,1,1,1
D101973,26-35,176.62,47,3,evening,fri,0,0.18669702443887423,0.4900873883851554,0.11768403833987161,0,1,0
D101974,26-35,233.72,66,5,morning,sat,0,0.5239228375193904,0.024888937651607674,0.08920497511870655,0,0,0
D101975,26-35,231.86,38,1,morning,thu,0,0.08688498724714253,0.877732976522346,0.509843473242436,0,0,1
D101976,36-50,494.86,83,2,evening,fri,0,0.7766396307725846,0.3937494206665166,0.15496144440204151,1,1,0
D101977,65+,990.5,59,4,evening,mon,0,0.5118946853918838,0.21546014775918684,0.7507239543096039,1,1,1
D101978,51-65,340.81,3,2,morning,sat,0,0.48618588095977266,0.7235765863724166,0.8555421997508948,0,1,1
D101979,26-35,1447.22,48,3,morning,thu,1,0.03400954783072525,0.4742818633155937,0.351795190133091,0,0,0
D101980,51-65,548.66,34,2,evening,wed,0,0.6240575420010077,0.281273080218715,0.8099218437327266,0,0,1
D101981,26-35,198.08,11,1,night,sun,0,0.5545940556285068,0.5555628922855383,0.49584843021316594,1,1,1
D101982,51-65,515.86,85,2,afternoon,wed,1,0.5970679012120366,0.5482571360259313,0.6149948250967837,1,0,1
D101983,26-35,1136.09,20,3,evening,thu,1,0.41091514910573634,0.8578061862118442,0.46868097471291886,1,1,1
D101984,36-50,1478.02,7,2,afternoon,sun,1,0.3214533785261637,0.8731661264319561,0.30794204925751345,0,1,0
D101985,65+,712.09,20,1,evening,tue,0,0.5970667945880729,0.4949232269595519,0.4036059099603309,0,0,0
D101986,26-35,250.41,74,2,evening,thu,1,0.4531240271377842,0.6415328992372712,0.12218402619623167,0,1,1
D101987,36-50,201.34,53,0,evening,fri,1,0.9162635195634014,0.8429251853557531,0.3749252429651604,1,0,1
D101988,65+,410.95,73,0,evening,fri,0,0.5611821220952526,0.13071460893810918,0.9488773839138167,0,0,1
D101989,26-35,1103.87,41,0,afternoon,sun,0,0.09987138982290023,0.8435870539742802,0.09020329397140038,0,1,0
D101990,18-25,361.55,10,1,morning,wed,0,0.6079792731397412,0.8012117235220666,0.1316344385853092,1,1,0
D101991,36-50,368.37,34,3,evening,mon,1,0.8318733423693949,0.5724124017629177,0.34108446534273396,1,0,0
D101992,26-35,256.28,17,3,morning,wed,1,0.9359106720469765,0.5419377003477968,0.3112018527583778,1,0,0
D101993,18-25,182.16,50,5,evening,tue,1,0.7692611914548468,0.8376127388510415,0.48540522115493623,1,1,1
D101994,36-50,211.47,24,2,afternoon,sat,1,0.5416394764978848,0.5610394971155277,0.41929989868760476,0,1,1
D101995,51-65,276.41,87,1,morning,thu,1,0.9045430892379753,0.42926383588968403,0.5781803228570668,1,0,0
D101996,26-35,1148.59,33,4,evening,sat,0,0.09804753937283558,0.11785000394202325,0.15109704570415075,0,0,0
D101997,26-35,197.21,28,2,afternoon,wed,0,0.6480246503437929,0.5712452701104521,0.27145825188989253,0,0,0
D101998,51-65,256.56,88,0,evening,sun,0,0.7502619772334682,0.19802662128821796,0.4955624107534356,1,0,0
D101999,36-50,112.3,46,2,morning,sun,0,0.8843282015065653,0.5695922749394003,0.41320813245867427,1,1,0
D102000,51-65,466.36,15,3,morning,sun,0,0.9063148019986602,0.3338717451079165,0.9149308522113105,1,0,1
D102001,26-35,837.16,43,2,morning,fri,0,0.7672791226214923,0.06523207879169039,0.3321157895462556,1,0,0
D102002,65+,1055.79,22,3,afternoon,tue,1,0.5305550443300746,0.3015206161733006,0.6868859986002442,1,1,0
D102003,36-50,293.84,64,2,evening,tue,0,0.7667986623345752,0.14614545690037994,0.043837969017648366,0,0,0
D102004,18-25,410.31,51,0,afternoon,sun,1,0.6319028229744584,0.47488841564133344,0.5064944070339017,1,0,0
D102005,51-65,213.11,65,1,morning,sun,1,0.4786000025683876,0.7224194899105579,0.1766328986949034,1,0,0
D102006,36-50,393.55,84,2,night,sun,0,0.29927270858991006,0.058621889307367225,0.5610195688250738,1,0,0
D102007,18-25,324.59,65,2,morning,fri,0,0.8312521990923128,0.6840949739179715,0.33840352465261236,1,1,0
D102008,26-35,257.87,30,6,afternoon,sat,0,0.6077744883167443,0.3789773064181473,0.5641276532503661,1,1,1
D102009,36-50,276.99,18,2,evening,thu,1,0.9775202152724026,0.5252314621081385,0.41253100819440436,1,1,0
D102010,18-25,367.5,47,1,evening,tue,1,0.35312667521903474,0.5539050153781417,0.4438012791016197,0,0,0
D102011,26-35,187.78,40,3,afternoon,tue,0,0.480024297582985,0.707598830793529,0.5503323738378042,1,0,1
D102012,18-25,196.71,28,1,night,sat,1,0.5913243673715534,0.8313108662169085,0.2518705544012923,0,1,0
D102013,26-35,1137.54,73,1,afternoon,fri,1,0.6894210179362262,0.18135269307869417,0.5838810971583897,1,0,1
D102014,26-35,2805.93,81,2,morning,sun,0,0.06735443311299306,0.46817734889798135,0.3381690367916274,0,1,0
D102015,36-50,82.77,34,2,morning,sun,1,0.8754475502386707,0.30301314914395394,0.550339805548412,0,0,0
D102016,26-35,78.77,61,1,night,sat,0,0.6153053911322375,0.628548745660899,0.7811962789240297,1,0,1
D102017,18-25,103.4,88,4,afternoon,mon,0,0.10840644170402933,0.23570136145927142,0.40840157959456425,0,0,1
D102018,36-50,222.97,1,5,evening,tue,1,0.895292586296,0.5716589373938915,0.17966095008125105,1,0,0
D102019,26-35,547.96,32,2,morning,wed,0,0.7896739106294601,0.2914744987842646,0.6300431906444426,1,0,0
D102020,36-50,416.6,66,1,morning,mon,1,0.7663132833598052,0.4280251974104389,0.36725731630410985,1,0,0
D102021,18-25,285.67,44,0,evening,sun,1,0.18888273142345827,0.7303795348606578,0.6652165322210045,0,1,0
D102022,18-25,393.88,71,1,night,tue,0,0.22773197467622386,0.27212055556877296,0.38850386192465935,0,0,1
D102023,26-35,131.25,42,1,morning,wed,1,0.8199804961836931,0.8252005802463607,0.05392554224720752,0,1,0
D102024,36-50,196.43,5,3,morning,fri,0,0.47875184002579113,0.7088565776909191,0.6378050022844999,1,1,1
D102025,26-35,240.31,39,2,evening,mon,0,0.8245639479603977,0.9740289140928221,0.3162854656233294,0,1,0
D102026,51-65,58.8,36,3,afternoon,fri,0,0.8161444357982696,0.7031901392452772,0.4255510833383966,1,1,0
D102027,26-35,86.04,76,4,afternoon,mon,1,0.644995530449768,0.8656394367207491,0.3425482148653449,1,1,0
D102028,36-50,89.17,13,3,morning,sun,1,0.7597373607114807,0.20821971838952,0.7796717023569883,1,1,0
D102029,36-50,486.72,13,2,night,fri,0,0.5838190518491482,0.11375571013403982,0.24491048915282448,1,0,0
D102030,18-25,305.15,12,2,morning,wed,0,0.5339594685375877,0.6768940723239762,0.6468166739546204,1,1,0
D102031,36-50,424.09,51,3,afternoon,fri,1,0.3587542245326359,0.9052080101866113,0.18056210677668078,0,0,0
D102032,26-35,46.73,89,1,afternoon,wed,1,0.5704586051599903,0.9695126470596274,0.5491356427640312,0,1,1
D102033,26-35,64.38,55,5,morning,mon,0,0.5038497193171273,0.36229280967883504,0.555905669268559,1,0,1
D102034,18-25,444.48,73,4,afternoon,mon,0,0.6969980245576402,0.3737922962804787,0.4649075594121833,0,0,0
D102035,51-65,20.07,76,2,afternoon,tue,0,0.7742231061799888,0.5246160038587501,0.5738123575299493,1,1,1
D102036,65+,736.69,54,3,evening,fri,0,0.8112047432079539,0.21712877907449968,0.5582452371272314,1,0,0
D102037,18-25,47.42,54,3,afternoon,thu,0,0.16519591763996053,0.6108157871837465,0.20331091679471452,0,0,0
D102038,36-50,522.7,21,2,morning,tue,1,0.6631408730639402,0.7950128018843425,0.2589223603801919,0,1,0
D102039,51-65,109.98,86,1,evening,fri,1,0.9648690989780636,0.9506593595678299,0.45109832278136947,1,0,0
D102040,26-35,628.93,70,2,afternoon,wed,0,0.2674907857711727,0.8187399189278033,0.14334412829129536,1,1,0
D102041,51-65,4391.14,78,3,afternoon,tue,1,0.023131683758327422,0.4517180593582581,0.14836362956444696,0,1,0
D102042,36-50,31.63,88,0,morning,fri,0,0.5776628798178388,0.09953515902776346,0.846409113114291,1,0,1
D102043,65+,457.53,31,0,evening,thu,1,0.9681571005961631,0.7884277215353191,0.3375419894309948,1,1,1
D102044,65+,48.07,12,2,evening,fri,0,0.5549771285137416,0.23263205338444928,0.8870632986673956,1,0,1
D102045,18-25,359.28,77,2,evening,thu,0,0.5709706282443023,0.900049760574665,0.09435443636490023,1,1,0
D102046,26-35,203.14,42,1,evening,mon,0,0.7510998972383824,0.9023992278167461,0.16511735673117064,1,0,1
D102047,36-50,275.01,86,3,morning,mon,0,0.10949300105318605,0.5239665333715992,0.17208738810783825,0,1,0
D102048,18-25,107.71,62,1,night,mon,1,0.47401196523400035,0.5512637431300341,0.19843117914679317,0,1,0
D102049,26-35,493.98,23,2,morning,tue,0,0.4173232804181868,0.5289276706848889,0.6242347058561448,0,0,0
D102050,65+,66.45,31,2,afternoon,tue,0,0.8034229422938637,0.29966056137163366,0.802667870111998,1,0,1
D102051,18-25,748.05,54,2,afternoon,sun,0,0.7548146672836418,0.7285091537412571,0.23977880413311178,1,0,0
D102052,36-50,169.3,35,4,morning,sat,1,0.5845522006050481,0.6600032811473517,0.9622097797110345,1,1,1
D102053,51-65,69.24,25,3,afternoon,sun,1,0.6581773189988877,0.8549796493897327,0.6740408071953132,1,1,1
D102054,26-35,1028.07,18,9,morning,thu,1,0.9008802607187512,0.8828747660202424,0.4292185753045705,1,1,1
D102055,36-50,230.3,58,1,evening,wed,1,0.625826870818519,0.4023510466311016,0.37324212205889745,1,0,0
D102056,65+,1362.22,3,3,evening,wed,1,0.23435417695158392,0.5592548913724801,0.5297760075943182,1,1,1
D102057,36-50,734.52,8,3,evening,sun,0,0.8636035789504225,0.6041696392009696,0.29977858886653197,0,1,0
D102058,18-25,119.3,3,2,afternoon,wed,1,0.7169151724592594,0.8436277695277683,0.7082781231998404,1,1,0
D102059,18-25,226.67,66,4,afternoon,fri,0,0.4592691943010794,0.7943214335325582,0.4365284894792861,0,0,0
D102060,65+,272.85,2,0,evening,tue,1,0.983439636279027,0.7495263785764035,0.9422789760405681,1,1,1
D102061,26-35,966.49,37,3,afternoon,sun,1,0.16965604812391494,0.4515764308826344,0.26734482919602104,0,0,1
D102062,36-50,362.77,10,1,afternoon,fri,0,0.6960183800055415,0.5828411591822628,0.633153672841539,0,0,1
D102063,18-25,286.77,52,4,morning,sun,0,0.1088939143915129,0.44585242588921825,0.3778952756727042,1,1,1
D102064,26-35,204.41,3,4,morning,wed,0,0.6932633925252781,0.5047579424401495,0.5126522698458297,1,1,0
D102065,65+,233.81,2,2,afternoon,fri,1,0.6656638214658999,0.5626418935356104,0.5928936990121098,1,1,1
D102066,36-50,791.66,36,1,evening,tue,0,0.31846227170408675,0.19575148142651203,0.18859571012177717,0,1,0
D102067,65+,245.51,62,2,evening,thu,1,0.8345862151323243,0.5504593095671978,0.8424671384308665,1,0,1
D102068,26-35,171.49,9,3,night,wed,0,0.5028922802966597,0.904271273513768,0.6471160230345733,1,1,1
D102069,36-50,147.22,44,3,afternoon,mon,0,0.32284083971357375,0.5153987520127536,0.28355372434708814,0,1,0
D102070,51-65,148.65,72,2,afternoon,thu,0,0.287084749093135,0.6282390531996916,0.6789372365563574,0,1,0
D102071,26-35,69.28,56,2,evening,thu,1,0.77713905280225,0.7697269904974601,0.7805383765885557,1,1,1
D102072,26-35,124.54,67,2,afternoon,tue,0,0.17226364037986214,0.3161369659057127,0.27011804472490925,0,1,0
D102073,51-65,942.54,28,2,afternoon,wed,1,0.7098776830132936,0.9097096125255464,0.263362449822467,1,1,1
D102074,26-35,203.17,84,5,evening,mon,1,0.8472954548665736,0.08994741930667653,0.14994401733816654,1,0,0
D102075,36-50,461.26,13,3,afternoon,fri,1,0.8697668373371094,0.6727095970781701,0.38966108248872483,1,0,0
D102076,65+,26.29,54,6,afternoon,wed,0,0.3228246419383759,0.1307704942350407,0.5135331014986753,0,1,0
D102077,26-35,408.09,39,2,afternoon,mon,0,0.6448118682258812,0.9068720626988532,0.35488013564948745,0,1,1
D102078,26-35,211.62,2,3,evening,thu,0,0.35577702430621516,0.7728498894685466,0.3943369056279348,0,1,1
D102079,18-25,158.65,84,1,afternoon,sat,0,0.427822391699823,0.9526478963102771,0.24309513443624053,1,1,0
D102080,26-35,287.97,63,3,morning,sun,0,0.3373482182685664,0.4947704487844918,0.5258357944067148,1,1,0
D102081,26-35,156.61,20,2,morning,sun,0,0.3094291921751257,0.4402259142171489,0.22255311187709173,0,0,0
D102082,36-50,36.18,4,2,evening,tue,1,0.9263703389100313,0.324685272343391,0.8638540778334639,1,1,1
D102083,26-35,561.17,60,2,evening,tue,0,0.10793909060340429,0.8127366607169442,0.5862676296588721,0,1,1
D102084,36-50,304.51,49,0,night,sun,0,0.20560848347315352,0.23287439542693994,0.6929503931050677,0,0,0
D102085,26-35,184.46,4,1,evening,fri,0,0.4701733092416663,0.6714281363337761,0.25506219214968984,0,1,0
D102086,26-35,102.56,88,2,morning,thu,0,0.3614022907097639,0.8089606161801484,0.3123571616498111,0,1,1
D102087,26-35,65.18,64,3,morning,sat,0,0.7848005044420677,0.7676572092800752,0.5502782008888876,1,1,1
D102088,36-50,299.32,41,1,afternoon,mon,1,0.8938402263770464,0.49879567944972103,0.5185463832752918,1,1,1
D102089,36-50,1045.34,21,3,afternoon,thu,0,0.5515559268504255,0.33930402963538087,0.24115122188823107,0,1,0
D102090,26-35,293.79,24,0,evening,fri,0,0.72413523974975,0.28122205746946854,0.22627719004485358,1,0,0
D102091,51-65,70.49,40,3,afternoon,sun,0,0.5930855703213116,0.06170485479218491,0.3606832045015573,0,0,0
D102092,36-50,299.65,5,0,night,thu,0,0.8944352966143805,0.7897802801895378,0.22321739775150742,1,0,0
D102093,26-35,233.22,33,6,afternoon,thu,0,0.11631767953763514,0.7778281459983949,0.926365296147739,0,1,1
D102094,51-65,532.53,19,1,evening,sat,1,0.8711809303993042,0.6632395768120339,0.1921667005573404,1,1,0
D102095,26-35,422.45,10,2,evening,tue,0,0.525159585295849,0.7498927575857673,0.17663778188484597,1,1,0
D102096,18-25,20.0,11,0,afternoon,mon,0,0.7878375451421014,0.6612744607350739,0.5413393608048509,1,1,0
D102097,36-50,399.7,31,2,evening,thu,0,0.791958120913329,0.8553301841389979,0.2719425019808107,1,1,1
D102098,18-25,99.17,34,3,evening,fri,1,0.8144531564490652,0.3570613512321857,0.3557889092788243,1,0,0
D102099,26-35,68.06,31,2,evening,thu,0,0.9243307788902291,0.5764352090012584,0.495041510268423,1,0,1
D102100,51-65,206.52,62,1,evening,fri,0,0.30383536528753924,0.46919920122877223,0.7793596119052383,1,0,0
D102101,18-25,354.2,46,0,afternoon,tue,0,0.7764604689020925,0.706999081365388,0.2677805820404538,1,1,0
D102102,51-65,55.89,17,5,afternoon,mon,0,0.6309274361145588,0.4648028037339962,0.7732205291654215,1,1,1
D102103,65+,461.33,87,0,evening,sat,0,0.3540576590310989,0.13791878841106114,0.20338416384391594,0,0,1
D102104,36-50,486.39,65,3,evening,sat,0,0.9032093202736644,0.49373518031173347,0.2523275072568283,1,1,0
D102105,36-50,255.26,42,4,evening,fri,0,0.7862408067654514,0.19308370788874724,0.5586499982023313,1,0,0
D102106,36-50,112.07,4,3,afternoon,wed,0,0.6433021623502948,0.5802974475439545,0.8894724887435116,1,1,1
D102107,65+,101.35,82,2,morning,wed,1,0.8316657554603886,0.4842333265813225,0.5000666501066549,1,1,0
D102108,26-35,616.06,67,0,afternoon,thu,0,0.5161366701393498,0.4867522581114307,0.1295637354179461,0,1,0
D102109,26-35,62.8,41,1,night,wed,0,0.3956020368967779,0.6436318605503392,0.49805639528468,1,1,0
D102110,36-50,637.8,14,6,afternoon,tue,0,0.36353767712485846,0.5124674719949014,0.4273948667219651,0,0,0
D102111,36-50,210.89,9,1,afternoon,wed,0,0.8201502453836897,0.2041224681588188,0.2989759853543103,1,0,0
D102112,26-35,224.47,26,1,morning,wed,0,0.4832283775358681,0.2709870061468835,0.14696361633605692,1,0,1
D102113,36-50,52.6,20,2,afternoon,thu,0,0.7773099825214144,0.6398295973386893,0.33984853532517256,1,1,0
D102114,18-25,214.42,18,4,afternoon,wed,0,0.7252014920609017,0.5505789814577885,0.4691699450345211,1,0,0
D102115,65+,425.06,36,3,evening,thu,0,0.5980858830462973,0.21246752591770274,0.5596430643232579,0,0,1
D102116,26-35,73.5,4,4,morning,sat,0,0.9222131863394478,0.7768571452485341,0.7087471356929351,1,1,0
D102117,18-25,383.28,29,4,afternoon,wed,0,0.4403266697602425,0.39557052491632727,0.2829960901009641,1,0,1
D102118,18-25,265.1,78,1,morning,mon,0,0.7613365033280628,0.09736201310614852,0.4582282454267879,1,0,1
D102119,26-35,137.09,77,1,morning,sat,0,0.7347000148868889,0.8669428309853413,0.4285344055576512,1,1,0
D102120,26-35,528.06,0,3,evening,tue,0,0.9011825278512471,0.8990471905174872,0.28391867839958973,1,1,0
D102121,18-25,33.72,61,4,night,sun,0,0.7323452320017511,0.7922314428257808,0.5409133628945011,1,1,1
D102122,26-35,334.29,89,1,evening,thu,0,0.13876845303635535,0.24878597271647485,0.11434804041170699,0,1,0
D102123,26-35,1050.99,52,4,evening,thu,1,0.5618247866536903,0.5792237025454415,0.27899468261669896,0,1,0
D102124,26-35,894.22,35,2,morning,wed,0,0.4245046226601837,0.25354777816230095,0.24858392443833818,1,0,1
D102125,26-35,347.52,44,4,evening,fri,0,0.5634491875153774,0.5678332980802858,0.4454607570444296,1,0,1
D102126,26-35,186.51,19,1,afternoon,fri,1,0.7048093148232485,0.7484631302565385,0.6899048388121249,1,0,1
D102127,26-35,138.07,35,2,evening,sun,0,0.45387833349840945,0.3335090780416396,0.20043402362798993,1,0,0
D102128,18-25,186.3,84,3,evening,mon,0,0.1694615374610857,0.6924277330675617,0.12227656950636186,0,1,0
D102129,18-25,399.19,55,3,afternoon,tue,1,0.5556002313787909,0.6620770736906056,0.43444351557139493,1,0,1
D102130,26-35,118.33,38,0,afternoon,tue,0,0.8634231809067765,0.941745661153902,0.10826842936140452,1,1,0
D102131,51-65,483.8,11,3,morning,tue,0,0.48051050552631785,0.49636884922904734,0.7885530196303341,1,0,1
D102132,65+,1668.77,81,1,afternoon,sun,0,0.15982374879720943,0.008901242991863862,0.4903971740158581,0,0,1
D102133,65+,231.44,14,2,afternoon,mon,0,0.4790825326536847,0.09244002976860861,0.376191919724881,1,0,0
D102134,36-50,72.97,64,2,night,mon,0,0.2491821217730239,0.8831366467974279,0.18015837011861574,0,1,1
D102135,36-50,72.95,27,2,morning,thu,1,0.7567658851689664,0.6015909267389596,0.673492042317969,1,1,1
D102136,26-35,492.21,25,2,evening,tue,0,0.6972758047661324,0.7211052605545857,0.44519126340876125,1,1,1
D102137,51-65,231.88,15,1,afternoon,wed,0,0.9160730571318708,0.5517599592095032,0.36929362521087516,1,0,0
D102138,51-65,538.69,33,3,morning,fri,1,0.35355179546470356,0.8415485048151315,0.6188811090940809,0,1,1
D102139,51-65,151.37,60,1,afternoon,thu,1,0.7524500621458181,0.13262675196694398,0.3578511087712114,1,1,0
D102140,51-65,516.75,37,0,afternoon,sun,0,0.8497661076114637,0.7535598710777605,0.47638634679097003,1,0,0
D102141,26-35,212.2,2,1,afternoon,thu,0,0.4137401258550654,0.9270550838927931,0.7837511114539057,0,0,1
D102142,51-65,126.56,23,0,afternoon,sun,1,0.942503086640446,0.6254894832222098,0.9601464956144659,1,0,1
D102143,51-65,170.56,14,4,morning,tue,1,0.6427840597731512,0.7035190500090747,0.6239166457262978,1,1,0
D102144,26-35,83.32,36,0,afternoon,tue,1,0.8954841315235782,0.7350289615235346,0.6396998260889052,1,1,1
D102145,65+,1466.19,81,2,evening,wed,1,0.34335954028504695,0.048119444320080786,0.7586796131538955,1,0,1
D102146,18-25,224.36,86,2,evening,mon,1,0.6695211545142854,0.8106664859906075,0.09143960203204239,1,1,0
D102147,65+,437.06,89,1,morning,mon,0,0.8312237263600013,0.28678364168596104,0.3147695247188106,1,1,0
D102148,51-65,150.93,10,2,evening,wed,0,0.7226100868611599,0.6267593964709568,0.09608038979515031,1,1,0
D102149,18-25,94.94,43,0,night,thu,0,0.6973773459295807,0.798581799517423,0.482108063523483,0,1,1
D102150,36-50,198.25,4,2,morning,tue,1,0.8593857168966403,0.5854837351334797,0.929367692352597,1,1,1
D102151,18-25,659.23,44,2,morning,tue,0,0.20885786565833422,0.8974426085650259,0.5852268358101206,1,0,0
D102152,51-65,153.14,51,2,morning,mon,0,0.5833990137832591,0.4259087490021982,0.5540799814306937,1,0,0
D102153,51-65,111.78,69,2,morning,mon,0,0.5327039285030606,0.5254444344905792,0.5008185272118525,0,0,1
D102154,36-50,281.44,30,5,evening,sun,1,0.3072457372387276,0.4707529299304786,0.452670815058545,0,1,1
D102155,51-65,383.42,3,4,evening,mon,0,0.7683808498233552,0.7590394249353425,0.7981979760969521,0,1,0
D102156,18-25,1073.38,40,1,afternoon,fri,1,0.6626070562400005,0.7530436594013498,0.46177580023405324,0,1,0
D102157,26-35,336.43,38,2,afternoon,sat,0,0.7327791357308079,0.559440410254186,0.38510586835916344,1,0,0
D102158,26-35,436.85,56,0,evening,tue,0,0.8855301411576578,0.8681127739236851,0.14342414470632164,1,1,0
D102159,18-25,467.48,8,2,morning,tue,0,0.7483505263894471,0.2969173051984039,0.5043633436895821,0,0,1
D102160,26-35,86.69,55,0,morning,wed,0,0.4794087619644191,0.5914996714660268,0.34762983044498097,1,0,0
D102161,26-35,102.82,36,4,morning,fri,1,0.5715868696699348,0.5783487520056254,0.6006337613506862,1,0,0
D102162,26-35,92.25,66,4,evening,mon,0,0.7431084736498972,0.6506559141810241,0.6078296303128994,1,1,0
D102163,26-35,73.78,88,2,evening,sat,1,0.7087244648955984,0.6821657872512594,0.12212917177895877,1,1,0
D102164,51-65,500.65,20,0,evening,wed,1,0.8090044242752843,0.651475009337318,0.6043281602865841,1,1,0
D102165,26-35,317.68,67,2,evening,thu,0,0.31896875995518587,0.3783231061968195,0.2427381746928046,0,0,1
D102166,51-65,262.84,11,3,morning,sun,0,0.4549917815639918,0.4309995610928087,0.4206149786294436,1,1,1
D102167,26-35,23.73,88,6,afternoon,mon,0,0.5653350802807654,0.5294357304398108,0.11781351069838543,1,0,0
D102168,26-35,1556.09,43,2,evening,sun,0,0.04664337932283324,0.3811255738260738,0.15937930455161115,0,1,0
D102169,36-50,109.42,67,3,night,fri,0,0.05864851904248089,0.686489330755192,0.18711374919920667,1,1,0
D102170,26-35,1550.96,69,0,afternoon,wed,0,0.5156260649723874,0.6243404818795345,0.505750791493946,0,1,0
D102171,26-35,66.4,54,3,morning,mon,1,0.5305596885336242,0.7153615175957767,0.5889904671270246,0,1,1
D102172,36-50,117.78,34,0,night,mon,1,0.8206454463755233,0.13687533487451004,0.6904424781027444,0,0,1
D102173,26-35,33.7,67,3,afternoon,sat,1,0.8999838636552212,0.5761942971031838,0.09736717730306678,1,0,0
D102174,26-35,338.97,42,4,afternoon,wed,0,0.25819700780980387,0.7367606359735595,0.8212355345090793,0,1,0
D102175,36-50,90.82,59,2,morning,sat,0,0.18047738911506417,0.3483472966881826,0.3325646398096253,1,1,0
D102176,26-35,93.16,55,3,morning,sat,1,0.5306672416920486,0.7230635162799006,0.8645248625740746,1,1,1
D102177,51-65,71.15,41,3,evening,wed,0,0.49406516432508846,0.3918661963810319,0.7305219091671444,1,0,1
D102178,26-35,492.56,10,1,evening,wed,1,0.7694087033282584,0.8472701888028725,0.45038756096619803,0,1,1
D102179,65+,464.2,26,1,afternoon,tue,1,0.8314299939653185,0.8318562508762878,0.9694962040267414,1,1,1
D102180,51-65,1249.91,84,1,morning,fri,1,0.5595267215651424,0.5609218406843773,0.7175554881357301,0,0,1
D102181,65+,132.01,46,4,afternoon,fri,0,0.5616590855735836,0.09671791220858812,0.5902243520211939,0,0,0
D102182,51-65,297.95,57,1,afternoon,wed,1,0.9014083549821397,0.16232125786947002,0.5505817685979134,1,0,1
D102183,18-25,76.68,23,0,afternoon,thu,0,0.7913932577076294,0.8541128811737859,0.6423426136469653,1,1,1
D102184,36-50,180.99,63,4,morning,thu,0,0.4982828676288903,0.7163735516453849,0.2806857872297729,1,1,1
D102185,26-35,153.4,43,6,evening,tue,0,0.6771222618850438,0.17064603996466599,0.25530789163999634,1,0,0
D102186,51-65,371.67,19,2,night,thu,0,0.16338059558501572,0.391193227939894,0.40995490479986224,0,0,1
D102187,36-50,611.14,13,2,afternoon,sat,0,0.8306788450168278,0.9306267384478796,0.26133684332945867,1,1,0
D102188,26-35,597.03,35,3,evening,sun,0,0.4783724477334651,0.4687874348214012,0.19849911011352184,1,1,0
D102189,65+,114.6,50,2,evening,wed,0,0.3140039230800914,0.8967082354300603,0.9315743329595065,0,1,0
D102190,18-25,601.02,25,2,morning,tue,1,0.4516121150347195,0.5907392484214556,0.7041321626427699,1,0,1
D102191,36-50,235.17,22,3,night,sun,1,0.8194901719150006,0.39156358191549717,0.6547261966804657,1,0,1
D102192,36-50,182.7,24,2,afternoon,sun,1,0.5831173904651835,0.4488830353564093,0.4383400796098815,1,1,0
D102193,18-25,129.33,26,1,evening,sat,0,0.6661537025324047,0.37603987210294176,0.2273004539662401,1,0,0
D102194,36-50,147.83,66,1,afternoon,wed,1,0.896359710475234,0.1965615559155791,0.4581083932413655,1,0,0
D102195,51-65,1173.89,44,2,afternoon,tue,0,0.4554494335775949,0.2814415542934132,0.8703946257724113,0,0,1
D102196,18-25,322.68,42,2,evening,fri,0,0.28649496859688983,0.7176118294862639,0.39207667416176667,1,0,0
D102197,36-50,286.33,14,1,evening,tue,0,0.7502534797781087,0.431337369899911,0.671041258009028,1,1,0
D102198,26-35,193.25,49,2,morning,sat,0,0.17968642982469166,0.4309659781198921,0.4221218463546209,0,1,1
D102199,36-50,2211.4,86,1,evening,wed,0,0.15502573991265164,0.5840065871270289,0.1385261799145214,0,1,0
D102200,18-25,791.96,67,3,night,wed,0,0.06290930670934396,0.7314861829607375,0.30706876842881053,0,1,1
D102201,65+,127.87,40,6,evening,sat,1,0.5721549961570201,0.2804924960337205,0.47008525858586836,0,1,1
D102202,51-65,191.28,27,3,evening,wed,0,0.3463569778466475,0.594517713196233,0.8194216914634324,1,0,1
D102203,26-35,201.78,31,2,morning,mon,0,0.6314756874513782,0.24943102172186848,0.21575658080549295,1,0,0
D102204,26-35,279.02,2,1,afternoon,sat,0,0.8684634305993367,0.7631390859074731,0.27273782784484885,1,1,1
D102205,36-50,130.18,2,2,morning,wed,0,0.9168607622267793,0.6218792583649436,0.7017842616356114,1,0,0
D102206,36-50,363.19,69,3,evening,fri,1,0.36422936437102343,0.43349679973849303,0.33779480275118706,1,1,1
D102207,26-35,904.05,75,4,evening,fri,0,0.20250777287987293,0.43740955531812303,0.24347133308419758,0,1,0
D102208,26-35,75.02,87,3,night,mon,0,0.5681290670328143,0.4282179015394224,0.028465042395797762,0,0,0
D102209,18-25,88.65,56,2,morning,mon,1,0.7646657635794825,0.4308159183899948,0.3566169930164281,0,0,0
D102210,65+,158.41,83,3,night,sat,0,0.16475005526940756,0.5635749473008714,0.7720624588575219,1,0,1
D102211,36-50,165.15,37,1,night,mon,0,0.44233857547454764,0.7554513880646694,0.31389784880693944,0,1,0
D102212,51-65,1478.26,22,4,evening,wed,0,0.418351830772677,0.23408526855628742,0.619046379027947,0,0,1
D102213,36-50,602.77,22,3,evening,sat,0,0.15340794068456703,0.10719774576758044,0.42526111567660557,0,0,1
D102214,65+,572.43,21,3,afternoon,tue,1,0.7810465308092633,0.05526699622678397,0.9116853757678931,1,0,1
D102215,18-25,192.88,67,1,afternoon,thu,1,0.8367444710064963,0.9652525107282033,0.2520057455757019,1,1,0
D102216,18-25,189.11,0,2,morning,mon,0,0.481539600777805,0.7444891423890723,0.3076604581731698,1,0,0
D102217,65+,66.25,85,3,morning,thu,1,0.24078914292793052,0.5458976885962583,0.35650327543611354,0,1,0
D102218,65+,494.51,69,3,morning,fri,1,0.8525770320443171,0.15141673138524198,0.7071892296034681,1,0,1
D102219,26-35,380.68,34,3,evening,tue,0,0.6397407734633,0.549626048257143,0.26133877934907573,0,0,0
D102220,26-35,778.52,63,0,afternoon,tue,0,0.6889000347117277,0.49941567043482665,0.5945157652089665,0,1,1
D102221,36-50,202.4,12,0,morning,thu,0,0.43548186054524435,0.7070530404106542,0.32842592260324355,1,1,0
D102222,26-35,215.38,38,2,morning,sat,0,0.20899603492211363,0.6130838046105719,0.276221627871856,0,1,0
D102223,26-35,285.16,9,2,evening,thu,0,0.7758723329344518,0.4889769716339056,0.23759925184758662,1,1,0
D102224,51-65,546.05,10,3,night,fri,0,0.731438790666669,0.2110419769335764,0.5698317771365953,1,0,0
D102225,26-35,65.16,0,2,afternoon,wed,0,0.429855356220885,0.7428981899106317,0.8655479539831337,0,0,1
D102226,36-50,474.59,71,0,evening,mon,1,0.728194235754104,0.17306924808200772,0.024420656262055068,0,0,0
D102227,18-25,240.22,66,3,night,sun,0,0.047445128392700694,0.28047446517967406,0.30128473544088713,0,0,0
D102228,18-25,94.37,80,0,evening,sat,1,0.40455880719453163,0.6743441608288593,0.7329815159998188,0,1,0
D102229,36-50,37.48,88,1,evening,mon,0,0.5966579290194166,0.5550049651457681,0.2894594910985678,1,0,1
D102230,26-35,216.41,86,4,evening,tue,0,0.5939107920257274,0.8284108958056232,0.45317827337617683,1,1,1
D102231,36-50,900.49,89,4,night,wed,0,0.02832600436132127,0.15500540476046645,0.673624862285283,0,1,0
D102232,18-25,1104.58,1,2,afternoon,mon,0,0.7534834709666557,0.7053986983461217,0.25241439512164665,1,1,0
D102233,65+,336.92,70,3,evening,sun,1,0.5220201863757281,0.054227690236294715,0.5694851380051231,0,0,1
D102234,51-65,1430.54,65,1,afternoon,tue,0,0.7174037646319446,0.3561724360885935,0.7018145148860043,1,1,0
D102235,51-65,235.42,14,2,morning,tue,0,0.8248181625577892,0.28432854905056715,0.6973458676068797,1,0,1
D102236,18-25,577.08,12,3,evening,wed,0,0.7137323844586991,0.6353362722256599,0.3084177231813662,1,1,0
D102237,26-35,163.02,87,0,evening,sun,0,0.9154520566401637,0.6472902448895854,0.5117112817043422,1,0,1
D102238,26-35,153.99,79,1,evening,tue,1,0.500343118719836,0.8021409086899841,0.7171654473770901,1,1,1
D102239,36-50,132.99,29,1,night,wed,1,0.7419928972876771,0.28707584671175124,0.5956084587487496,1,0,0
D102240,26-35,38.3,6,1,evening,fri,0,0.5170605414017398,0.8915588128526835,0.5043952198608058,1,1,1
D102241,18-25,779.29,30,4,afternoon,tue,1,0.4467879744384369,0.7143861986931677,0.5484706761562711,1,1,0
D102242,26-35,137.35,0,2,night,mon,1,0.8235138302485784,0.9434569998649861,0.42902424062770084,0,1,0
D102243,26-35,118.95,61,1,morning,mon,0,0.832473814031004,0.8910744693497895,0.6853040018486751,1,1,0
D102244,26-35,84.61,34,2,morning,tue,0,0.5243319163514183,0.9232784730580482,0.1702230339004116,1,1,1
D102245,26-35,203.58,4,1,afternoon,wed,1,0.5277565445576792,0.5175611661478229,0.5036585265229164,1,1,0
D102246,26-35,1196.48,88,2,evening,sun,1,0.3976917095325834,0.5774824337817885,0.5979640052322415,0,1,0
D102247,36-50,1610.66,74,1,evening,sun,0,0.15198637405831286,0.056977365060905824,0.13903288603802055,1,0,0
D102248,26-35,54.88,81,6,evening,thu,0,0.2945304697050872,0.7839724242014483,0.5456093925652654,0,1,0
D102249,26-35,177.86,89,1,morning,sun,1,0.7377017778668363,0.8788951051467826,0.5148275731158769,0,1,1
D102250,36-50,96.46,1,1,evening,mon,1,0.923475697815675,0.911296354831406,0.8748187528928005,1,1,1
D102251,51-65,595.56,69,1,evening,thu,0,0.7682283982445405,0.2617489136192569,0.6635046614088667,0,0,1
D102252,26-35,316.69,70,2,night,thu,1,0.3905218099867873,0.7555516740505981,0.4333147635703008,0,1,1
D102253,36-50,137.98,70,3,afternoon,mon,0,0.8183276180226908,0.2900061247893634,0.47770389603458047,0,0,0
D102254,65+,261.21,23,6,evening,thu,0,0.5391929737446813,0.3181973800167007,0.7089919134786693,0,1,1
D102255,36-50,159.23,35,3,evening,thu,1,0.7309301889842802,0.6299822386301588,0.9241669605982595,0,0,0
D102256,51-65,1046.1,83,5,afternoon,sat,0,0.08890809180681018,0.02131992456979965,0.4531343159665985,0,0,0
D102257,51-65,400.32,5,1,morning,wed,0,0.19159783716689305,0.33390938411262566,0.5412837990090282,0,1,0
D102258,18-25,447.13,57,2,morning,thu,1,0.1636613320487412,0.9700689473721668,0.3678853793747354,0,1,0
D102259,26-35,22.19,71,2,morning,tue,0,0.6116136456871946,0.5575605137434666,0.4088542397174167,1,0,0
D102260,36-50,230.42,71,3,afternoon,thu,0,0.33372469667590315,0.458072331691351,0.16547052818038752,1,1,0
D102261,65+,1595.42,53,2,evening,mon,0,0.07172553609490413,0.20069204119684037,0.4671826537176877,0,0,0
D102262,36-50,807.16,69,5,evening,thu,0,0.31169137275308056,0.2274178441229343,0.15540757754892193,1,1,0
D102263,18-25,46.41,81,2,evening,wed,0,0.5519505083237299,0.6224026604640834,0.1406119258956436,1,1,0
D102264,36-50,184.55,68,1,morning,tue,0,0.7304542198828228,0.36215383909727694,0.6486808723016453,0,0,1
D102265,18-25,82.98,10,0,morning,wed,1,0.7470267357835949,0.3509979288299857,0.5093760564172488,1,1,0
D102266,51-65,1141.38,22,3,evening,sun,1,0.5455734254005197,0.6501364320764699,0.41810582920922057,0,0,0
D102267,36-50,304.86,27,0,evening,fri,1,0.7447315191602402,0.9386355379017126,0.5508864311362419,1,1,0
D102268,36-50,122.61,30,3,evening,sat,0,0.7922000433734332,0.2105184746298826,0.38512262084669563,1,0,0
D102269,51-65,252.33,32,2,evening,wed,0,0.6455816480973509,0.37009713721732496,0.563345144239563,1,1,0
D102270,36-50,23.41,19,1,night,wed,1,0.7334893304214948,0.9246712330269594,0.2409716648733197,1,1,0
D102271,36-50,92.16,61,1,night,mon,1,0.8554052145900564,0.37600627046070734,0.2957994151273557,0,0,0
D102272,51-65,252.85,9,3,evening,fri,1,0.904822898202386,0.7336011752293532,0.3027693820437927,1,1,0
D102273,51-65,523.8,70,1,afternoon,mon,0,0.5072281305063547,0.9849797215720137,0.2766722319840156,0,1,0
D102274,51-65,42.64,59,2,morning,sun,0,0.4761956545615432,0.5249619232779013,0.34739794218540493,1,1,0
D102275,18-25,173.64,86,3,evening,fri,0,0.31939060296238175,0.5785414567796541,0.11285405493526125,0,1,0
D102276,36-50,607.11,0,2,afternoon,thu,0,0.1938363857355408,0.7952551309922461,0.6645775950590805,1,1,1
D102277,26-35,66.27,26,0,morning,fri,1,0.9297155044152174,0.9149371453994195,0.8980180430251982,1,1,1
D102278,51-65,300.75,80,1,morning,sun,0,0.3150299716941179,0.16922622777156582,0.723657682085045,0,1,0
D102279,36-50,259.66,44,3,night,tue,0,0.6964306034578831,0.1039844200729229,0.30341955958964767,1,0,0
D102280,26-35,1144.75,50,1,morning,sat,0,0.352163688726767,0.6281501000304097,0.3764022149168353,0,1,0
D102281,26-35,198.91,2,3,evening,sun,1,0.9292123317797765,0.8870882337868354,0.5045800170555296,1,1,0
D102282,26-35,209.68,68,2,night,fri,1,0.6498846984549754,0.5689465462921784,0.3262282323808996,0,1,0
D102283,36-50,528.19,22,2,evening,fri,0,0.8529853837629013,0.8821121298892189,0.772961811065476,1,1,0
D102284,26-35,74.16,86,3,morning,thu,1,0.43664083507228635,0.8927082609296788,0.8837293371886386,0,1,1
D102285,18-25,200.58,33,4,evening,tue,0,0.18985277422449873,0.8304384110432165,0.08487510208823305,0,1,0
D102286,51-65,162.37,16,2,evening,sun,1,0.8078556209319301,0.5233113677633333,0.9140563398659985,1,1,1
D102287,51-65,215.94,53,1,afternoon,wed,1,0.27852524313303373,0.11594377401932615,0.5046041363026341,0,0,0
D102288,26-35,525.09,42,1,evening,wed,1,0.5949059349375255,0.7073662232204102,0.4101867483498591,0,1,1
D102289,26-35,402.92,42,2,morning,sun,1,0.2914947045855408,0.21491165967343334,0.5628705282882339,1,0,1
D102290,65+,124.73,85,4,evening,mon,0,0.27022120145525746,0.02153991694530744,0.8966947276883342,0,0,1
D102291,36-50,276.73,32,3,night,wed,0,0.6560635280586053,0.6451290136230855,0.5354434849779873,1,0,0
D102292,36-50,935.8,35,0,afternoon,thu,1,0.8222976639293905,0.8598512354172309,0.6568099692329056,1,1,1
D102293,26-35,115.79,56,1,night,tue,1,0.5462574897124751,0.22136173227777675,0.7281174008871777,0,0,1
D102294,26-35,278.84,15,1,afternoon,fri,0,0.7538181047412852,0.6664175137766283,0.6705904522125667,1,1,1
D102295,18-25,205.65,74,3,evening,thu,1,0.4023999998971413,0.6993108208903894,0.5440020370341851,0,0,0
D102296,36-50,231.2,20,2,evening,tue,0,0.9757855550493528,0.5121805501135118,0.7245062877116334,1,1,1
D102297,18-25,56.4,21,2,morning,tue,0,0.6450165281936566,0.39355561224930974,0.22250658151722774,1,0,0
D102298,18-25,871.04,0,2,night,wed,0,0.1937175497104027,0.9027096058484477,0.07147469010836179,0,1,0
D102299,36-50,121.89,30,1,night,sat,1,0.8348166161765371,0.2587333691755591,0.9206998769754006,1,0,1
D102300,65+,616.13,52,3,afternoon,thu,1,0.848685872087987,0.0654925559438752,0.4668131388781499,1,0,0
D102301,51-65,139.88,63,3,evening,sat,1,0.46478185221119533,0.14926947449365144,0.4962712929841685,0,1,0
D102302,36-50,139.36,80,4,afternoon,sat,0,0.16179674996367077,0.44435265252309875,0.3142113956562017,1,1,0
D102303,36-50,729.1,70,2,morning,sat,0,0.15869852348923563,0.2592491331456088,0.2691526565383582,0,0,0
D102304,26-35,598.54,28,2,morning,sat,0,0.29955955512698135,0.3641212033669058,0.20572015949289818,1,0,0
D102305,26-35,295.24,74,1,afternoon,fri,0,0.5321998374800225,0.7046090808620717,0.4697326030516106,0,0,0
D102306,36-50,485.43,17,3,morning,wed,0,0.21657073690590134,0.6194784695016167,0.5758844125417638,1,1,1
D102307,26-35,188.73,18,2,morning,fri,1,0.6507189783918198,0.234325413179382,0.6830380507498561,1,1,1
D102308,36-50,242.86,32,2,night,sun,1,0.5432676392685875,0.694505259440419,0.7284974006511793,1,1,0
D102309,51-65,134.9,48,1,afternoon,wed,1,0.8363501923087331,0.840881586892522,0.5619306536296061,1,1,1
D102310,65+,552.06,18,1,evening,thu,0,0.7822147132960973,0.377848169362861,0.5622931712494553,1,0,1
D102311,18-25,131.1,81,1,morning,sun,1,0.6114020439272114,0.6106515811687278,0.715675222467085,1,1,1
D102312,26-35,931.36,24,0,morning,fri,0,0.8937312972600825,0.9373926322392918,0.24509557261765577,1,1,0
D102313,26-35,184.15,35,2,evening,tue,0,0.8614131721324884,0.4850737087439205,0.2509642080963525,1,1,0
D102314,26-35,249.25,54,1,afternoon,wed,1,0.7619381735136643,0.7023857726125495,0.7269119269092932,1,1,1
D102315,26-35,484.37,38,4,afternoon,tue,1,0.35569438044498475,0.7641059018269372,0.4602077405618504,0,1,1
D102316,26-35,250.0,36,2,night,thu,0,0.2818791784728957,0.6238290225288408,0.2692315625079163,1,0,1
D102317,51-65,187.14,88,2,afternoon,sun,1,0.2483247850373745,0.31684142142908295,0.49079659115744384,0,0,0
D102318,36-50,238.17,39,5,afternoon,sat,0,0.5644880932605932,0.4177791427379546,0.7150634309316932,1,0,0
D102319,65+,546.99,10,2,evening,sun,0,0.6610909868537485,0.7516290046941785,0.7947654186866813,1,1,1
D102320,18-25,134.75,65,3,morning,sat,0,0.5933845717534326,0.7464013609116213,0.364959937955049,0,1,0
D102321,18-25,218.41,63,2,evening,thu,0,0.5549141873516978,0.6226416859792371,0.10943196601636052,0,0,1
D102322,26-35,246.97,19,1,afternoon,fri,1,0.9179893918074516,0.6209268060734691,0.5880518549168756,1,1,1
D102323,18-25,532.79,76,2,morning,thu,0,0.6262844608964504,0.35815311588514875,0.23977571340135662,1,0,0
D102324,26-35,223.66,35,3,afternoon,mon,1,0.43195846405666355,0.8925877144004433,0.26218990660517544,0,1,1
D102325,65+,1245.72,13,2,afternoon,mon,1,0.4402756110199081,0.11653159547973534,0.5929067260705738,1,0,0
D102326,26-35,212.54,15,2,evening,thu,1,0.7822028925872421,0.9833796466565948,0.6978955120354001,1,1,1
D102327,26-35,197.57,64,1,night,fri,0,0.25747126027805356,0.5551008374151168,0.703190806373634,0,1,1
D102328,36-50,209.78,19,2,evening,tue,0,0.6872128877799658,0.2452477187308249,0.2131132884329316,1,0,1
D102329,36-50,74.82,42,2,afternoon,mon,0,0.7651420055594629,0.5900334607568017,0.22922787303026304,1,1,0
D102330,36-50,96.25,66,2,night,mon,0,0.4542436127775518,0.23186780068422982,0.6325596231729806,1,0,0
D102331,26-35,151.78,76,3,evening,wed,0,0.5315513615894362,0.4269352999982149,0.24408003183882798,1,1,0
D102332,51-65,680.1,44,2,morning,sun,0,0.2365152383921234,0.08351854109244886,0.6625762224269927,0,1,0
D102333,18-25,237.5,81,2,morning,wed,1,0.6445400008790019,0.6328755325248306,0.30321902595933253,1,0,1
D102334,26-35,158.19,27,6,morning,sun,0,0.5541315556711667,0.09815491259507401,0.5151642641675809,1,0,1
D102335,36-50,737.95,78,4,morning,sun,0,0.18035220964447748,0.15300512745831207,0.11355378962328681,0,0,0
D102336,51-65,988.37,22,1,afternoon,sun,1,0.29384556100420955,0.2866920617637233,0.7691309925068397,0,0,1
D102337,26-35,757.36,5,6,afternoon,sun,1,0.801260022957855,0.5138446796686078,0.07908797242175712,1,0,0
D102338,36-50,113.55,65,1,night,tue,1,0.9243181602082339,0.3647188914631892,0.790898815003484,1,0,0
D102339,18-25,156.69,68,3,afternoon,sun,0,0.4271629875761961,0.5531310646511378,0.2935239628294874,1,0,0
D102340,26-35,1251.83,83,1,morning,sun,1,0.2768693105344874,0.7143969693797263,0.5242222662305602,1,1,1
D102341,18-25,304.0,82,3,night,sat,0,0.4230873170079234,0.5362429945447754,0.35331542622050116,0,1,0
D102342,36-50,192.32,9,1,afternoon,tue,1,0.9016370709659222,0.9251454430929358,0.19250494101007723,1,1,0
D102343,26-35,467.09,55,0,morning,wed,0,0.5062842423437299,0.4861689464700633,0.720400126054105,0,1,1
D102344,36-50,605.81,63,1,morning,fri,1,0.8574491792868822,0.6436491214847078,0.6255769812851114,1,1,0
D102345,18-25,146.31,54,1,evening,mon,0,0.33542670209709663,0.7723342934254289,0.5258708585395568,0,0,1
D102346,51-65,298.12,1,1,afternoon,sat,1,0.6398461069448456,0.863229740049437,0.4920867552546483,1,0,0
D102347,51-65,563.35,4,2,evening,wed,1,0.8451584092107559,0.44742156439944347,0.7296995687103068,1,0,1
D102348,18-25,86.12,60,3,evening,mon,1,0.6366120329733006,0.8754325646153002,0.14880430416817833,0,1,0
D102349,18-25,247.43,77,2,evening,wed,0,0.6151123323637625,0.36937047260051925,0.32958359718668095,1,0,0
D102350,18-25,89.75,16,5,evening,wed,0,0.8021566993377236,0.5644689810616469,0.14987527673703782,1,0,0
D102351,51-65,100.97,4,3,evening,fri,0,0.34308212050257236,0.45593490683364885,0.9970279131577459,1,1,1
D102352,26-35,147.41,36,1,evening,fri,1,0.7893419672013111,0.8612375614912284,0.6694948489177819,1,0,1
D102353,36-50,375.93,28,2,morning,wed,0,0.938100769519799,0.2596839221602756,0.7800507101035004,0,0,1
D102354,26-35,183.13,88,0,afternoon,fri,0,0.4077847299320326,0.31864468996395523,0.28930026978978163,0,1,0
D102355,51-65,136.51,83,4,afternoon,sun,1,0.3782463397384059,0.2149040436656455,0.7134695163156326,1,1,1
D102356,36-50,256.31,50,5,afternoon,wed,0,0.09577718709086638,0.4349055759026077,0.6532103074127239,0,0,1
D102357,36-50,87.16,85,0,afternoon,wed,1,0.786749552524699,0.339323105499946,0.2749925849661099,1,1,0
D102358,65+,359.93,20,3,evening,mon,0,0.754571118447932,0.4497837003406494,0.48587174740235844,1,0,1
D102359,26-35,677.39,89,6,afternoon,wed,1,0.5478154825938406,0.386733674530911,0.6507038793056651,0,0,1
D102360,51-65,227.86,40,3,evening,tue,0,0.36932209439726393,0.6145464850772426,0.47478650086220414,1,1,1
D102361,18-25,203.9,42,2,afternoon,sat,1,0.5695875197409982,0.7540520949887846,0.26074093799403575,1,1,0
D102362,36-50,342.44,4,2,night,mon,0,0.6408338077715852,0.9004524663763485,0.32364623278309984,1,1,0
D102363,51-65,39.42,15,4,afternoon,fri,0,0.6963055527195415,0.531235567763016,0.252090856358547,0,1,1
D102364,36-50,396.68,17,1,evening,sat,0,0.3996998136250388,0.23752160738829295,0.09087415401584033,1,0,1
D102365,36-50,3990.6,43,4,evening,tue,1,0.11147600815137906,0.16020436759069423,0.06996701141371442,0,0,0
D102366,26-35,219.11,17,3,afternoon,mon,0,0.41025614962920093,0.6908974939059569,0.3987522899773863,0,1,0
D102367,26-35,219.82,9,2,evening,fri,0,0.22842837648075917,0.5006633166379552,0.5821218761315755,1,1,0
D102368,26-35,477.83,54,4,night,fri,0,0.48135291786234563,0.8326545394692203,0.8944599399171546,0,0,0
D102369,36-50,1075.78,78,2,evening,thu,1,0.6003158576921617,0.3664554241252842,0.46875304392719247,1,0,1
D102370,36-50,588.44,6,2,night,sun,0,0.6242690249237367,0.3042985550372542,0.17968701659818614,1,0,0
D102371,26-35,35.16,50,3,afternoon,mon,0,0.4467512673185077,0.6662899418530412,0.3603689310331446,1,1,0
D102372,26-35,406.29,86,0,night,tue,0,0.5377613546558682,0.26991181375776413,0.5417354511612814,0,1,1
D102373,26-35,2476.84,36,4,evening,thu,0,0.3822155186059227,0.6124056912697335,0.5017280186766578,0,0,0
D102374,26-35,428.46,16,2,evening,thu,0,0.9259860970449751,0.840529927586055,0.6321805897945816,1,1,1
D102375,18-25,86.56,7,3,evening,sun,0,0.7478011618834166,0.7472622247873919,0.507408159664006,1,1,1
D102376,51-65,315.34,84,3,evening,fri,0,0.6302894003504251,0.46152185801827283,0.513516725200573,1,0,0
D102377,36-50,77.28,36,2,afternoon,tue,1,0.4718119426801724,0.5453685510563837,0.7585182853424988,1,0,1
D102378,18-25,742.13,9,1,evening,sat,0,0.440949537072573,0.2983070293487104,0.11873283118699204,1,0,0
D102379,36-50,103.51,77,4,afternoon,wed,1,0.301493422621555,0.4232924304914889,0.10864994846473655,1,0,0
D102380,51-65,261.6,72,1,evening,sun,0,0.3510779350461379,0.2238439408408097,0.9150764848877224,0,0,1
D102381,26-35,113.07,63,1,afternoon,tue,0,0.9308378514544919,0.1497812984508035,0.35515441431851924,1,0,0
D102382,26-35,149.63,7,1,evening,sat,1,0.5444622712291173,0.5610231143439761,0.6765466511357848,0,1,1
D102383,18-25,932.19,7,1,afternoon,thu,1,0.10067638035184417,0.5236479822361717,0.03517196167770813,0,1,0
D102384,18-25,268.57,19,4,afternoon,thu,1,0.7914170872855414,0.5436934157356981,0.8154089255464262,0,0,1
D102385,51-65,147.93,14,5,morning,sun,1,0.4915932667109773,0.823103249699459,0.8789887964112713,1,1,1
D102386,65+,87.3,47,3,afternoon,tue,0,0.7690922688276931,0.4660405419882304,0.2561971005142773,1,0,1
D102387,18-25,45.4,35,5,evening,wed,1,0.30069951234533343,0.9047512877548088,0.35137316097537136,0,1,0
D102388,51-65,79.35,68,2,afternoon,tue,0,0.5071497614642212,0.5309092481413168,0.5996423141157389,0,1,0
D102389,18-25,270.63,9,2,morning,sat,1,0.8537204422721238,0.9281609415467135,0.1839495218742384,1,1,0
D102390,36-50,591.23,65,1,afternoon,sat,1,0.29285549631119384,0.5069518183235159,0.6612526269588438,1,0,0
D102391,51-65,147.77,84,3,afternoon,sat,0,0.4296506201584469,0.6601293939458043,0.7595518095454259,1,1,0
D102392,26-35,1005.75,11,2,afternoon,tue,0,0.5923734644388688,0.3126381386109531,0.4403906059643242,1,0,0
D102393,18-25,128.28,58,1,afternoon,tue,1,0.4483812236003301,0.7648319682607511,0.12431890954311779,0,1,0
D102394,36-50,197.51,45,1,evening,wed,0,0.7712728365927111,0.2833383625547021,0.2063935199866722,1,1,1
D102395,65+,92.61,8,2,evening,sat,0,0.6741510402954262,0.7293763003250794,0.6662602259349582,1,1,1
D102396,26-35,596.86,26,3,night,sat,1,0.5776827395482766,0.7331500463656601,0.4263312709490584,0,1,1
D102397,26-35,1616.08,70,4,morning,sun,0,0.5938242207868879,0.603110033195278,0.21770240741424515,1,0,0
D102398,18-25,50.12,78,1,afternoon,sat,0,0.9341290645401666,0.2259185969014116,0.2538972307068423,1,1,1
D102399,36-50,179.19,33,0,morning,sun,1,0.8547383609424841,0.49326110458893885,0.16977411690502844,1,1,0
D102400,36-50,763.8,9,3,evening,tue,1,0.715913403564722,0.21006295023838828,0.7527513300362665,1,0,1
D102401,51-65,66.54,22,2,morning,fri,0,0.7913514567949999,0.6141909317420091,0.7291369193596705,1,0,1
D102402,51-65,407.49,75,2,morning,thu,1,0.5732647479226648,0.3367593139186932,0.7482112232306869,1,0,1
D102403,51-65,734.6,51,3,evening,tue,0,0.15744892228268104,0.5500814466375844,0.6097339959952265,1,1,0
D102404,51-65,262.54,38,3,afternoon,sun,0,0.5483424172067517,0.378403201333022,0.4589947867735581,1,0,1
D102405,26-35,401.51,1,2,afternoon,mon,0,0.8645961267598714,0.20300790542917196,0.2537581717678313,1,1,0
D102406,36-50,1193.7,70,4,evening,sat,0,0.08331908770454254,0.04984228169207723,0.14635135597805152,0,0,0
D102407,26-35,1413.16,41,0,evening,tue,1,0.3104524118843014,0.6992981346263222,0.8089958136975383,0,0,1
D102408,26-35,231.42,49,0,afternoon,tue,0,0.49372482519216687,0.77187338103027,0.3753549418554867,0,0,1
D102409,65+,151.54,75,2,afternoon,fri,0,0.6406602907058659,0.03260438442189787,0.22099673301678474,0,0,0
D102410,36-50,106.91,50,2,afternoon,thu,1,0.9793774117571885,0.6141159487901374,0.5599999099718366,1,0,0
D102411,65+,589.5,83,0,morning,wed,1,0.37625895200387593,0.15353842987028637,0.21641476593853087,0,0,0
D102412,26-35,71.19,50,3,morning,sun,1,0.6442234825475891,0.37121348563219153,0.5576395507730032,1,0,1
D102413,36-50,194.94,30,2,afternoon,fri,0,0.7044419671019854,0.3828925769656749,0.4964212025634942,1,1,0
D102414,36-50,268.38,83,2,morning,fri,1,0.5893387471919277,0.5510508608846675,0.3826326700668984,1,0,1
D102415,18-25,155.6,57,3,morning,sat,1,0.4755374958094887,0.49889472197601126,0.2104875336030249,0,1,0
D102416,26-35,314.77,68,3,evening,sat,1,0.450792292800783,0.14732621610863267,0.6057042246533932,1,0,0
D102417,36-50,2460.36,20,3,evening,tue,1,0.9250294530985652,0.4533824393598432,0.420881508537597,0,1,1
D102418,18-25,219.33,60,6,morning,thu,1,0.6335925424215453,0.5677420475619062,0.07235647772600318,0,0,0
D102419,65+,165.36,50,3,evening,sun,0,0.40406386120800786,0.11673422964458977,0.874367415427883,0,0,1
D102420,18-25,610.21,9,2,night,sat,0,0.6014046355977491,0.5494821268099415,0.1596138936938782,1,1,0
D102421,26-35,303.57,22,3,afternoon,mon,0,0.6672348433677942,0.5744222692068666,0.1244852470613736,1,1,1
D102422,51-65,893.73,82,4,evening,tue,0,0.39354842150987873,0.24699655235704215,0.7820215650393302,1,0,1
D102423,18-25,283.79,51,3,morning,tue,0,0.3664545750368126,0.5637974045954258,0.5911580300475342,0,0,0
D102424,51-65,195.67,69,2,night,thu,0,0.368985427671386,0.3733443659715415,0.4210245634834487,1,0,1
D102425,36-50,49.14,15,1,morning,sat,0,0.3943048907316868,0.5628053472131807,0.1957244079435222,0,0,0
D102426,18-25,56.95,19,3,afternoon,thu,1,0.251820066446489,0.919730623287577,0.24419344982654861,0,1,1
D102427,36-50,46.89,84,0,night,tue,0,0.6213304999438116,0.8088960269258252,0.3335823144682653,1,1,0
D102428,36-50,344.26,37,3,evening,thu,1,0.7158355061481351,0.623377017579472,0.8263376754578172,1,1,1
D102429,51-65,71.81,79,3,morning,tue,1,0.836254803893993,0.2946777034322886,0.8778414866690373,1,0,1
D102430,51-65,757.5,72,1,evening,fri,1,0.4097955290701966,0.146337307689692,0.6539791666092126,1,0,1
D102431,36-50,251.44,30,2,evening,sun,0,0.3673326486585332,0.6696737805645776,0.6270982130980507,1,1,1
D102432,36-50,196.42,85,6,afternoon,fri,1,0.7608167894969792,0.2175195859336836,0.4389146417326418,1,0,0
D102433,26-35,114.49,69,5,morning,sun,0,0.306653973474829,0.9119802059695882,0.16097429608123692,0,1,0
D102434,36-50,428.39,11,0,afternoon,thu,1,0.9277155271293971,0.983762897703001,0.2244479037601088,1,1,0
D102435,65+,118.62,8,4,night,sat,0,0.42770130143460644,0.2600563204048776,0.7658368924229809,1,0,1
D102436,36-50,100.8,11,4,morning,sun,0,0.9291503057291285,0.14141197896501365,0.7022445625866017,1,0,1
D102437,36-50,713.02,66,5,afternoon,tue,0,0.6246392964335923,0.4995119863617402,0.2503435736786547,1,1,0
D102438,26-35,336.69,12,0,morning,fri,1,0.8494212469615403,0.9793427442920003,0.8093034367435762,1,1,1
D102439,51-65,198.06,25,3,morning,tue,1,0.8759288835756986,0.2546368721442759,0.5744765682779874,1,0,1
D102440,65+,435.85,39,2,afternoon,mon,1,0.6155505353510944,0.8710765727131559,0.7733743836983835,1,1,1
D102441,26-35,246.67,12,1,afternoon,tue,1,0.3812998797333417,0.37529208241780987,0.46872398604623616,0,0,0
D102442,26-35,345.4,29,3,morning,mon,0,0.6474320075405234,0.2596512286215368,0.6968866456421667,1,0,1
D102443,36-50,117.31,61,1,morning,tue,1,0.9644403759169783,0.6973326495219196,0.6929234222307643,1,0,1
D102444,36-50,1577.12,87,5,morning,mon,0,0.02026471652714234,0.42693251279695027,0.2931961345915413,0,1,0
D102445,36-50,145.23,42,0,morning,sun,1,0.8483196305042231,0.616767651391708,0.6118921433593119,1,0,1
D102446,18-25,992.69,67,1,morning,thu,1,0.11638535683648642,0.7674906231655784,0.14530774948594744,0,1,0
D102447,26-35,206.44,47,2,evening,tue,0,0.6139915933630015,0.8565989043572289,0.0471451628796427,0,1,0
D102448,36-50,505.92,41,0,morning,wed,0,0.6781277092202552,0.8141292805737511,0.3105444791058735,0,1,0
D102449,36-50,473.81,46,4,afternoon,sat,1,0.7820129738303914,0.3296023759561623,0.47988075515427603,1,1,0
D102450,36-50,686.88,86,3,evening,fri,1,0.6469777666198138,0.23893671351680318,0.6307841319195114,1,1,1
D102451,36-50,114.83,5,3,evening,mon,1,0.9588141951284048,0.8964614126425042,0.5550099321471554,1,1,0
D102452,36-50,644.24,46,2,evening,tue,1,0.9010969503886541,0.704850642254723,0.40895411698237527,1,1,0
D102453,51-65,1289.22,4,3,night,thu,1,0.39644125503114247,0.636933361837587,0.06605497700900961,0,1,0
D102454,36-50,193.87,78,0,afternoon,sun,0,0.8352674491513159,0.2525009187584345,0.5723190819197622,1,0,1
D102455,36-50,252.46,54,4,morning,mon,0,0.4685011438529479,0.601639603547287,0.4745890805879337,0,1,1
D102456,36-50,152.76,4,4,morning,sun,0,0.4994502934110425,0.2458305033686975,0.6850256007603951,1,0,0
D102457,18-25,179.15,56,0,morning,mon,0,0.22579268365317737,0.7490725371941145,0.34055324565301814,1,0,0
D102458,26-35,1141.71,39,4,night,thu,1,0.6675548672993623,0.600555649353503,0.7356910728725718,1,1,1
D102459,36-50,99.11,4,1,evening,tue,0,0.7493894884715264,0.7002582792111859,0.34724904040717247,0,0,0
D102460,51-65,104.8,88,1,evening,wed,1,0.16155430934727316,0.6921556580674569,0.6241021281685907,0,0,1
D102461,36-50,1042.95,34,0,night,sun,0,0.5158958567960724,0.17031762420282134,0.500679293703759,1,0,0
D102462,18-25,429.27,2,4,evening,tue,1,0.5218223402939952,0.9025565152720502,0.6290115608526532,1,1,1
D102463,36-50,1649.67,55,4,afternoon,fri,0,0.22966500745819615,0.28325799481836933,0.4428398097753655,1,0,1
D102464,26-35,163.14,33,3,evening,wed,0,0.5671672401923298,0.44618916469645226,0.5017003611857455,0,0,0
D102465,51-65,274.14,59,3,afternoon,fri,0,0.4785728193343155,0.12111900637885446,0.5891936061433154,1,0,1
D102466,51-65,135.02,14,3,morning,mon,1,0.9857125302353712,0.9311169405689846,0.6385391223634043,1,1,1
D102467,36-50,278.38,74,6,afternoon,wed,0,0.8412777613091935,0.31487120351192466,0.6220527808674393,1,1,1
D102468,36-50,49.57,37,2,night,sun,0,0.6874285114377365,0.3539216663214428,0.1256758504439185,1,0,0
D102469,26-35,453.26,37,3,evening,sat,1,0.6808770766776949,0.36806238952779424,0.31076926304915464,0,1,0
D102470,26-35,327.38,72,2,afternoon,sun,0,0.7386995256904211,0.7584369912712376,0.7477191935314748,1,1,1
D102471,51-65,232.34,49,2,evening,fri,0,0.7143467591937472,0.700377796578198,0.35360174811159567,0,1,0
D102472,36-50,172.2,0,2,afternoon,tue,0,0.8875547360832614,0.8174314305505317,0.4657468445603194,1,1,0
D102473,36-50,109.37,52,1,evening,thu,0,0.8279966680233316,0.523686116333549,0.7883219511487584,1,0,0
D102474,26-35,471.04,58,2,afternoon,sun,0,0.4875860212981878,0.7034522805807168,0.3133215662573857,1,1,0
D102475,18-25,85.29,28,5,morning,fri,0,0.6922177329752188,0.4463174889737249,0.16189942441134417,1,0,1
D102476,18-25,387.88,16,1,afternoon,thu,0,0.45076973193569364,0.7939745674415164,0.6651736940750195,1,0,1
D102477,26-35,1582.89,4,0,evening,sun,0,0.4523304225814454,0.5709416944638168,0.2745390815351501,0,1,0
D102478,26-35,931.66,76,1,night,mon,0,0.10910609471284392,0.5137391985513347,0.2745141126477627,1,0,0
D102479,65+,63.14,0,3,afternoon,sun,0,0.40811171529407647,0.08375853034120484,0.20811382966437522,1,0,1
D102480,36-50,150.95,52,1,morning,mon,0,0.11304283329591903,0.8945771504269597,0.4153391824636194,1,1,0
D102481,26-35,357.56,75,2,morning,sun,0,0.5362866256480413,0.8386023562894996,0.5194656045738382,0,1,1
D102482,18-25,229.69,31,3,evening,sat,0,0.6558473671004869,0.33853255959414236,0.2312928198480925,1,0,0
D102483,26-35,69.44,18,0,afternoon,thu,1,0.9395472314273822,0.9069067237601642,0.2247506852160388,1,1,0
D102484,51-65,346.12,64,1,evening,thu,0,0.33812381410124803,0.11642669339122337,0.3908397683959939,0,0,0
D102485,26-35,242.5,56,2,morning,mon,1,0.7607587529140554,0.7278715698704616,0.3209548247243205,0,1,0
D102486,51-65,1370.45,1,3,morning,wed,0,0.4513437381460261,0.05515241213055011,0.43809512423433045,1,0,1
D102487,51-65,194.82,51,2,night,tue,0,0.6732073909749361,0.3070015836657842,0.41185938817258405,1,0,0
D102488,18-25,700.09,0,6,evening,fri,1,0.3477301961325652,0.6540029433650923,0.8188339286580523,0,0,1
D102489,36-50,78.23,35,1,morning,tue,0,0.6403036163486079,0.8298666408404887,0.5531671822427342,1,1,0
D102490,65+,97.01,27,2,morning,sat,1,0.2922347505075356,0.8429910922048537,0.3451298147305255,1,1,1
D102491,26-35,468.48,75,7,afternoon,wed,0,0.17448721761924882,0.8108280036680399,0.31050144381526834,0,1,1
D102492,18-25,648.95,87,1,morning,sat,0,0.27218738129732456,0.7616272553123741,0.26875800032723357,0,1,0
D102493,65+,103.37,62,8,morning,wed,0,0.40817683768873053,0.21136390956082293,0.8523166926807764,0,0,1
D102494,51-65,250.05,66,0,evening,sat,1,0.2956860160203449,0.6009744358357025,0.6134998513735996,0,1,1
D102495,36-50,70.57,2,0,afternoon,fri,0,0.7189140509636137,0.7766499499212248,0.457361153937947,1,0,1
D102496,36-50,207.87,5,4,afternoon,sun,0,0.6793934389651346,0.22728722950994687,0.8703209608094684,0,0,0
D102497,26-35,519.69,69,3,afternoon,thu,1,0.8615810000429516,0.857945863087807,0.19642779268330723,0,1,1
D102498,51-65,165.43,38,2,afternoon,wed,0,0.44553506344001353,0.6513123126761613,0.746953229884988,0,0,1
D102499,36-50,195.56,45,2,afternoon,fri,0,0.7785484900171138,0.7070041696721676,0.46036740106961643,0,1,0
D102500,18-25,88.52,62,1,evening,mon,0,0.3921752930601085,0.14775508626550662,0.2148594733904485,0,0,0
D102501,36-50,136.52,31,2,afternoon,sun,0,0.5404171609729085,0.6243851852277164,0.2943959429466819,1,0,0
D102502,65+,1190.7,61,0,evening,fri,0,0.2346678822807671,0.5095444987367165,0.8719231640966633,0,0,1
D102503,51-65,261.29,65,1,afternoon,mon,1,0.4637923256587211,0.5229849774872168,0.7546146581669467,0,0,1
D102504,26-35,99.28,21,2,morning,tue,1,0.647367720389627,0.6925968441273362,0.6807787205170868,1,0,1
D102505,18-25,184.33,61,0,morning,mon,0,0.7673069114990346,0.3236896991282913,0.5664885073588979,1,0,1
D102506,65+,58.11,15,0,evening,fri,0,0.5884247678044737,0.17274880989068997,0.7775808280279037,1,1,1
D102507,65+,98.22,27,3,afternoon,fri,0,0.3866548155001304,0.4243037356064802,0.39248566097246035,1,0,0
D102508,36-50,832.39,70,0,evening,tue,0,0.6300234718092185,0.36466377585026716,0.10412133846125421,1,0,0
D102509,36-50,215.24,88,2,morning,thu,0,0.5487858104103893,0.32384838505179253,0.7866970413151971,1,0,0
D102510,36-50,1341.65,5,4,evening,thu,0,0.47100391645723577,0.8152745171965892,0.4495246885777557,1,1,1
D102511,26-35,224.57,58,1,morning,thu,1,0.746743271295792,0.40023093171285934,0.5111113916154324,1,1,0
D102512,18-25,236.9,51,2,afternoon,fri,0,0.23415640157928297,0.5747977256541714,0.7725688622501665,0,1,1
D102513,18-25,435.64,54,3,evening,sat,1,0.2603656724189028,0.9305029404958066,0.17711543863271012,0,1,0
D102514,26-35,22.08,70,1,morning,sun,1,0.844811944552564,0.585282417793639,0.05650752189555991,0,0,0
D102515,51-65,294.25,6,1,afternoon,tue,0,0.7067230596969822,0.5849098169447794,0.1593033357501431,1,1,0
D102516,18-25,234.14,66,4,evening,sun,1,0.6282663276344002,0.598446093137075,0.2730307372406626,1,1,0
D102517,26-35,932.1,25,3,evening,fri,1,0.8576303448148278,0.8386977106283114,0.48845917854581095,1,1,0
D102518,36-50,583.01,13,1,evening,tue,0,0.8649992310980451,0.13222795862884001,0.7946264462026509,0,0,1
D102519,26-35,88.21,40,2,morning,sun,0,0.21427573225034943,0.544056164225427,0.6115073286561623,0,1,0
D102520,26-35,748.39,2,4,morning,wed,0,0.4662533167357459,0.6515616962701094,0.03313400120895737,0,0,0
D102521,36-50,193.24,56,1,afternoon,thu,0,0.8690589905989697,0.2586855292048642,0.9449714593292469,1,0,1
D102522,26-35,108.42,50,2,afternoon,sun,1,0.7806682544668588,0.7656103472182691,0.38256896708298044,1,1,1
D102523,36-50,292.19,46,2,afternoon,fri,0,0.6960635745233179,0.7062481470495277,0.749152876786105,0,1,1
D102524,65+,203.88,2,4,afternoon,tue,0,0.22326005033436921,0.5394603665171218,0.796986624543356,0,1,1
D102525,26-35,977.13,68,3,afternoon,mon,1,0.3146243294742874,0.907531546399993,0.4171011078818227,1,1,1
D102526,65+,332.47,3,1,afternoon,sat,1,0.7617778529162572,0.4156121080087487,0.7447326702259592,1,0,1
D102527,51-65,294.45,23,1,morning,wed,0,0.3119011250874028,0.6441044262984371,0.2790027072204898,0,1,1
D102528,51-65,550.37,35,2,afternoon,mon,0,0.7832346562889568,0.5588470234656245,0.21519808836822044,1,1,0
D102529,36-50,654.31,63,1,afternoon,mon,0,0.5395933628869142,0.3731488834177139,0.3637070630285536,1,0,0
D102530,36-50,495.34,36,2,afternoon,sun,1,0.20121877802313634,0.8212556851737554,0.21506358847244475,1,1,1
D102531,36-50,877.89,73,1,evening,fri,0,0.37254878887196885,0.4660247466846272,0.7914322534809407,1,1,1
D102532,36-50,423.19,84,3,afternoon,thu,0,0.4263818400023281,0.12914201951245013,0.41087629608962484,1,0,0
D102533,18-25,284.54,68,3,morning,fri,0,0.34223005415496266,0.7612234324193398,0.8084492492090399,1,1,1
D102534,65+,746.39,3,4,evening,wed,0,0.8515331316864498,0.24346120646174838,0.5354226745280317,1,1,1
D102535,36-50,225.47,69,3,afternoon,sun,0,0.6718448756450743,0.28414101069702774,0.2667754463571835,1,0,0
D102536,51-65,252.12,18,3,morning,fri,1,0.39973491469018774,0.5374195102129374,0.8001378118476616,0,1,1
D102537,26-35,1152.19,79,1,evening,fri,1,0.16417087050000892,0.7601069381808027,0.34207852994239357,0,1,0
D102538,18-25,1053.35,88,3,evening,sun,0,0.154443525137402,0.6741122609973089,0.48119516386198435,0,1,0
D102539,36-50,242.9,7,1,night,mon,1,0.7618858540540715,0.67109061556322,0.8894366809470216,1,1,1
D102540,36-50,162.68,8,1,evening,wed,0,0.9186839033709104,0.599311529175825,0.7600076657832482,1,1,1
D102541,26-35,913.11,62,2,evening,sat,0,0.8017459424828975,0.0797660328873478,0.6730574450284312,1,0,0
D102542,26-35,502.89,12,1,morning,mon,0,0.9218378236859419,0.5221879107481664,0.6141766538783091,1,1,1
D102543,26-35,325.06,87,2,afternoon,wed,0,0.3588117945941396,0.2658264753703527,0.20993263515584162,0,1,0
D102544,36-50,183.15,48,4,morning,tue,0,0.7961391685495567,0.5387634195440524,0.7230891549857261,1,1,1
D102545,26-35,329.81,51,3,afternoon,fri,0,0.6414710121977777,0.5545553006895331,0.5372745112228031,0,1,0
D102546,65+,239.96,77,1,night,sat,0,0.13092469562524756,0.08601244195650824,0.48907948571348697,0,0,0
D102547,26-35,134.57,19,3,morning,tue,1,0.2514870816247737,0.808024481103865,0.38271869764772426,1,1,0
D102548,26-35,274.83,50,2,evening,fri,0,0.6367592634232827,0.6059508265410012,0.3365830288139377,1,1,1
D102549,26-35,310.72,89,3,afternoon,sat,0,0.10636755916992147,0.04170470810338892,0.6139331357630996,1,0,1
D102550,36-50,174.54,1,2,morning,sun,0,0.46764167724866085,0.8212419821382364,0.5207296912460284,1,1,0
D102551,36-50,551.94,15,3,evening,sun,1,0.5412677825757357,0.8225927080229708,0.5620542524378462,1,0,1
D102552,36-50,780.51,13,2,afternoon,thu,0,0.6828044445387289,0.4729442288310641,0.39553439545456665,1,1,0
D102553,65+,585.76,30,2,afternoon,mon,0,0.8372613765769309,0.4355770623992703,0.5608511912647163,1,0,1
D102554,26-35,190.83,11,0,afternoon,sat,1,0.7819668987595926,0.7416991630282348,0.2475404098241681,1,1,1
D102555,36-50,483.11,15,0,morning,thu,0,0.5825291020377358,0.21074344412650317,0.6828393583688325,0,0,1
D102556,18-25,262.48,76,1,morning,thu,1,0.11126637388738089,0.9655107762043427,0.19154632624264656,0,1,0
D102557,26-35,80.47,41,1,evening,thu,0,0.7844026459979982,0.8357635465947805,0.4041437149040667,0,1,0
D102558,36-50,448.3,32,1,evening,fri,1,0.8008349319288796,0.853366579959581,0.45824058677917345,1,1,0
D102559,18-25,279.09,37,1,evening,wed,0,0.41380379501338116,0.6544250803803163,0.536765255923602,1,0,0
D102560,36-50,2525.5,87,3,evening,wed,1,0.5204165729591146,0.5308374196513691,0.29394927304305746,1,0,0
D102561,36-50,908.27,44,2,evening,wed,0,0.25176831268609995,0.14906822798139108,0.1801067938217618,0,0,0
D102562,51-65,464.07,42,2,morning,thu,0,0.3928822498005635,0.3485187357622135,0.7712236569524212,0,0,0
D102563,36-50,306.2,83,5,evening,fri,1,0.5479306927209051,0.6514736976953592,0.285017651689695,0,0,0
D102564,36-50,283.54,3,0,evening,mon,0,0.6883279727266709,0.5124590349006103,0.5341313438072157,1,0,1
D102565,26-35,99.15,43,3,afternoon,wed,0,0.7295592681384001,0.8238649593562914,0.7047332932426738,1,1,1
D102566,18-25,51.16,67,4,afternoon,sat,0,0.48133140442539274,0.6161651015220379,0.16141144790994713,0,1,0
D102567,18-25,111.57,46,1,evening,mon,0,0.8129120302750718,0.7613944432084622,0.3093447119147676,1,1,0
D102568,36-50,234.41,78,4,night,sat,0,0.4393561173317309,0.1463691229286291,0.3014084167356801,0,1,0
D102569,65+,36.78,79,4,night,sat,0,0.25645492778738627,0.24199527186710962,0.6731707223290506,0,0,1
D102570,18-25,149.92,30,0,afternoon,wed,0,0.5230904076289565,0.9640914638265812,0.33860322302254786,0,1,0
D102571,36-50,195.81,73,2,evening,fri,0,0.7409448126732504,0.4929957401661454,0.6606269937889593,1,0,1
D102572,51-65,201.57,21,1,afternoon,thu,1,0.7800827389087888,0.7780807659331538,0.5278846560439211,1,1,1
D102573,51-65,134.89,21,4,evening,tue,0,0.6869036172480656,0.6638220120004172,0.8323869795803917,1,1,1
D102574,36-50,179.94,87,0,evening,tue,0,0.778339096002119,0.1925676668494503,0.8077561752410252,1,0,0
D102575,36-50,1154.59,1,2,night,sun,0,0.3952386008229989,0.38183684474265284,0.5132579738301335,0,1,0
D102576,36-50,444.05,31,1,night,sun,0,0.5529863991962579,0.3979086256859168,0.26756965495577506,1,1,0
D102577,51-65,147.78,56,1,afternoon,sun,0,0.3932802947199885,0.05624959791766114,0.5320519078101772,0,0,1
D102578,18-25,230.09,37,3,night,mon,0,0.6828947099001627,0.8051802980913123,0.3073554214659527,1,1,0
D102579,65+,238.54,76,5,evening,sun,0,0.1569761360597607,0.07242739717028393,0.9154241320872176,0,0,1
D102580,18-25,122.59,22,4,afternoon,fri,1,0.7345360942251218,0.892698066771223,0.4247547962516124,1,1,0
D102581,51-65,122.46,49,2,morning,thu,0,0.501932039039149,0.2490947492379457,0.8461106931389436,1,0,1
D102582,18-25,607.57,11,2,evening,wed,0,0.7829731166752532,0.962197276420699,0.3573912685510835,1,1,1
D102583,26-35,167.7,19,2,afternoon,tue,0,0.8406045429529158,0.6402271801307925,0.4079476798679909,1,1,0
D102584,18-25,91.36,15,1,afternoon,wed,0,0.6281994697933794,0.9670338278221535,0.27976824443865567,0,1,0
D102585,26-35,235.37,66,2,evening,tue,1,0.9236879480039775,0.657075832281965,0.3973804275108054,1,1,0
D102586,26-35,272.11,18,6,morning,sat,1,0.5059298309210014,0.6470420572613683,0.7132835497587964,1,1,1
D102587,26-35,41.45,60,3,afternoon,sun,1,0.8165179533967711,0.9127071314423101,0.2919536935972735,1,1,0
D102588,36-50,235.88,31,2,evening,sun,0,0.4672702449271457,0.2655138316523658,0.7027294010813351,0,0,1
D102589,26-35,534.42,50,2,morning,sun,0,0.544178283466756,0.5307991777048449,0.7239662125318204,1,1,0
D102590,51-65,367.27,78,4,evening,mon,1,0.3693057210222612,0.557872674184439,0.44407500354383894,1,0,0
D102591,51-65,1820.41,77,2,morning,sat,1,0.28894704216589423,0.3266685905838161,0.8163422617548297,0,0,1
D102592,36-50,754.46,1,3,evening,sun,0,0.5802131268817505,0.5078766075244452,0.713627525338807,1,1,1
D102593,18-25,901.48,70,2,afternoon,thu,0,0.5359745929395082,0.5090971335860209,0.4898850217950649,1,1,1
D102594,26-35,3041.41,86,4,evening,thu,0,0.03551918499836768,0.3720959900785727,0.10389494611294377,0,0,1
D102595,65+,484.12,60,1,evening,wed,0,0.9744793308741084,0.3502783482713704,0.6070905754369653,1,1,0
D102596,18-25,283.37,16,2,evening,sat,0,0.19007881104349597,0.870334711949012,0.31380582485820224,0,1,0
D102597,26-35,587.79,59,3,afternoon,fri,0,0.5183773728190507,0.6342638112229682,0.830386129676135,0,1,1
D102598,65+,147.92,57,4,afternoon,fri,1,0.7098811986010247,0.5676097452528467,0.7425064743325777,0,1,1
D102599,65+,269.59,59,1,morning,mon,0,0.699711130682925,0.6202316438035226,0.6084645071420656,1,1,1
D102600,26-35,136.6,38,3,afternoon,sun,1,0.5213772687134341,0.6198836550607965,0.21687865099120998,1,0,0
D102601,36-50,350.09,47,5,afternoon,thu,0,0.6070207156377608,0.7090426760027863,0.19106892327779554,1,1,0
D102602,36-50,136.09,58,5,evening,sun,0,0.3716849823006435,0.32279098613113755,0.24478599956116415,0,0,0
D102603,51-65,131.86,41,1,morning,fri,1,0.9645651789175647,0.24537338805610234,0.7581105757532048,1,0,1
D102604,18-25,355.0,69,2,afternoon,thu,0,0.2600207659150891,0.5138688158363345,0.08119289920036823,0,0,0
D102605,18-25,216.17,63,1,afternoon,sat,0,0.3889875591126876,0.40340916030774066,0.18208386187037387,0,0,0
D102606,36-50,43.17,27,2,evening,tue,0,0.5963995409561128,0.6887756020757441,0.101536752093455,0,1,0
D102607,26-35,66.02,54,2,evening,thu,0,0.41631987875094156,0.5612159472848272,0.731065629196606,0,0,1
D102608,36-50,87.14,68,2,afternoon,mon,1,0.3891885991085136,0.6224864708084384,0.580853328886352,0,0,0
D102609,26-35,110.53,44,3,afternoon,sat,1,0.7952019522992737,0.8687092028450604,0.5753263800062093,0,1,1
D102610,51-65,355.31,64,5,afternoon,wed,1,0.4162176896554619,0.7875628526325535,0.3231469618275167,0,0,0
D102611,51-65,297.99,11,1,evening,mon,0,0.552842295100897,0.6370994695860968,0.8287324581875363,0,1,1
D102612,36-50,638.26,34,3,evening,sat,1,0.4022714057544772,0.7951279018130911,0.8600098953653084,1,0,1
D102613,51-65,481.8,63,2,afternoon,tue,0,0.6311093424715218,0.3164602148861829,0.526458909589935,1,0,0
D102614,26-35,642.08,80,3,afternoon,tue,0,0.39987189369599674,0.1338303397780285,0.20883162975624175,1,0,0
D102615,36-50,423.08,58,3,evening,tue,1,0.7101348670489901,0.2580476787531073,0.6748053120216689,1,0,1
D102616,26-35,295.51,59,0,evening,fri,0,0.4322430390237664,0.5927519261255938,0.5640614623880205,0,0,1
D102617,51-65,658.14,30,3,morning,wed,0,0.6487538299031388,0.6137966472340217,0.7407445171081941,0,1,1
D102618,51-65,559.74,63,4,afternoon,thu,1,0.411320557189443,0.3717786623729249,0.7644454581914957,0,0,1
D102619,51-65,343.26,32,4,afternoon,wed,0,0.6054492333735083,0.7217727822553315,0.7647008507355538,1,0,0
D102620,51-65,768.13,4,2,evening,sat,0,0.5545324327684054,0.8529013561226927,0.35813042954679253,0,1,1
D102621,65+,29.63,22,3,morning,wed,0,0.21237573964508208,0.19921369868753283,0.8555900482258479,0,0,1
D102622,26-35,188.4,55,1,evening,sat,1,0.9544837363884374,0.9599362298835205,0.36780701973839486,1,1,1
D102623,65+,185.82,86,0,evening,thu,0,0.7373396211098314,0.06512184962872761,0.10081849477732023,0,0,0
D102624,36-50,690.5,44,0,evening,mon,0,0.7047640844427692,0.8913208967655663,0.310320780378524,1,1,1
D102625,26-35,1006.52,77,0,night,thu,0,0.35636804501050084,0.4442487741830446,0.20968665554549035,0,0,0
D102626,36-50,66.34,70,1,afternoon,tue,0,0.9516377997453318,0.42314605860998794,0.5012475024323205,1,1,1
D102627,26-35,871.36,50,1,evening,thu,0,0.7821297423961842,0.5757190350679291,0.55780718544653,0,0,1
D102628,26-35,85.26,72,0,evening,mon,1,0.8180429098027293,0.5408483274133176,0.5406345203491014,1,1,0
D102629,26-35,87.61,36,0,evening,sat,1,0.6065325287101678,0.945708613755741,0.9086691709308707,1,1,1
D102630,18-25,198.17,39,1,afternoon,fri,1,0.5251255941200886,0.6630167537992829,0.3205722621265623,1,1,0
D102631,36-50,183.76,66,1,morning,mon,1,0.28426074146956193,0.44622485291613845,0.12456398208382664,1,1,0
D102632,51-65,60.19,57,2,night,sun,0,0.33482265704678843,0.09420632659213121,0.629173668256712,1,0,0
D102633,36-50,439.17,47,2,morning,wed,0,0.7539059971297397,0.28812022521510544,0.29205646008151154,0,1,0
D102634,36-50,451.0,38,6,night,tue,0,0.520776000467469,0.20799465438237819,0.17848858039915919,0,0,1
D102635,26-35,631.84,87,3,afternoon,mon,0,0.5472771856102601,0.2558772876702559,0.23929814887738485,1,0,1
D102636,36-50,165.65,5,3,afternoon,tue,1,0.7163742764007887,0.6795200599474802,0.38609320844701045,1,0,0
D102637,26-35,236.13,4,1,night,mon,0,0.7036686400504317,0.4255739582072709,0.26169466318478135,1,0,0
D102638,51-65,238.08,43,2,evening,thu,1,0.891647096976545,0.8866492044961144,0.9115667587235367,1,1,1
D102639,26-35,1117.89,3,1,evening,fri,0,0.10133936660615192,0.6377316323349786,0.393432161209735,0,0,0
D102640,36-50,20.0,30,2,afternoon,wed,0,0.7934834517634016,0.6769538970256959,0.3962971669620914,1,0,0
D102641,51-65,103.42,51,2,afternoon,sun,1,0.9600130106965965,0.7200403011962272,0.9189149904277938,1,1,1
D102642,36-50,245.92,36,6,morning,sun,0,0.3915877484685528,0.8453281185210814,0.34190154709837783,1,1,1
D102643,51-65,92.11,18,0,evening,wed,0,0.19096741427880948,0.7959509904078702,0.2694596118700727,0,1,1
D102644,26-35,193.93,25,3,afternoon,fri,0,0.3974992025780443,0.6056029244655874,0.12515118916250165,0,1,0
D102645,51-65,218.44,54,2,afternoon,wed,0,0.1849109284519033,0.17891143070626322,0.510711737538548,0,0,0
D102646,36-50,135.38,85,2,afternoon,tue,0,0.42285973406248967,0.5031807005029096,0.10210603413359366,1,1,0
D102647,51-65,259.31,70,3,night,tue,1,0.2133872663287296,0.6956333286362222,0.33220306640348574,0,1,0
D102648,36-50,430.67,49,1,evening,thu,1,0.9034734170708227,0.6673308065527117,0.4507020430015459,1,1,0
D102649,51-65,197.82,12,2,afternoon,mon,1,0.9079030862502571,0.672651117317907,0.8851081118476809,1,1,0
D102650,65+,162.74,21,0,night,fri,1,0.7629087533022121,0.5990055487940058,0.9439114948389017,1,0,1
D102651,26-35,210.78,39,3,afternoon,sun,0,0.806682940305251,0.14502030270163535,0.5455018889908922,1,0,1
D102652,51-65,243.06,22,3,afternoon,wed,1,0.6325018574465359,0.6394836126943912,0.6703646245713963,1,1,1
D102653,51-65,51.1,61,4,afternoon,fri,0,0.5994903335854626,0.5655175845672353,0.36607676903159403,0,1,0
D102654,36-50,370.7,32,0,evening,sun,0,0.9616870060633815,0.5159306022561357,0.5650297820500733,1,1,1
D102655,65+,163.06,75,1,afternoon,fri,1,0.8077566776452577,0.7063336171009664,0.955098415122707,0,1,1
D102656,26-35,761.57,24,4,afternoon,wed,0,0.6253551184533844,0.8333591132901129,0.3781541653988165,1,1,0
D102657,36-50,416.53,44,2,night,sun,0,0.23062549971605337,0.26412631129554925,0.3268887446522925,0,0,0
D102658,18-25,701.39,64,0,evening,mon,1,0.4533913802158833,0.8207823391469992,0.3677335201286344,1,1,1
D102659,26-35,98.5,18,2,evening,fri,0,0.43926952012029596,0.7320316600842665,0.33057942784532685,1,1,0
D102660,51-65,175.17,68,1,evening,tue,0,0.9239554934015075,0.07010105615004492,0.6714286331635859,1,0,0
D102661,26-35,79.98,52,4,evening,tue,0,0.1930840031416019,0.5427556228307814,0.19088527684787235,1,0,0
D102662,26-35,129.71,58,2,morning,thu,0,0.7782386375348627,0.3294983611101903,0.4735088706251122,1,0,0
D102663,26-35,755.13,40,3,evening,fri,0,0.6446872971200285,0.6067162010302551,0.48390105581142334,1,0,1
D102664,36-50,933.31,84,0,afternoon,sat,0,0.11595428955454251,0.4910606218160492,0.4717698819090598,0,0,1
D102665,51-65,87.07,69,2,morning,sat,0,0.8002107589161753,0.27460755968886463,0.2536104039100559,1,0,1
D102666,51-65,161.99,17,4,night,wed,0,0.4290687506696739,0.2182643803435446,0.530045571562547,0,0,1
D102667,18-25,228.47,50,4,morning,wed,0,0.13280519703653285,0.6737945762989435,0.1990590650636954,0,0,0
D102668,36-50,414.49,81,1,morning,mon,0,0.6504613924581546,0.9095872837035235,0.3874114334424135,1,1,0
D102669,36-50,50.21,25,4,afternoon,fri,0,0.46576859191914743,0.09816967495804939,0.2855828416970329,1,0,1
D102670,36-50,57.82,48,3,evening,sat,0,0.5740752941523117,0.5099421357890898,0.7534987854588412,0,1,0
D102671,26-35,380.19,67,2,night,thu,0,0.23941498172941633,0.36242449560899387,0.4042751836628758,0,0,1
D102672,26-35,42.35,24,3,morning,wed,0,0.3892820323690119,0.571517499837157,0.09844142772951088,0,0,0
D102673,36-50,163.67,46,2,afternoon,wed,1,0.48213488958169165,0.6129210367232724,0.23363512044874382,1,1,0
D102674,36-50,283.12,49,0,evening,fri,0,0.8638366172495304,0.45834686454389595,0.7532273241374642,1,1,1
D102675,36-50,355.7,15,1,evening,fri,0,0.8113751028860068,0.7556177869436681,0.4186829628869818,1,1,0
D102676,36-50,215.39,15,4,afternoon,thu,0,0.732882314574671,0.48506168778587727,0.35105928057178637,1,1,1
D102677,51-65,176.06,50,1,afternoon,tue,0,0.5791126970333643,0.07205052222722741,0.8070689349984673,0,0,0
D102678,51-65,523.28,16,2,evening,wed,0,0.6841441624966005,0.7992759537213607,0.5063518231857603,0,1,1
D102679,26-35,316.3,85,1,morning,wed,1,0.41480031316166566,0.8658329820260348,0.18497167494178196,1,1,1
D102680,51-65,136.69,47,0,evening,mon,1,0.6651280350732668,0.45965235524450104,0.37602600521099355,0,1,0
D102681,51-65,253.14,63,2,afternoon,wed,0,0.9070535935669864,0.3991066920988939,0.6852982483408054,1,0,1
D102682,26-35,345.45,35,1,evening,sat,0,0.7928188774863759,0.8619470348942236,0.8491905748457779,1,1,0
D102683,36-50,1148.73,26,1,evening,fri,1,0.5506560294458939,0.8307630908832757,0.7423731309148315,0,1,1
D102684,26-35,496.55,43,2,evening,mon,0,0.2034524899677124,0.8776430177714778,0.26409058361406984,0,1,0
D102685,51-65,730.04,63,2,evening,sat,0,0.11604032094925822,0.3765721168902194,0.4286207895734942,0,0,1
D102686,26-35,141.24,35,4,morning,tue,0,0.3767886848976031,0.7907043433308675,0.38207301530207005,0,1,0
D102687,36-50,152.66,25,3,afternoon,fri,0,0.7174108739373161,0.8546083252987802,0.08337514559687106,1,1,0
D102688,26-35,197.98,12,1,afternoon,thu,1,0.8168047262332816,0.7632185714532561,0.5388155014364374,1,1,1
D102689,36-50,215.03,48,3,evening,sat,0,0.6348723234085107,0.5478175841529198,0.587569443552503,0,0,0
D102690,65+,98.77,61,0,evening,sat,0,0.6965395512668419,0.04117723090660916,0.9333820942402095,0,0,1
D102691,26-35,764.59,47,1,afternoon,wed,0,0.2506797850128918,0.2030443968834212,0.6359313729374563,0,0,0
D102692,51-65,541.86,22,1,evening,sat,1,0.9361122125059258,0.6890828018350822,0.9437855242724456,1,1,1
D102693,65+,185.84,22,6,afternoon,fri,0,0.47450904374897,0.48972070664890843,0.9225154922694848,0,1,1
D102694,51-65,435.96,33,2,morning,wed,0,0.6797287026484726,0.33972197997262427,0.8458527464916048,0,0,1
D102695,26-35,299.05,31,2,afternoon,mon,0,0.43588463525729554,0.5035050727941535,0.3841587431865466,1,0,1
D102696,51-65,467.71,18,0,night,thu,1,0.7508199775023736,0.5153387146835016,0.7718370646514142,1,1,1
D102697,18-25,72.98,84,1,afternoon,thu,0,0.897245315051924,0.6667144721675395,0.06583337584303298,1,0,0
D102698,26-35,214.63,29,3,afternoon,thu,0,0.339362295776109,0.13015230570128275,0.410382053497441,0,0,0
D102699,51-65,232.24,22,5,evening,fri,1,0.445528830346151,0.6813932107664695,0.7795563958426828,1,1,1
D102700,36-50,428.92,54,3,morning,fri,1,0.43769020515071905,0.5645970634437061,0.4612574134993836,0,0,0
D102701,36-50,138.99,72,3,morning,tue,0,0.47719665430999986,0.4827159685509272,0.11530036376847805,1,0,0
D102702,26-35,25.79,41,2,morning,wed,1,0.6052722767546681,0.737530208135166,0.8555189960480841,0,1,1
D102703,51-65,92.43,60,3,morning,sun,0,0.2563403401389115,0.0951502696758055,0.6369195742452625,0,0,0
D102704,36-50,231.61,8,5,afternoon,fri,1,0.7480503802345265,0.37075292474631183,0.8999531588495381,0,0,1
D102705,36-50,259.17,47,1,afternoon,wed,1,0.9523453997280532,0.9082353926313285,0.7497588921555235,0,1,1
D102706,51-65,1113.62,5,1,evening,sun,1,0.6310960222203675,0.36722134596599726,0.893690850476287,1,0,1
D102707,26-35,413.42,12,3,evening,fri,0,0.6009351969919917,0.8405717224435462,0.685745651505794,1,1,1
D102708,26-35,263.32,53,1,night,sat,1,0.5972444065892206,0.3566216033817501,0.3262054194385359,0,0,0
D102709,36-50,237.66,18,4,morning,thu,1,0.8565997103172371,0.6489492799725621,0.43724240701353995,1,1,1
D102710,65+,661.01,3,2,afternoon,tue,0,0.8736984603130394,0.2976721080739144,0.5614602919781576,1,0,0
D102711,26-35,143.87,16,5,morning,sat,1,0.6802920065852845,0.6303324399667972,0.2576493230365793,1,0,0
D102712,26-35,215.67,69,2,afternoon,sat,0,0.47963836492372786,0.41615359090487436,0.7884746184443332,1,0,1
D102713,18-25,91.81,52,3,evening,fri,0,0.2527544005210877,0.9054701965813748,0.3257661614846753,0,1,1
D102714,51-65,877.45,34,1,afternoon,thu,1,0.830532188091524,0.9076266567944188,0.747567434011591,1,1,1
D102715,26-35,348.36,87,0,evening,mon,0,0.33691868770002165,0.623602255070413,0.10576446083032826,0,0,0
D102716,36-50,129.44,34,1,evening,tue,1,0.6568992345588941,0.599853303906975,0.7777660553128531,1,0,1
D102717,65+,220.74,78,0,morning,sun,0,0.5520996921758535,0.07154175303507856,0.5410265282578725,1,0,0
D102718,18-25,387.1,31,2,night,tue,0,0.7378115687417613,0.2901497881479295,0.6747803238883002,1,1,1
D102719,36-50,195.26,2,1,morning,fri,1,0.9214148622257315,0.9386838959094911,0.43161508249887487,1,1,1
D102720,36-50,151.26,9,0,night,fri,1,0.7639931485872311,0.35305932222244824,0.8824561354212577,1,0,1
D102721,51-65,135.8,24,2,evening,thu,1,0.5963325137820704,0.5216161257927068,0.8570136951709496,1,1,1
D102722,26-35,331.98,16,3,morning,sun,0,0.8545658393202794,0.6521373867576495,0.271536685518716,1,1,0
D102723,26-35,177.28,14,2,afternoon,fri,0,0.6610672015239337,0.12716959278056805,0.760159829242898,1,0,0
D102724,26-35,162.65,34,2,afternoon,sun,1,0.6182657415074536,0.39828119239118964,0.7832385833334744,1,0,1
D102725,51-65,73.52,87,2,evening,tue,1,0.822151127171145,0.16877948522392752,0.7442986299481725,1,0,1
D102726,51-65,262.4,18,6,afternoon,sat,1,0.5113166084070212,0.3030806350475586,0.3851092338135234,0,0,1
D102727,18-25,207.87,21,1,evening,sat,0,0.35247337197064443,0.7693136337844134,0.5653825207628498,1,1,0
D102728,26-35,183.19,89,3,afternoon,sun,0,0.25013563284917406,0.7011013275212533,0.3418398174587886,0,1,1
D102729,51-65,292.63,18,1,night,wed,0,0.38957165207864,0.31177458639429984,0.599420056463921,0,1,0
D102730,18-25,479.72,74,1,afternoon,wed,0,0.16678874568708246,0.47285565379551947,0.31112987490379007,0,0,0
D102731,26-35,460.08,55,4,evening,sat,0,0.1569203477472547,0.44432430826986835,0.3227113967366354,0,1,1
D102732,36-50,402.4,83,2,evening,sat,0,0.74982622399754,0.171892670616463,0.19987487583021776,1,0,0
D102733,26-35,197.04,50,2,morning,tue,0,0.7319990914519579,0.7195430877868273,0.09925471270575686,1,1,0
D102734,26-35,146.89,53,2,morning,wed,0,0.3493269320783315,0.7243489480723657,0.08078054756639566,0,1,0
D102735,36-50,95.63,20,2,evening,sat,0,0.8664211257908222,0.05692701937649604,0.5523370507559503,1,0,1
D102736,26-35,143.47,51,4,evening,thu,1,0.7464317609174325,0.8265385658091516,0.05830217948623119,1,0,0
D102737,36-50,249.06,60,3,evening,sun,0,0.4725447610222539,0.4237930480830959,0.6120816375335922,0,1,1
D102738,36-50,120.58,88,3,afternoon,fri,1,0.3519210877217082,0.5740981132310761,0.6565885916912424,0,1,0
D102739,36-50,266.79,8,1,evening,sun,1,0.8664458320199154,0.8945425560907809,0.5213174358992542,1,1,0
D102740,18-25,102.63,14,4,night,wed,1,0.8839208072695393,0.3346194353716928,0.7388216533301852,1,1,1
D102741,51-65,54.88,1,5,evening,sat,1,0.7551725175450387,0.25814385151427127,0.6172159973825546,1,0,0
D102742,26-35,511.56,71,3,morning,tue,1,0.7800479332352155,0.6014590565565462,0.5576612381889978,1,1,1
D102743,51-65,159.66,7,2,morning,fri,0,0.6635993258396378,0.08634686288601212,0.1395558713421624,0,0,0
D102744,26-35,115.2,82,2,night,wed,1,0.7304008672392084,0.5639637221144872,0.07228036038161546,0,1,0
D102745,51-65,91.43,32,4,evening,thu,1,0.7311144594097558,0.7741760927179744,0.6012458355945208,1,1,1
D102746,26-35,358.07,25,1,evening,sat,0,0.10047672225138449,0.7383032035514996,0.49904897253477876,0,1,0
D102747,26-35,843.38,87,1,night,mon,1,0.20644754819732386,0.5658158382600159,0.6891155729067006,0,1,0
D102748,36-50,170.24,64,0,morning,tue,0,0.7045672024576908,0.44477803216742,0.3978932903093146,1,0,0
D102749,18-25,201.54,49,2,evening,thu,0,0.7800030744726725,0.5698496431926668,0.3811474358885939,1,0,1
D102750,26-35,641.92,80,1,evening,wed,0,0.4420474548218182,0.388716580365764,0.5290613227773839,0,0,0
D102751,36-50,47.97,67,3,evening,thu,1,0.7564563017364095,0.6392152224284192,0.5097086835839799,1,0,1
D102752,51-65,1436.81,57,0,evening,thu,0,0.30276599941477866,0.07959455475079624,0.6283821459922107,0,0,1
D102753,18-25,2207.66,28,2,afternoon,mon,0,0.5458767418610423,0.8314593977023985,0.08352153239543987,1,1,0
D102754,51-65,21.42,88,2,morning,sun,0,0.8396833463127528,0.15064402860124237,0.14636687202506019,1,0,1
D102755,51-65,224.13,64,4,night,fri,1,0.3213644103096711,0.564113927706982,0.5006307862593965,1,1,1
D102756,51-65,128.12,85,4,evening,fri,1,0.26099284763689423,0.4411437592303908,0.7875138736132151,0,1,1
D102757,36-50,192.81,86,0,afternoon,tue,0,0.1987777095690875,0.1871946186185882,0.24953550562596033,0,1,0
D102758,36-50,167.91,49,5,night,tue,0,0.5789938646443891,0.7243783553430667,0.6091000092542779,1,0,1
D102759,36-50,508.05,32,1,afternoon,fri,1,0.7954271030527177,0.8649607825605251,0.2990337311770626,1,1,0
D102760,36-50,221.12,85,1,afternoon,mon,0,0.3980966015286525,0.11619118897705377,0.2697321182070485,1,0,0
D102761,65+,107.79,89,3,night,thu,0,0.39847130628682903,0.18736300827795752,0.6946344216649126,1,0,0
D102762,18-25,209.56,10,2,evening,sun,1,0.34022455918405786,0.8420833255278036,0.30094960117067115,0,1,0
D102763,26-35,388.89,57,1,evening,sun,1,0.8169705046664634,0.17365190907716951,0.34374464656033105,1,0,1
D102764,18-25,84.32,54,5,evening,thu,0,0.3335256477385618,0.13239331204146534,0.023766996381702106,1,0,0
D102765,65+,55.61,67,0,afternoon,tue,0,0.3550270360699744,0.17777817925269904,0.8334562859291658,1,0,1
D102766,26-35,1470.66,87,1,afternoon,mon,0,0.2074180597212275,0.1327408578032979,0.25022562229406076,0,0,1
D102767,36-50,137.25,22,7,evening,tue,1,0.6182169737130467,0.32018647548117796,0.30093242508648177,1,0,0
D102768,51-65,216.24,87,0,afternoon,tue,1,0.7967344193695032,0.1874625869948566,0.930045948925263,1,0,1
D102769,65+,171.05,57,3,evening,thu,0,0.8283506401651168,0.2770035245342717,0.4303661569145683,1,0,0
D102770,26-35,400.73,7,2,afternoon,sat,1,0.8891890116802335,0.5437876632029244,0.37736387350400924,1,0,0
D102771,51-65,1206.54,45,3,morning,thu,0,0.42551154071660763,0.5925216828187854,0.23933198500553052,0,1,0
D102772,51-65,412.38,12,2,morning,sat,1,0.6666942025015941,0.6135672000225108,0.8774520284174865,0,0,1
D102773,18-25,62.39,86,2,evening,tue,1,0.42894543523934703,0.8542845186965659,0.7709250701752445,1,1,1
D102774,51-65,70.41,68,2,evening,wed,1,0.3015134633540852,0.14685353620578595,0.8880109044108871,0,0,1
D102775,26-35,170.87,81,1,afternoon,fri,1,0.6696279851485812,0.5195040514297216,0.7906942541465599,1,0,1
D102776,36-50,192.21,54,4,morning,mon,0,0.3391915594938362,0.472428290608633,0.2736398550264848,0,0,1
D102777,36-50,51.95,35,5,afternoon,sun,0,0.8358636032474988,0.5510186409491244,0.829785283191727,1,1,1
D102778,26-35,511.53,38,4,evening,sun,0,0.3963992637427291,0.34650467289172043,0.2950797090171537,0,0,0
D102779,18-25,92.05,85,2,morning,sat,1,0.6671785387284084,0.5076656635982768,0.11466818047687644,1,1,0
D102780,18-25,938.21,13,2,evening,fri,0,0.32321850683533904,0.5928925036898529,0.21984849207360907,0,1,1
D102781,18-25,1259.63,79,3,evening,tue,0,0.12033132212735227,0.3694051529398964,0.30941436205744116,0,0,1
D102782,36-50,195.7,37,2,afternoon,tue,0,0.8115082052130993,0.9271095138506826,0.2874355116662437,1,1,0
D102783,26-35,363.24,53,3,evening,tue,0,0.6157040508109015,0.6619968449029887,0.3817358638810567,1,1,0
D102784,26-35,80.74,60,2,evening,mon,0,0.6956954399761883,0.6290803015405126,0.5054117985177551,0,0,1
D102785,36-50,428.94,7,2,morning,thu,0,0.6636833017777621,0.26472848505612673,0.5796044499536239,0,0,0
D102786,36-50,156.28,13,1,morning,sun,0,0.8466964662505394,0.2531195030780733,0.6607697944486728,1,0,0
D102787,36-50,91.97,14,3,morning,fri,0,0.8291131059903682,0.5281838963100481,0.4239512516051224,1,1,0
D102788,65+,188.59,70,1,evening,sun,0,0.09737616410130481,0.5523497280673921,0.4501877265030589,0,1,0
D102789,26-35,160.91,6,2,night,sun,1,0.5343379884720928,0.7050062632367163,0.19408828053904248,1,0,0
D102790,51-65,182.61,54,1,evening,fri,0,0.8690006481662474,0.4088801022787026,0.516488021781227,1,0,1
D102791,18-25,575.2,9,2,night,mon,1,0.22578121810674123,0.6190587418132866,0.3296597269015498,0,0,1
D102792,51-65,120.69,69,0,evening,sun,1,0.3113942210014896,0.12955265918206388,0.6279429175479,0,0,0
D102793,65+,1166.22,87,3,afternoon,thu,0,0.25050936429207143,0.23095767331718497,0.11537910065569133,0,0,0
D102794,51-65,74.25,37,1,afternoon,thu,0,0.8181215984888212,0.4357223064639486,0.1968537881017759,1,1,0
D102795,36-50,1047.21,19,1,evening,sun,0,0.429920502975,0.5805347401584119,0.5615086123283068,0,1,1
D102796,36-50,98.02,40,1,evening,fri,0,0.9244328297171523,0.6166445487614403,0.12324097009739905,1,0,1
D102797,26-35,244.47,62,1,afternoon,mon,0,0.9148775611061261,0.3522618607654489,0.3139051979047097,0,1,1
D102798,36-50,157.41,65,2,afternoon,sat,1,0.21277712499977194,0.5884704388348265,0.3295397732123639,1,1,1
D102799,51-65,179.58,57,3,afternoon,sun,0,0.428426555750506,0.10630531571104311,0.29149238171523156,0,0,0
D102800,65+,503.32,52,3,afternoon,tue,0,0.07217064322129975,0.3274450657290427,0.652444486762964,0,0,1
D102801,36-50,943.73,56,4,evening,thu,1,0.7382884344747361,0.46056008710972685,0.5004213938588941,1,1,0
D102802,18-25,714.42,19,5,evening,mon,0,0.22768449701265017,0.9039946248243754,0.43422171567436807,0,1,0
D102803,36-50,169.97,18,2,evening,sat,1,0.6952681194225251,0.4303456017442149,0.30115534217786977,1,1,0
D102804,18-25,288.83,83,5,afternoon,tue,1,0.7190066728523591,0.27500147289747706,0.1869742168864078,1,1,0
D102805,26-35,121.04,52,3,evening,wed,0,0.2536153614663307,0.500629968873637,0.6580342699592894,1,1,0
D102806,26-35,100.24,77,0,afternoon,fri,0,0.2177875611341322,0.7538085326462182,0.3080886837584452,1,1,1
D102807,51-65,87.21,56,5,afternoon,sat,0,0.07252335940147893,0.01927989341873385,0.6125332000423156,0,0,1
D102808,26-35,165.04,40,3,evening,wed,1,0.9134666331269565,0.8845691283909992,0.3560322304539737,1,1,0
D102809,26-35,306.32,51,3,night,sun,1,0.7059119109200838,0.543347002697362,0.6114710928689996,1,1,0
D102810,18-25,43.79,62,2,night,mon,1,0.38025091190239063,0.4251501188569043,0.050695745539239355,0,1,0
D102811,51-65,234.69,16,2,morning,tue,0,0.3451312422150397,0.4133746278913158,0.8247474621193135,1,1,0
D102812,36-50,957.59,41,7,afternoon,mon,0,0.5891944155896972,0.17255818586856322,0.2561345930894376,0,0,0
D102813,18-25,671.64,65,4,evening,sat,0,0.8845023532352096,0.18885396288701753,0.0853509617243011,1,0,0
D102814,18-25,144.51,7,4,evening,wed,1,0.6225098960023954,0.3612531390039222,0.21140483171274985,0,1,0
D102815,36-50,69.6,6,2,afternoon,mon,0,0.4688765860054683,0.7995163992476874,0.4160042514701041,1,1,0
D102816,26-35,370.13,14,1,morning,sat,0,0.8474506405052228,0.511459580036899,0.37023181809432837,1,1,0
D102817,36-50,30.4,53,4,afternoon,tue,0,0.3253841340766797,0.3610926146222319,0.46737754872731035,1,1,1
D102818,26-35,664.57,21,7,morning,fri,0,0.2850996461073926,0.7347865411060995,0.11717918874091607,0,1,0
D102819,65+,201.9,39,1,afternoon,thu,1,0.14190277820354388,0.5243822672406815,0.898782946367692,0,1,1
D102820,26-35,1271.78,12,2,evening,mon,1,0.5208867635983059,0.31873282520438817,0.32050143511660223,0,0,0
D102821,36-50,51.71,22,1,morning,fri,0,0.4224910627623541,0.7710923506172387,0.3329978915691152,0,1,0
D102822,18-25,559.1,1,2,evening,sun,0,0.7964353573053756,0.9249179252281978,0.28738156927379677,1,1,1
D102823,65+,223.53,72,5,evening,wed,0,0.22508620654135827,0.338866005205678,0.7649853964597058,0,0,0
D102824,65+,181.65,41,2,afternoon,sat,0,0.7457480054663392,0.1445382004255553,0.657519046322631,1,0,1
D102825,51-65,71.32,15,6,afternoon,tue,0,0.5900440263113361,0.13669496228399686,0.3980644322108399,1,0,1
D102826,36-50,418.29,47,0,night,tue,0,0.5653526419096816,0.2596289877020213,0.37386007349431205,0,1,1
D102827,26-35,449.67,83,2,evening,tue,0,0.6254238341959583,0.538460744219906,0.6444376629163637,1,1,0
D102828,51-65,1220.01,74,1,evening,tue,1,0.535493227578627,0.7572604779885295,0.8167828538495423,0,1,0
D102829,51-65,606.22,79,2,afternoon,tue,1,0.4330379621838288,0.23962136428416558,0.6991468528973269,1,1,1
D102830,26-35,143.38,36,0,evening,fri,1,0.6274210686686392,0.6714855201926984,0.5591934382417562,0,1,1
D102831,36-50,99.14,32,3,night,mon,0,0.668559416091618,0.7494807094207111,0.9184014043884233,1,1,1
D102832,36-50,71.4,28,3,morning,thu,0,0.20780294531321794,0.43027327977284074,0.5872911548956316,0,1,1
D102833,51-65,921.41,27,0,afternoon,tue,0,0.907526409156317,0.8466724490812909,0.5813198340535933,1,1,1
D102834,36-50,121.47,82,4,night,tue,0,0.41498499854906684,0.29418227249410644,0.35975795435893665,0,0,0
D102835,36-50,927.23,12,0,afternoon,sat,0,0.5138030306541196,0.7903892308964198,0.5443812405331628,0,1,1
D102836,36-50,392.51,76,0,afternoon,thu,0,0.6925852678231537,0.559547163953438,0.0246251943300713,0,1,0
D102837,26-35,329.28,82,2,night,wed,1,0.2987140614990104,0.7620016987706442,0.7295256095740609,1,1,1
D102838,26-35,185.64,75,0,morning,fri,1,0.6478160558289531,0.6694403338793654,0.1878486941252484,1,0,0
D102839,18-25,443.46,56,0,evening,sun,1,0.2834486222186966,0.706871106603536,0.25635016733421784,0,0,0
D102840,51-65,241.31,77,3,evening,tue,0,0.657642252686857,0.44331386418431407,0.17564418350954883,1,0,0
D102841,26-35,175.51,2,2,evening,tue,1,0.795807924032464,0.9228755317594411,0.3363116567995155,1,1,1
D102842,26-35,457.79,73,3,afternoon,fri,0,0.5000770322449495,0.6458140360840599,0.24830480189929827,1,0,0
D102843,26-35,214.95,45,1,morning,thu,1,0.9286374109201633,0.30719493337932047,0.7286208748776474,1,0,0
D102844,26-35,119.28,86,0,evening,fri,0,0.3945958361800168,0.6569876352150771,0.6914534871506925,0,0,1
D102845,36-50,419.83,7,2,evening,tue,1,0.7939491130563827,0.551210318230339,0.9232188573325802,1,1,1
D102846,26-35,231.0,83,1,afternoon,sun,1,0.19634963449353254,0.46665168856938644,0.4906245401987343,0,0,1
D102847,18-25,379.94,51,2,afternoon,mon,0,0.6007879781553025,0.7531269723763521,0.2615471867381076,1,1,0
D102848,51-65,162.64,9,7,afternoon,tue,0,0.5761813785901334,0.8277198217955662,0.7326463332928962,1,1,1
D102849,26-35,82.42,45,1,morning,fri,1,0.7439217427582683,0.719134373738473,0.28947069972944434,1,1,0
D102850,26-35,1166.27,3,1,evening,thu,1,0.6348114438892396,0.9670810782112599,0.24160990142569563,1,1,0
D102851,26-35,984.32,7,4,night,wed,0,0.19126117004404458,0.27330758282402623,0.2726859709708215,0,0,0
D102852,51-65,542.08,47,1,afternoon,sun,0,0.9494230694302819,0.6864694755487072,0.5187070545016607,1,0,1
D102853,26-35,172.6,73,2,night,wed,0,0.39219062829190193,0.6316318426551654,0.05524005722004005,0,0,0
D102854,51-65,186.74,9,2,evening,fri,0,0.8015858387601937,0.610093998977156,0.8137262459146339,0,1,1
D102855,65+,849.03,23,1,evening,wed,0,0.2791910916971205,0.7223903404060379,0.7075081626708196,1,1,1
D102856,36-50,177.96,35,1,night,thu,0,0.7833472113947132,0.3540099677290811,0.6877531193105357,1,0,1
D102857,26-35,138.48,48,3,afternoon,sat,0,0.4798643736090038,0.834761539533603,0.09216523526579114,1,1,0
D102858,51-65,1319.5,0,3,night,wed,0,0.4498928936607673,0.3135678318876665,0.3474545414264999,1,1,0
D102859,36-50,234.41,57,6,morning,wed,1,0.80712562326606,0.3272155655632422,0.33298380858151677,1,0,0
D102860,26-35,1201.81,44,4,afternoon,sat,0,0.2574366152075908,0.13989742753477835,0.2573795527333008,1,0,1
D102861,36-50,69.51,86,3,evening,mon,0,0.414776554049819,0.7917738677318992,0.39281574884719256,0,1,1
D102862,26-35,390.09,27,3,morning,thu,0,0.08559144902122055,0.8591726207035513,0.6048534487318916,0,1,1
D102863,18-25,1578.1,44,1,evening,tue,1,0.30092670236675134,0.5530691005136574,0.3941464681828052,0,1,0
D102864,26-35,251.33,7,5,afternoon,thu,0,0.39771200514257476,0.7825976966097317,0.21207795366628676,1,0,1
D102865,18-25,192.94,82,0,afternoon,fri,0,0.20994842423828833,0.6650267094082308,0.8324119120177728,0,1,1
D102866,26-35,85.54,75,4,evening,thu,0,0.8399108159340596,0.4310418805715239,0.2717585036190711,1,0,0
D102867,36-50,648.14,31,5,morning,sun,0,0.689783284662921,0.6209292085411915,0.2021602797869112,1,1,0
D102868,65+,122.35,41,4,morning,sun,1,0.16662452992895413,0.22882558775058362,0.28371418877453225,1,0,0
D102869,18-25,224.68,77,3,morning,tue,0,0.4069607761024854,0.10421475385501351,0.3137934965497526,1,0,0
D102870,36-50,80.56,26,3,night,fri,0,0.3353815204195924,0.5832184519747805,0.6599745041418609,0,1,1
D102871,36-50,993.47,21,1,evening,wed,0,0.7118665203102565,0.5401566820540956,0.17332637458598438,1,0,0
D102872,18-25,691.87,21,1,afternoon,sat,0,0.23654171282167474,0.5004308033547065,0.49065578277475835,1,1,1
D102873,26-35,237.83,63,3,evening,thu,1,0.521040099166149,0.44823978969511846,0.4851253349950861,1,0,1
D102874,18-25,86.6,18,0,evening,sun,1,0.8853705625422735,0.4744347893319296,0.1198776134060171,0,0,0
D102875,26-35,974.88,7,5,afternoon,sun,1,0.7048787164149064,0.5448186887707651,0.6260331987785408,1,1,1
D102876,26-35,176.03,14,3,morning,mon,0,0.8965008247845813,0.46100835780854177,0.32727582636232727,1,1,0
D102877,26-35,90.5,88,3,evening,mon,0,0.4562808650424666,0.7538814009110371,0.12454741355464463,0,1,0
D102878,36-50,50.1,78,2,afternoon,mon,1,0.3601128048398518,0.6965320091939233,0.7742676246872189,0,0,1
D102879,18-25,136.82,85,2,evening,sat,0,0.6338913984452836,0.39822432194445306,0.538358887946929,1,1,1
D102880,26-35,66.08,24,6,afternoon,tue,1,0.847837483444148,0.8250967631141454,0.21203653796657276,1,1,0
D102881,18-25,139.69,39,0,evening,sat,0,0.7170627998034778,0.6743328921688331,0.4222939935997806,1,0,1
D102882,36-50,478.17,44,4,afternoon,wed,0,0.3550739222204577,0.3656299911484247,0.46582490434876317,0,1,0
D102883,26-35,174.54,47,2,evening,wed,1,0.4598479123296595,0.7364707924042008,0.47093450357681743,0,1,0
D102884,36-50,337.01,2,4,night,fri,0,0.6643868624531268,0.8859157188833987,0.33901958592438447,1,1,1
D102885,26-35,127.61,53,1,afternoon,sat,1,0.45204302643257105,0.8277857136933882,0.4567898564695392,1,1,1
D102886,18-25,259.47,3,1,morning,thu,0,0.5148950289625022,0.723738529456499,0.6204806318667828,1,0,1
D102887,65+,1378.58,24,1,evening,fri,0,0.9544115832962481,0.5371573998552237,0.7184127320723224,1,0,1
D102888,18-25,178.82,26,2,morning,sat,0,0.9007891771766864,0.8403158315338286,0.059355643884852594,1,1,0
D102889,18-25,345.84,60,3,morning,tue,0,0.5952638380062416,0.6640592617836493,0.03901052385341181,1,1,0
D102890,18-25,59.8,80,2,evening,fri,1,0.41835372248981967,0.6464742512352893,0.0844889309647747,0,1,0
D102891,65+,961.12,62,4,morning,wed,0,0.17410818537656703,0.13465864057099325,0.24398461160053703,0,0,0
D102892,36-50,159.26,39,0,morning,tue,0,0.853152301579767,0.29815150469368895,0.2785604299803598,1,0,0
D102893,36-50,629.85,47,2,afternoon,wed,0,0.8782339949516632,0.508732776985827,0.30143887737232333,1,0,0
D102894,65+,219.01,46,0,afternoon,tue,1,0.6437129256701868,0.3489292615430488,0.760538075856272,0,1,1
D102895,18-25,424.29,13,4,night,wed,0,0.2160715070498064,0.5379502846833552,0.33159062034217734,1,0,1
D102896,65+,447.61,86,3,afternoon,mon,0,0.44395646260207683,0.3461868895932529,0.5904796167938103,0,1,1
D102897,26-35,162.85,82,3,afternoon,sat,1,0.2110416681654551,0.8973529570463448,0.7430749320567618,0,1,0
D102898,36-50,653.74,21,2,evening,wed,1,0.4166055930148353,0.743619116280899,0.16753903230883407,0,0,0
D102899,26-35,123.58,10,0,evening,fri,1,0.5954125526968768,0.8349561159228681,0.6332261748371673,1,1,1
D102900,26-35,492.82,14,5,afternoon,sat,1,0.7137467702137037,0.6709255603404028,0.5694275468332363,1,0,1
D102901,65+,172.23,56,2,evening,sat,0,0.6182176516621488,0.5713992597166423,0.3176675670645365,1,0,1
D102902,18-25,335.16,2,2,evening,mon,1,0.8967165930078452,0.8959385369526456,0.6174155936991341,1,1,1
D102903,65+,161.45,9,2,afternoon,thu,0,0.24613970197281185,0.5034283297459662,0.7732484409459275,0,0,1
D102904,26-35,255.95,58,4,morning,wed,0,0.14283422320132483,0.6115538439522312,0.33234725744105087,1,0,0
D102905,36-50,93.02,13,6,evening,wed,0,0.7652217396530001,0.18968843513648306,0.05294770143913426,1,0,0
D102906,65+,305.76,6,2,afternoon,sat,0,0.37476228069261847,0.48608630537332365,0.8645306181965392,0,0,0
D102907,18-25,254.62,1,2,afternoon,mon,0,0.3797544634147741,0.5706137287724495,0.4192658238809621,1,0,0
D102908,65+,150.48,63,1,evening,wed,0,0.836338104520242,0.43770620149843825,0.7465121614310608,1,1,1
D102909,36-50,232.87,32,2,morning,sat,1,0.5872242648075743,0.4044629592787666,0.03203795209722971,1,1,0
D102910,36-50,276.06,25,2,afternoon,wed,1,0.7029569688037748,0.803991422706686,0.4361334929932498,0,1,1
D102911,18-25,140.51,57,3,afternoon,mon,0,0.3875310978546392,0.5967022895452715,0.08533784676239266,0,1,0
D102912,36-50,217.92,15,3,evening,tue,0,0.6780661808217611,0.2838804911596889,0.778985914398459,0,0,1
D102913,36-50,98.99,46,6,evening,wed,0,0.7526651387795124,0.3584613651730573,0.17252441233643995,1,0,0
D102914,36-50,2020.62,43,0,afternoon,tue,0,0.13210294694677918,0.8619003919725168,0.7365263858690361,0,1,0
D102915,26-35,634.73,60,1,afternoon,fri,1,0.5809127067253437,0.15239421094145178,0.7084628213496222,0,0,1
D102916,26-35,312.87,56,3,night,tue,0,0.6701287733882899,0.5684892235043819,0.41957665233477226,0,1,0
D102917,51-65,702.68,60,4,evening,sat,0,0.8779387348591468,0.10163505118597907,0.7617960413150469,1,0,0
D102918,18-25,41.21,19,1,evening,wed,0,0.2971097437016324,0.9420526981054634,0.1669032124404776,0,1,0
D102919,36-50,24.49,12,1,morning,mon,0,0.8287107423641199,0.8176341892685804,0.2973783595396083,1,1,0
D102920,65+,170.82,48,1,morning,mon,0,0.5582975101083038,0.4067214042307726,0.8485415621540738,0,1,1
D102921,18-25,70.76,5,0,afternoon,fri,1,0.7620845262813599,0.9525339805044127,0.26637804478246985,1,1,0
D102922,26-35,197.76,40,2,evening,sat,1,0.4863974631655857,0.7642427821280267,0.1855870382145736,0,1,0
D102923,36-50,294.44,56,0,night,mon,0,0.7262714929379873,0.4768478408979729,0.3734837046673362,0,0,0
D102924,18-25,560.24,73,1,morning,wed,1,0.6786277538263383,0.5455450820655385,0.2055145884270689,1,1,0
D102925,36-50,87.84,58,1,evening,sat,1,0.9809891715877355,0.4891380069202431,0.9107202352345211,1,1,1
D102926,36-50,350.61,89,2,evening,sun,0,0.19185178577721648,0.22437990682510522,0.6005236398204149,0,0,0
D102927,36-50,247.88,50,7,evening,sat,1,0.16642437817706301,0.4454819569953416,0.3610861562336758,0,1,0
D102928,26-35,334.54,40,2,afternoon,fri,0,0.9313631685608021,0.17933944858860676,0.16174046400017594,1,0,0
D102929,36-50,153.27,22,1,afternoon,sat,1,0.7858310334960936,0.8626662304386074,0.6845807914285388,0,0,1
D102930,36-50,849.65,60,1,night,wed,0,0.26853176860544614,0.8356719305898797,0.7228800586335639,0,1,1
D102931,26-35,222.93,72,1,afternoon,mon,1,0.7264055033910526,0.5918565516955623,0.5533189321903996,1,1,1
D102932,36-50,1208.05,28,1,afternoon,thu,1,0.29254060579666186,0.8409322219866755,0.28426498556981433,1,1,1
D102933,51-65,120.14,6,1,morning,thu,1,0.8809846350512873,0.6631297674703135,0.3320979516694515,1,0,0
D102934,36-50,477.49,0,1,afternoon,sat,0,0.6688711434060238,0.4102836978477969,0.37560619963613257,1,1,1
D102935,36-50,231.9,56,2,morning,tue,0,0.8406576037300867,0.37210355184417093,0.5193307471270264,1,0,1
D102936,26-35,182.19,59,3,evening,sun,1,0.8108401055326461,0.6662202545885906,0.3451995682990033,1,1,0
D102937,18-25,432.28,10,5,night,thu,1,0.65411669350636,0.5670836272653283,0.7152519192894919,1,1,0
D102938,26-35,186.93,2,0,afternoon,thu,1,0.8596623527530777,0.9194306013416964,0.6865021616327619,1,1,1
D102939,18-25,22.29,58,3,night,sun,0,0.6842352808427247,0.39890584594409134,0.3908236692802115,1,0,0
D102940,65+,20.0,35,1,night,thu,0,0.6856977006153195,0.1538209784111808,0.8034900507561178,1,0,1
D102941,26-35,769.07,37,3,evening,mon,1,0.4717619876330501,0.6882366129899956,0.15324526176563077,0,1,0
D102942,51-65,740.43,23,2,evening,tue,1,0.5185885334559287,0.38337723336884444,0.5160928083449111,1,0,1
D102943,26-35,1337.57,64,2,evening,fri,0,0.19742174718936395,0.3697557693786929,0.11567564037667354,0,1,0
D102944,26-35,240.86,67,2,evening,tue,1,0.8048396311555733,0.6827371182237733,0.5716222162209502,1,1,1
D102945,26-35,76.45,4,0,morning,tue,0,0.40438048044110403,0.4489211348033375,0.19871382751148284,1,0,1
D102946,26-35,167.73,8,0,night,wed,0,0.6415594933964627,0.932014394238864,0.4602764994137537,0,1,1
D102947,51-65,247.22,49,6,afternoon,thu,0,0.2866589791829243,0.5486022221401543,0.4573953636711545,0,0,0
D102948,65+,98.86,54,2,night,mon,0,0.1660323482997579,0.1717053224809821,0.7997833261567051,0,0,1
D102949,51-65,1078.92,13,4,afternoon,thu,1,0.3111748745216146,0.4969578584556156,0.30908044376368443,0,1,1
D102950,26-35,1836.38,14,1,afternoon,sat,0,0.30445962437929763,0.6630703476618546,0.4305351877361016,0,1,1
D102951,51-65,376.32,61,1,evening,thu,1,0.8680850699555165,0.5886265678770702,0.3571925206325627,1,1,0
D102952,18-25,242.31,40,3,evening,fri,0,0.3207761026304302,0.9428685251436403,0.13879304750721574,0,1,0
D102953,65+,76.29,10,0,afternoon,fri,1,0.3399981777666265,0.5664338078488375,0.7761522608964844,0,0,1
D102954,36-50,984.16,54,2,evening,thu,0,0.9715333911494075,0.7153406289629518,0.7002043324814805,1,0,0
D102955,26-35,262.09,6,4,afternoon,sun,0,0.8097624080270671,0.282658413096627,0.1996823640188326,1,1,0
D102956,26-35,188.62,20,1,morning,fri,0,0.8483334065052787,0.40899001610232283,0.08753081090928157,1,0,0
D102957,18-25,377.31,64,3,evening,sat,1,0.8441460330486531,0.9239614910213996,0.19324005278896778,1,1,0
D102958,26-35,144.44,20,1,morning,fri,1,0.791719030665668,0.7265301729220986,0.4251901332380322,1,1,0
D102959,65+,279.27,5,3,afternoon,sun,0,0.5493814787870955,0.13650234888151358,0.94408003427648,1,1,1
D102960,51-65,66.81,86,1,morning,thu,0,0.865274510624519,0.3497478385629055,0.6261353342004768,1,1,1
D102961,65+,650.91,20,3,afternoon,tue,0,0.8348752276503374,0.674111137179282,0.44866232160563646,1,1,1
D102962,18-25,222.75,46,3,night,tue,0,0.46985871821016323,0.40407799393452926,0.29667199072333383,1,0,0
D102963,36-50,694.31,74,2,morning,sun,0,0.654000048617422,0.3034730300537125,0.7818665239654392,1,0,1
D102964,26-35,204.17,89,1,evening,sat,1,0.2911289915693513,0.16813779489390435,0.3915475213641098,1,0,0
D102965,36-50,216.46,72,0,evening,wed,1,0.7358557527315632,0.49103725186285024,0.49191647803442273,0,0,1
D102966,26-35,82.18,30,2,morning,thu,0,0.9192665072451538,0.8658817454956662,0.2931500735639894,1,1,1
D102967,26-35,484.82,76,4,night,mon,1,0.5852346358419028,0.3355949964571416,0.6332271892453493,0,1,1
D102968,36-50,111.25,1,3,morning,sun,1,0.4060848839865799,0.3403226405928432,0.46470771457078464,1,0,0
D102969,26-35,157.94,29,0,afternoon,thu,0,0.570710286032674,0.5295311867858484,0.6381116839046395,1,1,1
D102970,36-50,244.92,17,2,evening,wed,1,0.9622770029778921,0.5566284399013475,0.8212792382036842,1,0,1
D102971,36-50,272.9,47,1,evening,tue,0,0.7968526437259661,0.7272957551304586,0.6088387602010351,1,1,1
D102972,18-25,52.69,80,4,afternoon,mon,0,0.4352149978608979,0.6585740892638384,0.24207085029022093,1,1,1
D102973,65+,198.8,69,2,evening,sat,0,0.5668366813996262,0.37844951785397324,0.27486325627926816,1,0,1
D102974,36-50,500.55,89,2,night,tue,0,0.3308236049423934,0.3215720604123435,0.3422896640744805,0,0,0
D102975,51-65,174.08,12,4,afternoon,mon,0,0.5274188328047709,0.32714997874735485,0.37766025791717844,1,0,0
D102976,36-50,199.88,67,3,evening,sun,1,0.45120979328048966,0.2978464962908807,0.3286021753235816,1,1,0
D102977,36-50,283.2,65,2,afternoon,thu,0,0.8268601507856055,0.5680826226838988,0.35656411848269237,1,1,1
D102978,36-50,218.47,41,1,afternoon,mon,0,0.7560342723151877,0.8757771209300602,0.5844235575829926,0,1,0
D102979,51-65,96.79,8,2,afternoon,wed,1,0.9116545065746077,0.427696833170893,0.5377747064279808,1,0,1
D102980,36-50,236.82,9,4,morning,thu,1,0.8535940168748978,0.4048892201382073,0.2368291539287157,1,1,1
D102981,26-35,598.64,82,2,evening,tue,1,0.8665117672913513,0.31656040893721865,0.20859073905504302,1,0,0
D102982,18-25,95.01,26,2,morning,sun,1,0.7182245188625236,0.8977492810528047,0.8503581042524376,1,1,1
D102983,36-50,174.68,57,1,morning,sun,1,0.8593572464216941,0.5538918695596051,0.706167978235357,1,1,1
D102984,18-25,70.56,85,3,afternoon,sun,1,0.510779164538358,0.756515037504276,0.1917763229867652,0,1,0
D102985,26-35,570.92,44,1,morning,thu,0,0.28877840840653685,0.4776115516755549,0.6994026664862066,0,0,0
D102986,18-25,225.17,18,3,evening,sun,0,0.43050472873029927,0.8063857547980222,0.2808605187559703,1,1,0
D102987,36-50,113.84,43,1,afternoon,wed,0,0.8304267173549011,0.4791862014175144,0.9119305094536022,1,1,1
D102988,26-35,265.88,20,2,morning,thu,0,0.7760628043396451,0.2878354159375391,0.46199036625905526,1,1,1
D102989,36-50,82.83,16,4,afternoon,sat,0,0.8977102809190923,0.7358335161494624,0.6141781035768134,0,1,0
D102990,51-65,96.53,72,2,morning,thu,0,0.4596614656412822,0.36334353859111596,0.7354892914013983,1,0,1
D102991,51-65,65.75,31,1,evening,sat,0,0.7491531049143212,0.38531031271778626,0.871446245297314,0,1,1
D102992,26-35,93.68,61,1,afternoon,mon,0,0.5848329320672662,0.6996620257541774,0.26594959625512965,0,1,1
D102993,36-50,830.15,65,2,evening,thu,0,0.8668124189695452,0.11646747947338706,0.7444831820298023,1,0,1
D102994,36-50,126.49,49,1,evening,sat,0,0.7568824082720365,0.6015324966387432,0.2909858444058864,0,1,0
D102995,36-50,372.26,48,1,afternoon,tue,0,0.7515614708008919,0.35309306362962023,0.34343992577444105,0,0,0
D102996,36-50,115.28,16,2,morning,wed,0,0.7160070032106292,0.5599600979341264,0.48030489548981126,0,1,0
D102997,26-35,484.72,47,1,afternoon,sun,0,0.44719967367839514,0.8190447174175034,0.6079065628205437,0,1,1
D102998,65+,97.18,67,0,afternoon,fri,0,0.2618543028292456,0.5179265237060108,0.5778132470118137,0,0,0
D102999,18-25,253.49,17,3,afternoon,wed,1,0.31356810260449824,0.7807960868703502,0.8384156263184501,1,1,1
D103000,51-65,256.61,20,1,night,wed,1,0.7280796197036148,0.5796786225753365,0.909617517023194,0,1,1
D103001,36-50,1988.28,62,2,morning,tue,0,0.26661985710847674,0.020967509786349883,0.336952390728068,1,0,0
D103002,26-35,431.55,88,2,afternoon,sat,1,0.5643062472725298,0.33362160764097154,0.2118557132392905,0,1,0
D103003,51-65,143.51,35,1,evening,mon,1,0.9259810838760795,0.6735607047803878,0.8636841420456983,1,1,1
D103004,18-25,453.3,74,2,night,tue,1,0.37131764857272326,0.4444261151236534,0.06641990469366368,0,1,0
D103005,51-65,1676.32,16,2,afternoon,mon,1,0.438125025083326,0.17134417052704864,0.7750246730265804,0,0,1
D103006,36-50,56.45,51,1,afternoon,sat,0,0.6061405989029055,0.610009723319917,0.25138494306147696,0,1,0
D103007,18-25,114.64,84,1,morning,sun,0,0.4415506885674099,0.8346735352154782,0.6379349625320256,0,1,0
D103008,18-25,197.71,39,4,evening,mon,0,0.3751995760018113,0.46897694364462184,0.09050156411473236,0,0,0
D103009,51-65,168.11,45,2,evening,sun,0,0.8405559375546446,0.6286890206433222,0.36334456180662605,1,1,1
D103010,26-35,181.37,13,4,afternoon,sun,0,0.5518814747317514,0.7846549012034932,0.5030741138636913,0,1,1
D103011,51-65,75.66,47,0,afternoon,thu,1,0.8511530811612412,0.36144339042265766,0.8054292360584712,1,0,1
D103012,51-65,865.72,52,4,afternoon,mon,0,0.23441781705191433,0.16307347866303443,0.31558226406795553,0,0,1
D103013,36-50,68.01,88,5,evening,fri,0,0.7838508635279059,0.7947292823858918,0.302035681629397,1,1,1
D103014,26-35,204.34,18,5,morning,thu,1,0.9049341990974422,0.4548173502417352,0.7369745825386617,1,1,1
D103015,36-50,627.19,32,5,afternoon,sat,0,0.1580084727679955,0.2298876875348875,0.6733559104462115,0,0,0
D103016,65+,238.13,58,6,morning,wed,0,0.5167726660171194,0.7179964193893029,0.5252197761851816,0,1,1
D103017,18-25,101.35,84,2,evening,thu,0,0.4271717305050807,0.4435184128488542,0.1775112658835487,1,1,0
D103018,26-35,72.69,21,4,morning,sun,0,0.6104372471221842,0.871586764453885,0.12241587054824295,1,1,0
D103019,26-35,198.94,62,6,night,fri,0,0.39378112769654056,0.20687882231860014,0.40519455528646264,1,0,1
D103020,26-35,123.8,79,4,afternoon,fri,0,0.07108537840514835,0.5419401076354784,0.5462875313381762,0,1,1
D103021,51-65,294.33,56,1,afternoon,sun,0,0.7589776463493703,0.6548717183341688,0.5755255313016155,1,1,1
D103022,36-50,69.32,38,3,afternoon,thu,0,0.8790469277192968,0.4009946999968359,0.22752425572408658,1,1,0
D103023,36-50,508.64,21,1,afternoon,tue,1,0.9346996143407331,0.7116089769325941,0.9076179594193718,1,1,1
D103024,26-35,271.51,25,1,afternoon,sun,0,0.3517316866967799,0.8071932419730354,0.059994937354183826,0,0,0
D103025,18-25,290.28,4,2,afternoon,mon,0,0.5733765475552908,0.5506032591367375,0.5916396135329219,0,0,1
D103026,26-35,895.13,13,2,morning,thu,0,0.36253689253214344,0.9539984440019122,0.41859326763281396,0,1,0
D103027,51-65,165.01,39,1,afternoon,sat,1,0.26457104025077155,0.7934105336400511,0.7773015931392854,1,1,1
D103028,36-50,127.33,12,6,evening,sat,1,0.556750151881551,0.49280394994359816,0.3555752068824346,0,0,1
D103029,26-35,149.46,0,0,afternoon,fri,0,0.49027566366132397,0.7409144379364688,0.39008395154038134,0,1,1
D103030,51-65,205.76,62,1,evening,wed,0,0.7403262802792268,0.858529738566658,0.6104536638435782,0,1,1
D103031,18-25,225.46,6,2,evening,tue,0,0.20935705660846643,0.6992214926580164,0.3336812015708679,0,1,1
D103032,26-35,115.86,12,3,evening,mon,1,0.5477010670562574,0.710814313120367,0.13012884796188645,0,0,0
D103033,26-35,39.62,53,2,morning,wed,1,0.5751840518942938,0.9076744805238329,0.8666830132835073,0,1,1
D103034,65+,147.7,82,1,evening,sun,0,0.7180850182027173,0.06346403770309579,0.7823387100821879,0,0,1
D103035,36-50,338.27,65,3,evening,fri,0,0.968567546274552,0.4051304591871061,0.41445832227824025,1,0,0
D103036,36-50,276.62,2,1,afternoon,wed,0,0.8215268668391441,0.6719726981033145,0.5144679318648833,1,0,1
D103037,18-25,720.25,15,1,afternoon,thu,1,0.34429391291738987,0.664921335299332,0.837982736583866,0,0,1
D103038,26-35,1422.17,66,3,afternoon,wed,0,0.15350757210202298,0.11015593941622483,0.1470138109091924,0,0,1
D103039,36-50,484.64,65,6,afternoon,sun,0,0.5555382368037023,0.29481621524550056,0.17165694320334304,0,0,0
D103040,26-35,849.18,35,0,morning,thu,1,0.29779964640949586,0.8573771784603306,0.7029888403460824,1,0,1
D103041,65+,487.89,85,1,afternoon,sat,0,0.705939612673599,0.10639787655075787,0.7288553951283886,1,0,1
D103042,51-65,1140.14,79,2,evening,mon,1,0.596067952871254,0.13621206342677017,0.30789267329246,0,0,0
D103043,26-35,1294.36,66,3,afternoon,thu,0,0.2710978865532836,0.7459078981759029,0.5713690205564484,1,0,1
D103044,51-65,575.97,67,1,afternoon,fri,1,0.24290029218479897,0.6256490586314031,0.7009367201229636,0,1,0
D103045,65+,462.08,70,0,night,fri,1,0.7465148445279062,0.28096094926849735,0.5384247944317299,1,0,1
D103046,36-50,203.42,13,2,afternoon,mon,0,0.544830943484149,0.8095666926067854,0.6060534071834088,1,1,1
D103047,36-50,235.76,63,4,morning,fri,0,0.5781253541536112,0.47032535408988596,0.5026331593676119,0,0,0
D103048,65+,180.54,84,3,morning,sat,0,0.3548307111528573,0.6268715494745352,0.5999391948591375,1,0,0
D103049,26-35,428.0,20,1,afternoon,mon,1,0.3429923913995522,0.888431200879798,0.6144156493171071,1,1,1
D103050,51-65,127.96,1,2,afternoon,wed,0,0.6990779177868951,0.22791727267551612,0.7397152992583019,0,0,0
D103051,18-25,206.03,32,4,morning,wed,1,0.2566593543701585,0.6132471361767158,0.6829239315740016,0,0,1
D103052,36-50,29.38,24,0,evening,tue,1,0.7701350559365846,0.610630203680801,0.6378641933402782,0,0,0
D103053,51-65,1153.76,85,4,evening,thu,1,0.5571780275984658,0.38140430887204474,0.47764199237890353,1,0,1
D103054,36-50,200.65,40,2,afternoon,sun,0,0.7831911687948739,0.38741514270225597,0.5129267310844262,0,0,1
D103055,36-50,368.71,59,3,evening,sun,0,0.53340664685318,0.15008695459778398,0.7194837393181311,1,0,1
D103056,36-50,908.69,88,1,evening,fri,0,0.26113155949302497,0.501923359677521,0.5371579004483581,0,1,0
D103057,26-35,320.62,71,3,evening,sun,0,0.28250007543360345,0.7294575636049825,0.25698813318161484,0,1,0
D103058,26-35,897.77,67,4,afternoon,sat,0,0.1628252972436384,0.3575795807847421,0.31229296700076986,1,1,0
D103059,26-35,80.03,87,0,evening,mon,0,0.13350565871352005,0.6466796132011696,0.7732760395402907,0,0,1
D103060,36-50,2116.75,61,3,morning,wed,1,0.32661761241089504,0.14906406164124147,0.6325357412465451,0,0,1
D103061,26-35,650.93,20,3,morning,sat,0,0.11445051564104629,0.4210811599199238,0.4011892326350046,0,1,0
D103062,26-35,295.39,65,2,evening,thu,0,0.5806912017681455,0.44837035399055336,0.6489543873483331,1,0,0
D103063,51-65,882.33,28,2,afternoon,fri,0,0.19630690115064295,0.561209603951652,0.3708393231664634,0,1,0
D103064,26-35,85.48,29,3,afternoon,wed,1,0.42684224922502073,0.8160742531505075,0.5956700440048871,0,1,1
D103065,26-35,188.72,58,3,afternoon,mon,1,0.8025400191935503,0.6136112274679395,0.8757458382159085,1,1,1
D103066,26-35,897.69,28,0,evening,thu,0,0.5927828913521874,0.5614636215707791,0.5350355469437197,1,1,0
D103067,26-35,45.59,2,1,afternoon,wed,0,0.2722529910752248,0.28340980250120196,0.8157847568062032,0,0,1
D103068,51-65,405.21,89,5,morning,sat,0,0.20676054087131226,0.5868898505193356,0.4426765323052394,1,1,0
D103069,26-35,395.03,51,0,evening,sun,1,0.7492661433286898,0.19624114282331107,0.3616882952699055,1,1,1
D103070,18-25,1439.86,60,2,morning,mon,0,0.12277822266336773,0.6051533526372934,0.5490644473203012,0,1,0
D103071,65+,58.87,72,1,afternoon,wed,0,0.5079156325208819,0.3248465769662955,0.2014695855743058,0,0,0
D103072,51-65,1041.76,57,1,evening,wed,1,0.6865297359198275,0.39138364211867277,0.6548512126079151,0,0,0
D103073,36-50,147.89,54,2,night,fri,0,0.5179507320617326,0.4468504498359385,0.72050778285775,1,0,1
D103074,51-65,163.64,71,3,evening,wed,0,0.32569581609521675,0.21229704172868977,0.65806499967321,1,0,1
D103075,51-65,81.47,26,1,morning,thu,0,0.7220149896878787,0.6967999937737406,0.11939089825860444,0,1,0
D103076,26-35,91.92,74,1,afternoon,sun,1,0.5734081387515948,0.30852206295660467,0.1733201796118996,1,0,0
D103077,36-50,351.84,65,1,evening,fri,0,0.9257450571896508,0.563479849549272,0.3902364418551028,1,0,0
D103078,36-50,89.92,16,3,afternoon,mon,1,0.7923791366380938,0.5274429714564168,0.7102662194551582,1,0,1
D103079,26-35,476.4,13,1,evening,thu,1,0.7967986423233446,0.7234042888531014,0.648789148562782,1,1,1
D103080,26-35,134.74,79,3,afternoon,sun,1,0.6335813423102459,0.4801294128095984,0.45402014131588275,1,1,0
D103081,18-25,82.13,80,1,evening,thu,0,0.4153851100365107,0.5919134409018177,0.4977510981523902,0,1,1
D103082,36-50,152.17,89,5,afternoon,sun,0,0.2485655329335744,0.3989568032097122,0.4984979871290771,0,0,0
D103083,51-65,331.3,9,0,night,sun,1,0.7717786155723799,0.5824489335735159,0.6825543798518274,1,0,0
D103084,51-65,190.64,80,0,afternoon,tue,1,0.8274918520292773,0.7496738415092625,0.7677957663351624,1,1,1
D103085,26-35,252.34,77,3,evening,wed,1,0.9438345890708102,0.8526429806345887,0.2847868913852231,0,1,1
D103086,26-35,457.87,69,1,morning,tue,1,0.7882893928148432,0.7458917862570473,0.6361976607364002,1,1,0
D103087,36-50,648.19,44,2,afternoon,tue,1,0.8425610596333762,0.7526425370906638,0.3171156952259278,1,0,0
D103088,36-50,185.1,45,1,afternoon,wed,0,0.8388132017154716,0.9170463989586755,0.5848718683005861,1,1,0
D103089,65+,95.6,38,3,morning,wed,0,0.3960525631091534,0.1011453836132708,0.7699267681651382,0,1,1
D103090,51-65,262.04,2,0,afternoon,wed,0,0.4637694918942964,0.834108369556944,0.5142179809783601,0,1,1
D103091,65+,373.75,45,3,morning,sat,0,0.21074928471146084,0.6465007760920453,0.7862935118508942,0,1,1
D103092,51-65,65.72,21,3,night,tue,0,0.7175347520667701,0.5724462505776303,0.8831959298170989,1,0,1
D103093,65+,109.78,18,2,evening,thu,0,0.9178363907739088,0.8637607440038471,0.4165469118440764,1,1,0
D103094,36-50,128.09,5,2,evening,sun,0,0.8600482647737787,0.9083698417835945,0.7271001026681676,1,1,1
D103095,18-25,202.95,41,1,afternoon,sat,0,0.43766338310353403,0.5724728087363159,0.6254438853156661,1,1,1
D103096,18-25,123.36,4,2,afternoon,tue,1,0.9435463289112427,0.816086573143914,0.42980016808828597,0,1,1
D103097,26-35,462.36,76,1,afternoon,tue,0,0.38679077003037377,0.6831527959304703,0.5502072715798672,0,0,0
D103098,26-35,57.71,80,5,morning,sun,0,0.14054432536086747,0.26319765068434026,0.2690996054226761,0,0,1
D103099,26-35,59.04,72,2,evening,fri,1,0.7603190807684432,0.9789495046033542,0.7811846903492183,1,1,1
D103100,65+,181.18,27,3,evening,sun,0,0.8507888696239384,0.5330629236352016,0.09006653770527079,1,0,0
D103101,26-35,208.91,14,2,morning,sun,0,0.36012326167826847,0.6662553967618767,0.7659553426334902,0,1,1
D103102,65+,66.08,45,0,morning,thu,0,0.2348481352126813,0.12474931047994527,0.39061798848283985,0,0,0
D103103,51-65,141.73,60,1,morning,thu,0,0.6444728441388583,0.4928688016661266,0.5667826062808451,1,1,1
D103104,36-50,170.56,1,6,afternoon,wed,0,0.8142047147525215,0.2469861252443082,0.25296113167337814,1,0,0
D103105,36-50,171.75,77,1,morning,fri,1,0.09146573459667043,0.7540818760457167,0.8633706257561079,0,1,1
D103106,26-35,280.53,39,0,afternoon,fri,0,0.8511928036907184,0.12402074501231179,0.3290684936653782,1,0,0
D103107,36-50,134.91,73,3,morning,fri,1,0.32423537526418844,0.8417447072476151,0.3914892339301121,0,0,1
D103108,26-35,925.24,7,2,morning,sun,0,0.6473711494215468,0.4763330852015757,0.6639384357002901,0,1,0
D103109,65+,379.7,38,0,evening,sat,0,0.14774607698948844,0.07445708683407856,0.8197430146362883,0,0,1
D103110,26-35,118.34,41,2,night,mon,1,0.22267552686426095,0.719341833103218,0.426280497322591,0,1,0
D103111,26-35,266.42,4,0,morning,wed,1,0.8905451036851206,0.8448402231708544,0.28835664607511496,1,1,0
D103112,36-50,273.59,63,2,afternoon,thu,0,0.86018697414034,0.4391431125158456,0.17423854763028077,0,1,0
D103113,36-50,730.15,83,3,afternoon,fri,1,0.5637489796968032,0.7845467611939552,0.7965247615062617,1,1,1
D103114,36-50,142.54,48,5,evening,sun,0,0.9437974360577961,0.49053815481609114,0.5308272641639303,1,0,0
D103115,36-50,488.14,35,1,afternoon,wed,1,0.5181456918022879,0.8203112113157859,0.6134616583020998,1,1,1
D103116,26-35,254.09,57,3,evening,sat,0,0.23717192492842035,0.4529507735828868,0.4772493214424948,0,0,1
D103117,36-50,936.74,32,0,afternoon,wed,0,0.5360599321771442,0.6290627429602791,0.08040467196697745,1,1,0
D103118,26-35,781.96,32,4,night,tue,0,0.22141786994859744,0.19796670965388474,0.272792079045344,0,1,0
D103119,26-35,292.15,68,1,morning,thu,1,0.7232289514961128,0.7527300304776374,0.3952695785978948,1,1,0
D103120,26-35,193.24,53,4,morning,tue,0,0.30169532881288397,0.3581764705453613,0.613941046729025,0,0,1
D103121,26-35,386.04,23,4,afternoon,wed,1,0.7900036028169506,0.9229344886748453,0.15792679750918354,0,1,0
D103122,26-35,208.01,36,1,afternoon,tue,0,0.7728494246432017,0.7007092110072914,0.666965677892503,1,1,1
D103123,36-50,1110.18,75,3,morning,mon,0,0.7674578955164857,0.47020875450414534,0.7996541519327237,1,1,1
D103124,26-35,262.6,47,1,evening,fri,0,0.5088201297332204,0.717749985052847,0.08159289165095636,1,1,1
D103125,26-35,169.85,6,3,evening,sat,1,0.8023380656710939,0.960768380342483,0.5253429668674279,1,1,0
D103126,36-50,161.8,77,4,night,mon,0,0.5477316094009387,0.08387135853069347,0.5509405103935731,0,0,1
D103127,18-25,82.13,66,1,night,fri,0,0.3517781795440902,0.5900844492800128,0.5687315182887828,1,1,1
D103128,36-50,403.79,24,3,afternoon,thu,0,0.5929119260290824,0.27983584460805033,0.06826480875597515,0,1,0
D103129,65+,116.98,86,6,evening,mon,1,0.10825650495984049,0.03973991185283217,0.7793044197159799,1,0,1
D103130,26-35,657.43,85,3,evening,fri,0,0.42579823549654966,0.21241393762237715,0.2538021944033104,1,1,0
D103131,51-65,76.43,89,7,afternoon,tue,0,0.5718735303790056,0.5286303916735782,0.39026719372598884,1,1,0
D103132,18-25,274.38,34,7,evening,sat,0,0.3054271582097933,0.5267909036382249,0.8011770045973192,0,0,0
D103133,18-25,688.97,83,1,night,fri,0,0.10496050171273812,0.43960393625248556,0.24350981266194155,0,1,1
D103134,36-50,35.27,72,3,evening,mon,0,0.21693787754238578,0.6502178189368396,0.5394612278015121,0,1,0
D103135,51-65,1504.84,78,5,evening,thu,0,0.35140073431113383,0.19984188338835424,0.373778205204462,1,0,0
D103136,51-65,166.87,49,1,afternoon,mon,1,0.7813616820052879,0.7336209966460288,0.7233409048511683,0,0,1
D103137,18-25,277.82,25,2,evening,sat,1,0.882712504349025,0.8313766703720082,0.6047441716757106,1,1,0
D103138,51-65,409.24,20,1,afternoon,wed,0,0.3129926113927703,0.6570853469388187,0.7738900858832174,1,0,1
D103139,26-35,470.37,86,0,evening,thu,0,0.41101246115246315,0.4257808831488742,0.17491946578989345,0,0,0
D103140,26-35,313.09,45,3,evening,fri,1,0.3388923884383495,0.8904827969961823,0.516726821886135,0,1,1
D103141,26-35,600.43,83,1,afternoon,sat,0,0.6727133164303517,0.17562512641912226,0.3697915138194437,0,0,1
D103142,65+,390.4,49,1,morning,thu,0,0.8333734851695813,0.31110344921335986,0.23839531529080144,1,0,1
D103143,18-25,1193.68,48,1,evening,mon,1,0.8794264973297291,0.8896079630743462,0.18103718404159266,1,1,0
D103144,51-65,391.54,6,2,afternoon,tue,0,0.8018500736631691,0.4883986856137544,0.7777183383693442,0,1,1
D103145,36-50,1433.93,36,4,afternoon,fri,0,0.5870993860233581,0.24938555412033345,0.2553492368002669,1,0,0
D103146,51-65,550.58,50,1,morning,mon,1,0.7825316037352879,0.932607847450256,0.9701638204227298,0,1,1
D103147,36-50,48.17,9,3,evening,wed,0,0.8563943575388138,0.8855988106329021,0.7232517063054374,1,1,1
D103148,51-65,2565.71,14,2,morning,wed,1,0.3429798017473494,0.4010307868452853,0.6725475822934901,1,0,1
D103149,26-35,145.92,53,1,afternoon,wed,0,0.768073385428798,0.38583765504942347,0.7589575296961514,1,0,0
D103150,18-25,940.1,22,1,evening,sun,0,0.8744483834758883,0.15622784433402861,0.5127198873314602,1,0,0
D103151,36-50,250.66,63,0,afternoon,sun,1,0.7782112310242685,0.7438488777390361,0.6124556127771049,1,1,0
D103152,26-35,635.86,41,2,evening,sun,1,0.6124946100746415,0.8884299242347119,0.1562277738314972,1,1,0
D103153,18-25,131.68,36,5,afternoon,sun,1,0.5567547234180987,0.7844134018935208,0.6113704858837077,1,1,1
D103154,26-35,429.74,10,3,morning,sun,0,0.47668641135999723,0.19736239526434274,0.7428765162028714,0,0,0
D103155,26-35,194.83,36,0,evening,tue,1,0.8377580026752321,0.8292079349488088,0.3565752924573133,1,1,0
D103156,18-25,1013.44,48,1,afternoon,wed,0,0.3152664190280526,0.47559882507711576,0.051413463101148624,0,0,0
D103157,18-25,363.14,51,4,night,mon,0,0.5400904315295967,0.5996080717532185,0.1223325480566673,0,1,0
D103158,65+,568.13,24,4,afternoon,sat,1,0.8076002181896694,0.8346527586308976,0.9538699158410727,1,1,1
D103159,26-35,34.89,2,2,evening,sun,0,0.9607927909760405,0.8570379264398982,0.43849340035638684,1,1,0
D103160,65+,226.55,84,0,afternoon,mon,0,0.564259693805746,0.43558025907475584,0.8990075479630425,0,0,1
D103161,65+,354.07,86,2,evening,tue,1,0.6917724039933738,0.3324825624860407,0.7283643599542077,0,0,1
D103162,18-25,299.24,81,4,morning,tue,1,0.49785609881212817,0.7376200965918019,0.269978365399021,0,1,1
D103163,36-50,581.17,26,1,evening,sun,0,0.6843605891351573,0.30692831716752494,0.8929265646274726,0,1,1
D103164,36-50,176.04,54,5,morning,sat,0,0.7582539183390832,0.5021065746813976,0.31924384070852097,1,0,1
D103165,36-50,255.68,12,3,evening,tue,1,0.41637236433427494,0.6542921126458181,0.5163234962148004,0,1,0
D103166,18-25,708.47,81,1,afternoon,mon,0,0.46916983890027797,0.3324702499419547,0.388922725596974,0,0,0
D103167,26-35,31.47,0,1,afternoon,wed,0,0.9649942843067837,0.8969072994513796,0.3536781574478573,1,1,0
D103168,18-25,415.89,42,2,evening,fri,0,0.8112930454526989,0.15099981048769084,0.5186680272371283,1,0,1
D103169,36-50,181.18,77,1,afternoon,mon,0,0.8733098866331078,0.3123655653470015,0.5437986222679745,1,0,1
D103170,65+,107.65,65,3,evening,thu,0,0.7676555220778531,0.4474273904786278,0.7514917978746057,1,0,1
D103171,36-50,331.26,77,5,evening,thu,1,0.4607159627493766,0.7712627668070763,0.33792310184496965,0,0,0
D103172,36-50,738.56,44,3,morning,sun,1,0.36761869982924583,0.6123401293721694,0.15325329908924182,0,1,0
D103173,65+,623.43,8,0,evening,tue,0,0.4892897852928442,0.28439016401130734,0.46240518458288854,0,1,1
D103174,36-50,216.67,0,0,afternoon,tue,0,0.5359555958136707,0.6726718955820172,0.30702585904853097,0,1,0
D103175,18-25,538.17,13,2,evening,thu,1,0.8420742775615504,0.8607740147390835,0.5304195394364757,1,1,0
D103176,51-65,534.46,5,1,morning,wed,0,0.9137427555645813,0.8642680546560382,0.35161917813719024,1,1,0
D103177,26-35,226.19,40,2,afternoon,sun,1,0.762741833758492,0.867136585263548,0.16392722936797116,1,1,0
D103178,18-25,131.14,4,2,evening,sat,0,0.768617359499224,0.8882985337615331,0.1384971854163535,0,1,1
D103179,36-50,138.14,16,0,night,tue,1,0.8150265810613575,0.7325940897688045,0.7218396112094146,1,1,1
D103180,65+,520.12,37,3,night,wed,0,0.5152543067714784,0.10264981955609094,0.8038345214830597,1,0,1
D103181,26-35,235.58,66,1,evening,fri,1,0.1958032065708831,0.35278042229552,0.3422389147355098,0,0,1
D103182,36-50,95.43,60,4,morning,sun,1,0.7089706342690859,0.4101355678949662,0.4356885019387407,1,1,1
D103183,26-35,53.71,5,3,afternoon,tue,0,0.5794942496209261,0.8542957558597896,0.5745901794193174,0,1,1
D103184,18-25,517.31,81,4,morning,wed,1,0.3751557998161248,0.4798864387224555,0.4207758652023764,0,1,1
D103185,18-25,149.59,49,2,evening,fri,0,0.5908273021721492,0.8032246611211292,0.6367802428270353,0,0,0
D103186,36-50,329.43,31,2,morning,sun,0,0.4015301161578616,0.2713339059823564,0.40816076016018,0,0,0
D103187,51-65,746.75,34,2,night,wed,1,0.253647763529443,0.31632183517816825,0.43271896441857327,1,0,1
D103188,18-25,75.34,76,2,morning,thu,0,0.2503856451096345,0.8799726236249632,0.5954493196262681,1,1,1
D103189,26-35,234.95,41,2,morning,fri,0,0.21920686557930422,0.8039288284943561,0.2982078555468244,0,1,1
D103190,26-35,209.85,22,1,evening,wed,0,0.3984659171814827,0.6502884394276618,0.2160183227901267,1,1,1
D103191,18-25,344.39,38,4,morning,sat,0,0.14467162697189132,0.3510945769841998,0.5466383558191821,1,0,1
D103192,36-50,746.39,6,0,morning,thu,0,0.3119962324963466,0.8120564532474969,0.8110191175074274,0,0,1
D103193,36-50,73.96,13,0,afternoon,sun,0,0.8487987345603073,0.8038677701910637,0.5475796161431038,1,1,1
D103194,36-50,408.63,28,2,night,fri,0,0.2806505517803868,0.6615699002125622,0.22172285709319253,0,0,1
D103195,26-35,619.16,19,5,afternoon,sun,0,0.08378887838251857,0.4796394116494534,0.7419040960448069,0,0,1
D103196,36-50,206.91,31,2,afternoon,sun,0,0.5376893623933277,0.22650883523933057,0.5587425284210651,1,0,1
D103197,18-25,216.22,5,5,afternoon,tue,1,0.3230332119057518,0.8029187224761787,0.5152375194985965,0,0,0
D103198,26-35,356.6,54,4,evening,sun,1,0.8680913355185459,0.882685787734479,0.34897080094836636,1,1,0
D103199,65+,333.73,10,4,afternoon,mon,0,0.6261678475893687,0.1833307917409278,0.8751792390820003,1,0,1
D103200,51-65,413.28,19,4,evening,tue,0,0.2494070270317705,0.4616163398155502,0.2538145532632785,0,0,0
D103201,65+,405.51,88,1,afternoon,mon,0,0.6425355626944512,0.6623786951561624,0.3024477883598405,0,1,0
D103202,65+,101.11,0,2,night,mon,0,0.5920808054531242,0.35517573193665875,0.9532471194162178,0,1,1
D103203,36-50,596.6,25,2,evening,sat,0,0.5387813708387172,0.4365696074997059,0.2299008678798668,0,0,0
D103204,65+,699.32,45,1,evening,mon,0,0.8758837945778887,0.09706542808204724,0.8357758394284481,1,0,1
D103205,26-35,289.3,27,7,afternoon,tue,1,0.32589669934496973,0.8051937754232862,0.7969182177794597,0,0,1
D103206,18-25,63.77,28,1,afternoon,wed,1,0.8874095345131496,0.6931752188786441,0.5330451532863867,0,1,0
D103207,18-25,220.68,11,3,afternoon,sat,0,0.3748895301679947,0.28681896506903387,0.1669384556929401,0,0,1
D103208,18-25,291.48,38,0,afternoon,sat,0,0.4997325020711968,0.4267211275587187,0.5083694130307507,0,1,1
D103209,18-25,87.34,67,7,morning,sun,1,0.19167152843343344,0.627602858404015,0.7479856832096641,0,0,0
D103210,26-35,176.95,52,3,morning,mon,1,0.46991413374535634,0.2956022069136902,0.5749605692427938,1,0,0
D103211,36-50,68.83,83,0,afternoon,tue,0,0.561837185715722,0.16397362169796154,0.2500417172765274,0,0,0
D103212,51-65,422.66,62,4,morning,wed,0,0.10025058205275703,0.4628125093420827,0.5819511999727716,0,0,1
D103213,36-50,284.11,71,2,afternoon,tue,0,0.6846702361512405,0.41326767750797927,0.1331634377611197,1,1,1
D103214,18-25,55.63,38,3,afternoon,mon,1,0.6677090816614301,0.5779015418965568,0.2188214209037492,1,1,0
D103215,51-65,335.73,55,4,evening,thu,1,0.2869850915870052,0.39294187972546524,0.5591096225426574,0,0,0
D103216,26-35,232.56,52,1,afternoon,thu,0,0.7646732766447945,0.923011240423296,0.3860265413240391,1,1,0
D103217,18-25,389.46,73,2,evening,thu,0,0.7837932628752804,0.8575172052548288,0.09834858172686309,1,1,0
D103218,26-35,172.02,45,2,morning,mon,0,0.40305218604091736,0.6068297621218156,0.44060549321759696,0,1,0
D103219,26-35,118.95,36,2,night,wed,0,0.28014574323972935,0.8044168175349711,0.5406014369229438,0,1,1
D103220,26-35,122.27,6,0,afternoon,thu,1,0.9450144543778853,0.8683547355543187,0.492040332853927,1,1,1
D103221,51-65,150.75,77,3,afternoon,tue,0,0.6594671182914549,0.06747915351854777,0.08723102341836989,1,0,1
D103222,51-65,248.87,39,3,evening,sat,1,0.6676966507100163,0.10391614234247994,0.6797301518463021,1,0,1
D103223,36-50,279.54,71,2,afternoon,sun,1,0.8240331375068841,0.2652432407591905,0.8954137215155097,0,1,1
D103224,18-25,206.1,61,1,afternoon,sun,1,0.6319251189568903,0.3096459384609577,0.5606433239787614,1,0,0
D103225,51-65,167.17,0,2,afternoon,fri,0,0.9336517058941426,0.6456248836592433,0.5907702414074001,1,1,1
D103226,36-50,178.35,58,3,night,fri,0,0.4519416416334991,0.2749388376588344,0.342402001642505,1,0,0
D103227,26-35,2337.77,43,2,evening,tue,0,0.30614719582768424,0.5122266751581984,0.3970012569310085,0,0,0
D103228,36-50,122.28,21,2,afternoon,wed,0,0.9018577236391012,0.7040533378775709,0.5274263392593803,1,0,0
D103229,36-50,148.09,23,1,evening,mon,0,0.18381537998122163,0.774701967539061,0.6610216289547064,1,1,1
D103230,26-35,4743.21,57,0,morning,thu,0,0.10370845025366782,0.06693074548340834,0.056716814739115586,1,0,0
D103231,18-25,357.42,7,3,afternoon,sat,1,0.451493096667392,0.863631553892995,0.4942844965313391,0,1,0
D103232,36-50,70.67,54,3,afternoon,fri,1,0.8396363735003736,0.34922350991275725,0.4319945930232719,1,1,0
D103233,18-25,522.39,76,1,afternoon,mon,1,0.8706375166154544,0.8372473186559933,0.5036654580066521,1,1,1
D103234,26-35,107.87,7,3,night,thu,1,0.5589838691875906,0.9308567218156635,0.12231003619171699,1,1,0
D103235,18-25,554.55,0,1,evening,sun,1,0.5311264349574715,0.9078535332018851,0.3651459372858746,1,1,0
D103236,65+,202.38,5,5,night,mon,0,0.4221993209766425,0.2969023582135693,0.7996842337165149,1,1,1
D103237,26-35,164.71,65,3,evening,thu,0,0.20144834105593742,0.7129900364081924,0.5331305684284102,0,1,1
D103238,26-35,1041.32,76,4,afternoon,tue,1,0.8864080406419497,0.17041906187181527,0.38851686531331436,1,0,0
D103239,26-35,407.39,88,3,evening,sun,1,0.49918818314222446,0.1442755906803443,0.0650766330694732,0,0,0
D103240,51-65,587.39,2,2,morning,thu,1,0.9481389700448976,0.742141813631878,0.8108470230943223,1,1,1
D103241,36-50,361.92,43,1,evening,sat,0,0.5527815296759572,0.7909830042360094,0.8181395003673929,1,0,1
D103242,65+,164.02,4,1,morning,thu,1,0.8033723360637691,0.28328914704022423,0.6120587787477172,1,1,1
D103243,26-35,424.21,33,0,evening,sun,0,0.8164673529385011,0.644093254570941,0.27870330990925113,1,0,0
D103244,18-25,726.54,27,1,evening,wed,0,0.2241771333845154,0.7910585808561319,0.5301949642678147,0,1,1
D103245,36-50,276.24,54,1,morning,sat,0,0.5580823757169507,0.2832835576365966,0.6629722198641176,0,1,1
D103246,26-35,1238.28,81,0,morning,thu,0,0.5863301079689858,0.36491380831103587,0.5896480507843949,1,1,0
D103247,51-65,526.07,72,0,afternoon,fri,0,0.5274002944567456,0.5433277051711001,0.7630778218799729,1,1,1
D103248,51-65,296.13,5,2,afternoon,fri,1,0.7076049487634595,0.6899699410487563,0.2919392031734373,0,0,1
D103249,36-50,306.84,21,4,evening,tue,0,0.87147092246593,0.561344941904036,0.31688394110365115,1,0,1
D103250,65+,276.86,24,4,morning,sun,1,0.8781834014203996,0.18428715808319127,0.865772860307574,1,0,1
D103251,36-50,79.35,22,4,afternoon,sat,0,0.9035771686788856,0.47696289178760787,0.43191102101449047,1,1,0
D103252,26-35,225.64,31,0,afternoon,wed,0,0.5124165307208814,0.6173634864338327,0.49650379109317855,0,1,1
D103253,36-50,298.59,54,4,morning,fri,0,0.3873080390151696,0.3338478718333876,0.38023629823620664,0,0,0
D103254,18-25,168.26,66,1,afternoon,fri,0,0.3669374031301459,0.5117544302866822,0.22285984836492406,0,1,0
D103255,51-65,331.59,84,4,evening,thu,0,0.680022030089749,0.280399759565891,0.4124200121176214,1,0,1
D103256,18-25,249.43,63,4,evening,fri,0,0.15681761881372044,0.35743584370745085,0.10701839693316874,0,0,0
D103257,26-35,490.94,26,0,night,thu,0,0.21579585583398342,0.6598558361872341,0.2327758920076018,0,0,0
D103258,36-50,444.43,16,5,afternoon,sat,0,0.34283135415561444,0.33896081433931197,0.4128973171353879,0,0,0
D103259,18-25,284.42,33,3,afternoon,tue,0,0.24831434996772228,0.4354364238180261,0.31180700388304533,1,0,1
D103260,18-25,71.49,71,0,morning,mon,0,0.7337230800038698,0.19130642521430052,0.4755940607322638,1,0,0
D103261,36-50,1226.17,89,1,afternoon,wed,0,0.6108613444055013,0.5512820746179696,0.2831699049743951,0,1,0
D103262,18-25,215.36,35,5,morning,sat,0,0.2347939291104517,0.7536024553187612,0.7423113130673631,0,1,1
D103263,36-50,227.51,15,3,morning,mon,0,0.6299121257234387,0.35082754395562377,0.7698715880890621,1,0,1
D103264,26-35,179.78,0,1,evening,sun,1,0.1901919711136474,0.9024257857726423,0.4055259411187086,0,1,1
D103265,26-35,157.66,6,5,morning,wed,0,0.4555721251176738,0.3966872536731684,0.4396149335982618,0,0,0
D103266,26-35,982.06,57,0,evening,tue,1,0.8661701075153798,0.6086406198284396,0.7547465422214854,0,1,1
D103267,51-65,851.88,53,2,evening,thu,1,0.5049021397613495,0.3331754160665206,0.44170396334114587,1,0,0
D103268,65+,365.02,57,1,evening,sat,0,0.25733043551382767,0.21836420346827612,0.4463072691550226,1,0,0
D103269,18-25,222.13,2,5,afternoon,sun,1,0.8547299788988159,0.8713914543966083,0.7787825461670733,1,1,1
D103270,65+,427.18,39,1,evening,fri,1,0.4465049222255696,0.38094210556190544,0.872269991034741,0,0,1
D103271,36-50,261.5,16,1,afternoon,thu,1,0.963488730009096,0.6451030312574572,0.8292300124051263,1,1,0
D103272,36-50,206.19,30,5,morning,sat,1,0.9777031260009961,0.7263914395920638,0.6417591486116451,1,1,1
D103273,36-50,331.72,55,4,afternoon,sun,0,0.4676716451158489,0.3794841485244482,0.34358751627848527,1,0,1
D103274,36-50,164.51,24,2,morning,sat,0,0.8769283133750565,0.3534174475593614,0.16696331197623449,1,1,0
D103275,51-65,307.06,59,3,afternoon,sun,0,0.13830738864864314,0.37070534918532017,0.5516840312312864,0,0,1
D103276,36-50,294.06,26,3,evening,sat,1,0.29921094317288094,0.8195341661831469,0.836400060828376,1,1,0
D103277,36-50,421.0,45,3,evening,mon,0,0.40537755014372556,0.7413263117035629,0.7390364909637892,0,0,1
D103278,26-35,140.16,41,6,afternoon,mon,0,0.7061745842244096,0.22934223880855412,0.6328884426034981,1,0,1
D103279,18-25,463.65,34,1,morning,fri,1,0.6058293228918983,0.4835461960726139,0.6585560915231292,0,0,1
D103280,36-50,108.24,11,4,morning,sun,0,0.5737226221496207,0.7545931438904468,0.9087082679809224,0,1,1
D103281,18-25,146.16,51,1,night,wed,0,0.126282350053159,0.5779233785522037,0.08716408521659429,0,1,0
D103282,26-35,152.01,89,3,afternoon,sun,0,0.3802202596840524,0.06399368303543482,0.38554170451863573,0,0,0
D103283,18-25,93.24,57,2,afternoon,sat,0,0.27538606814779504,0.4085107012782403,0.14422833477488894,0,1,0
D103284,26-35,610.39,67,0,morning,mon,0,0.26998817967251215,0.45080793874436653,0.7445643589214843,0,1,1
D103285,36-50,102.29,72,3,evening,thu,0,0.35396726686870555,0.3526753474970371,0.27670432117861976,0,1,0
D103286,36-50,130.45,3,3,afternoon,tue,1,0.8524182813739829,0.8613270518386301,0.8210622104406159,1,0,0
D103287,26-35,757.38,71,4,morning,mon,0,0.18737531418105036,0.2222586109564512,0.21147562447759788,0,0,0
D103288,18-25,146.42,21,2,afternoon,fri,0,0.5701445143556179,0.8908298488605556,0.45932664953712954,0,0,0
D103289,26-35,206.58,59,2,evening,tue,1,0.25519842419952493,0.7770034966708893,0.44651380974597293,0,1,0
D103290,26-35,98.41,88,1,afternoon,thu,0,0.6847831099552404,0.2330469758004567,0.3425394683495192,0,0,0
D103291,36-50,517.83,80,2,night,fri,0,0.43134176884553405,0.26224278181976485,0.4976232755031424,1,1,1
D103292,36-50,524.3,37,4,evening,thu,0,0.5236038379633396,0.5932518775839508,0.6584745937252968,1,0,1
D103293,36-50,475.83,75,3,afternoon,mon,1,0.6763969195296398,0.5084492244434929,0.4836043219108272,1,1,0
D103294,36-50,396.94,55,2,night,mon,0,0.6960489193964844,0.5199353251524966,0.6746037838016258,1,1,1
D103295,65+,261.45,11,0,evening,wed,1,0.48982812404307524,0.45315993380087916,0.9229392618188934,1,1,1
D103296,51-65,152.64,21,3,afternoon,mon,1,0.7899839640518183,0.7460662722475166,0.5698184723942556,1,1,0
D103297,36-50,117.51,86,2,evening,sun,1,0.3333108372950578,0.3727886988632636,0.8999500812550325,0,1,1
D103298,36-50,781.27,82,0,afternoon,tue,0,0.5566032815592957,0.9138009952591362,0.5921497563796352,1,1,1
D103299,18-25,487.03,80,1,afternoon,mon,1,0.4460062013932348,0.3487148576447212,0.29414190874709667,1,1,0
D103300,65+,131.11,34,5,afternoon,mon,0,0.5380103314581407,0.8999985999004868,0.7865784313965424,0,1,1
D103301,26-35,253.62,28,4,evening,fri,0,0.7856488121078163,0.38274563068133227,0.6428198781547481,1,1,0
D103302,26-35,186.77,72,4,night,fri,0,0.5379292904888615,0.7805920284209229,0.5042247364257064,0,1,1
D103303,65+,88.64,1,3,afternoon,fri,0,0.8800270700535011,0.6766521435582704,0.741560700131951,1,0,0
D103304,36-50,287.12,80,3,evening,wed,1,0.583334442142785,0.27973168961555805,0.02354358741248145,0,0,0
D103305,18-25,168.35,54,2,evening,wed,0,0.6960845182902319,0.7973911513222262,0.13811302544132437,1,1,0
D103306,18-25,103.83,56,2,evening,fri,0,0.656640072575214,0.5433164696970306,0.496885583929699,0,0,1
D103307,18-25,64.64,39,5,afternoon,mon,0,0.3498246641003469,0.7123345402884032,0.13471331774068374,0,1,0
D103308,36-50,59.89,88,1,morning,wed,0,0.6420150680657547,0.4688930563761833,0.5616323894431529,1,0,1
D103309,18-25,175.16,67,2,morning,mon,1,0.5199051530433907,0.6488197329916269,0.6625869234981825,1,0,1
D103310,65+,226.65,4,1,morning,wed,0,0.9130240618356151,0.3589863688748477,0.6768908926845337,0,0,1
D103311,65+,111.3,47,7,morning,sun,1,0.7001024359008523,0.3741514543974829,0.286287119239356,0,1,0
D103312,36-50,439.51,77,3,afternoon,sat,0,0.3663154742138174,0.14688989089385707,0.22190467356935814,0,0,0
D103313,36-50,230.67,6,4,morning,fri,1,0.6791057565328878,0.4549663898224334,0.7518271345750461,1,0,1
D103314,26-35,411.25,66,0,evening,fri,1,0.8757322042725647,0.881259954853559,0.7819541265678998,1,1,1
D103315,18-25,207.55,22,1,afternoon,wed,0,0.8623315509590436,0.8319889163762673,0.05212224356636421,1,1,0
D103316,51-65,120.49,45,0,afternoon,fri,1,0.8575249495690282,0.2827627984938607,0.6993998778976811,1,0,1
D103317,18-25,271.16,79,6,evening,sat,0,0.41861438209993695,0.2012434284507182,0.06693541292860407,1,0,0
D103318,18-25,78.54,44,2,afternoon,thu,0,0.8264737008750396,0.1807903304708611,0.3549515334600012,1,0,0
D103319,26-35,397.62,3,3,evening,mon,0,0.6041384248702588,0.8682484288484187,0.34670967857167656,0,1,1
D103320,18-25,105.27,1,1,evening,fri,0,0.6986036484939417,0.9008635566429087,0.889027245202315,1,1,1
D103321,26-35,559.15,66,5,afternoon,mon,1,0.6328422927495215,0.3007229670036818,0.29104921770629316,1,0,0
D103322,36-50,180.44,83,1,afternoon,wed,1,0.629122805110731,0.7223403290528642,0.7885171463316364,0,1,1
D103323,51-65,636.69,26,0,afternoon,tue,0,0.9281652831317845,0.8963644564464331,0.7879293707320896,1,1,1
D103324,36-50,89.09,84,2,afternoon,mon,1,0.6115760060566038,0.1796907606509317,0.48329358656803656,0,1,1
D103325,51-65,132.95,40,1,evening,sat,0,0.6834303070880587,0.28122838938618516,0.5888402608466609,1,0,0
D103326,26-35,344.76,5,1,afternoon,fri,0,0.9485636630216676,0.34065674222607356,0.406452722470726,1,0,0
D103327,51-65,701.66,47,0,afternoon,wed,1,0.2470707037640786,0.7762793137473215,0.447278953262137,0,1,0
D103328,36-50,1096.58,87,2,afternoon,wed,0,0.44682205448387213,0.27775438126508695,0.17910398669476688,1,0,0
D103329,26-35,253.97,22,1,morning,fri,1,0.5974051854345079,0.7187068020621551,0.4102459273159601,1,0,1
D103330,65+,1279.18,86,2,morning,thu,0,0.2695615321591203,0.19667641966733115,0.2705199388840465,0,0,0
D103331,26-35,188.54,58,4,afternoon,tue,0,0.21544773398466088,0.40444034940923534,0.2325380530049661,0,0,0
D103332,18-25,657.79,35,2,morning,thu,0,0.31263211338559993,0.547049874030237,0.26729790994145897,0,0,0
D103333,26-35,104.8,62,2,evening,sat,0,0.5523286324578586,0.6229243245233972,0.40032572818137546,1,1,0
D103334,26-35,357.16,36,2,night,thu,0,0.4946921038219948,0.43273696568708586,0.5047555681992641,1,0,1
D103335,26-35,29.74,7,2,evening,sat,0,0.8529755846673605,0.5870501181234007,0.36138697467106146,1,1,0
D103336,36-50,89.17,78,4,afternoon,thu,0,0.08876204320405455,0.34801494460507126,0.22409677163367486,0,0,0
D103337,51-65,372.42,33,1,afternoon,wed,1,0.7458709199313878,0.6277358930966308,0.7640589201415287,0,0,1
D103338,26-35,75.1,50,2,evening,sat,0,0.5326443907170264,0.7337560084389169,0.5844581012366589,1,0,1
D103339,36-50,359.33,66,2,evening,tue,0,0.6003834978538994,0.6038396496375327,0.290325772174672,1,1,0
D103340,26-35,553.25,7,4,night,fri,0,0.4005521341414524,0.22953307818788612,0.17464142760727772,0,0,0
D103341,51-65,155.84,64,3,afternoon,fri,0,0.35990979813719615,0.7351768605643662,0.39740561227181564,0,1,1
D103342,26-35,102.3,32,2,afternoon,tue,0,0.25355518197469634,0.6964359501268466,0.34154286000371237,0,0,0
D103343,18-25,159.69,49,1,afternoon,tue,0,0.5943814722272478,0.6170565834820232,0.6357732521665942,1,1,1
D103344,36-50,102.59,41,1,night,mon,0,0.31535136617825416,0.28345982041637663,0.6615391422799639,0,0,0
D103345,36-50,223.39,69,4,evening,tue,1,0.7759420189670652,0.9089162042726773,0.5230369029434075,1,1,1
D103346,51-65,268.24,16,2,evening,mon,0,0.47570973023953406,0.9366786930953083,0.9125281882332754,0,1,1
D103347,36-50,185.79,9,6,evening,fri,0,0.8024178796868898,0.8977994662068295,0.4328785684344437,1,1,0
D103348,51-65,1104.25,36,4,night,mon,1,0.36695344807335495,0.41849905257355974,0.8847186298863283,1,1,1
D103349,26-35,128.06,10,6,afternoon,thu,0,0.5733516501657071,0.7281674157849278,0.6967260964734641,0,1,1
D103350,18-25,856.02,21,0,night,mon,0,0.2748673862127239,0.9144487029119759,0.6454506134927052,0,1,1
D103351,18-25,95.86,59,3,evening,sat,0,0.3184154611947345,0.518508741608136,0.389744052889079,0,0,1
D103352,18-25,261.26,73,2,evening,fri,0,0.3865237158087919,0.739379092589719,0.3243515137074628,1,1,1
D103353,26-35,709.67,62,3,night,wed,1,0.6973275744273499,0.6412169475548397,0.45466213380713927,1,0,0
D103354,36-50,677.37,28,2,afternoon,sat,0,0.1873385702692614,0.8689865585371344,0.6578734692216635,0,1,1
D103355,26-35,167.63,73,4,evening,tue,1,0.4490361247723531,0.8978507546026067,0.25461178037098225,1,0,0
D103356,36-50,403.25,36,0,evening,fri,0,0.8961707295590695,0.5375453327626021,0.3827075276406218,1,0,0
D103357,36-50,357.47,16,3,evening,fri,1,0.9026116048062646,0.919291478010675,0.894057841637191,1,1,1
D103358,36-50,150.51,68,2,evening,thu,0,0.8922929797337247,0.4636608189318306,0.5913463737803504,1,0,1
D103359,36-50,425.96,46,6,evening,fri,1,0.6261624089027834,0.37243283757125933,0.7535498194515825,0,1,0
D103360,26-35,1307.98,33,3,afternoon,sun,0,0.09556497247861968,0.3783761977731679,0.10617548347381248,0,0,1
D103361,26-35,374.1,59,1,evening,wed,0,0.2986736563845421,0.6490574505615941,0.25384608418520965,0,1,0
D103362,36-50,407.37,65,2,evening,tue,0,0.5294250150448163,0.25058069091378177,0.49999874673221323,1,1,1
D103363,36-50,448.07,20,6,evening,thu,1,0.8385692298269308,0.4493982326117196,0.5291176539935032,0,0,1
D103364,26-35,65.7,10,5,afternoon,thu,0,0.5460942923160124,0.2992430045126646,0.14050133279734986,1,0,0
D103365,26-35,370.26,46,4,evening,mon,0,0.43272165422351955,0.3543925547001354,0.5458267948513877,0,0,1
D103366,36-50,97.99,4,4,evening,sun,1,0.8474090557336958,0.7165918553839522,0.8263877844978481,0,1,1
D103367,36-50,143.9,57,3,afternoon,thu,1,0.739814326701175,0.8182930399413856,0.47263019283117524,1,1,0
D103368,18-25,1712.57,39,2,evening,sun,1,0.20567643745999226,0.8000647732155972,0.5719841352843089,1,1,1
D103369,26-35,194.82,19,4,evening,sun,0,0.2994658320247234,0.7156761725810755,0.8489137867698163,0,1,0
D103370,51-65,125.69,53,4,evening,mon,0,0.8141320822757365,0.1054029847126098,0.8530444814735181,1,0,0
D103371,18-25,690.44,33,2,afternoon,mon,1,0.7964158965302264,0.554907541646009,0.36162774081325777,1,0,1
D103372,51-65,104.28,34,2,afternoon,tue,0,0.4103983013177216,0.4314945785682128,0.27314727383686793,1,0,0
D103373,26-35,163.58,19,2,evening,thu,1,0.700830687002691,0.9222906241904913,0.5796424509286832,0,1,1
D103374,36-50,753.06,60,3,night,wed,0,0.5126560774252487,0.2175520399621389,0.8994605198346552,1,0,1
D103375,26-35,254.29,81,2,afternoon,mon,1,0.3257015871663353,0.3289655912265289,0.7842595210164036,0,0,1
D103376,18-25,60.01,55,1,night,thu,0,0.48063180783464393,0.9020005318103245,0.34458699911206253,0,1,0
D103377,65+,399.25,21,3,afternoon,wed,0,0.49556882379409684,0.20408478967332858,0.9167041493875315,0,1,1
D103378,36-50,171.26,75,2,morning,sat,1,0.32375324954325135,0.21712452277471403,0.8111580067660988,0,1,0
D103379,65+,978.35,10,1,evening,sat,1,0.9258196771475806,0.5053092184178504,0.2785085057191036,1,1,0
D103380,26-35,141.8,26,4,morning,sat,1,0.5385326242568327,0.6858210248132062,0.7627866356282909,0,1,1
D103381,51-65,630.24,3,1,morning,thu,0,0.7789068249531871,0.3919357169566071,0.5986021175448079,1,0,0
D103382,65+,1209.7,76,1,night,fri,0,0.07637648289231753,0.17168946144622238,0.3659589981089661,0,1,1
D103383,36-50,113.77,4,2,afternoon,mon,1,0.9673155421630049,0.51566366292202,0.6336784188213294,1,0,0
D103384,26-35,205.64,49,2,afternoon,sat,0,0.9058027272410155,0.4273089244750997,0.4772142050496945,1,0,1
D103385,36-50,347.15,17,1,afternoon,thu,0,0.34014650561104603,0.5934574835356082,0.2690979687430399,0,1,0
D103386,36-50,113.11,19,1,evening,mon,0,0.7481833656646075,0.15440349731971018,0.445650373218921,1,0,0
D103387,65+,312.08,54,3,evening,mon,0,0.8403242247840124,0.5477615381932555,0.5500758248917124,1,1,1
D103388,26-35,199.85,72,3,afternoon,wed,0,0.3794416043927344,0.20568218294704,0.5518289238925761,1,0,0
D103389,26-35,196.26,1,3,afternoon,wed,0,0.7605816844276116,0.4857844472468006,0.32614305196084115,1,1,1
D103390,18-25,255.71,14,4,afternoon,tue,1,0.20577423922758414,0.9240171437797021,0.1128956982310707,0,1,0
D103391,36-50,260.9,25,4,evening,sat,1,0.5177441137159141,0.7262127434466054,0.44098012781951657,1,0,0
D103392,65+,283.58,84,1,night,thu,0,0.44731796306302446,0.24617096470424232,0.39112877215207664,1,0,1
D103393,18-25,142.74,5,2,afternoon,tue,0,0.4495229922485723,0.3490130979935175,0.12061199255006588,1,0,0
D103394,51-65,148.46,16,3,evening,fri,0,0.6239311513545992,0.35221464243049483,0.8246943118507447,1,1,1
D103395,65+,219.92,36,0,night,thu,1,0.2557977283047164,0.4325852760016487,0.9015630494425476,0,0,1
D103396,18-25,235.03,29,3,afternoon,sat,1,0.7259615854457382,0.7166059396738389,0.21851076681517892,1,1,0
D103397,18-25,164.85,4,1,morning,thu,0,0.2681276775328805,0.9296644169435176,0.12809778612857958,1,1,0
D103398,36-50,327.52,48,1,evening,sat,1,0.9401767450862385,0.9272651494550285,0.5343370367682991,1,1,0
D103399,36-50,47.79,54,1,night,sat,0,0.31860440648622934,0.5915320581269425,0.17005614849666453,1,1,0
D103400,18-25,126.8,15,2,morning,mon,1,0.8381455179604381,0.7370628430079382,0.4124323188649073,1,1,0
D103401,51-65,190.2,61,5,morning,mon,1,0.7761788256180079,0.7496225819572176,0.6453965002078113,1,1,0
D103402,36-50,113.24,5,3,evening,sat,1,0.5755425229355394,0.5254341785317475,0.6760500435365825,1,0,0
D103403,51-65,1060.27,65,2,evening,thu,0,0.30090021871011857,0.023298370174582105,0.5616946805409905,0,0,0
D103404,51-65,248.88,23,1,morning,tue,0,0.5775866288847471,0.21290249092449284,0.36042249253821534,1,0,0
D103405,51-65,286.89,20,6,afternoon,mon,0,0.45500188609186254,0.047680017662565494,0.5471258289446246,0,0,1
D103406,36-50,158.4,17,0,afternoon,sun,0,0.4027391008499647,0.4843325419480798,0.7960966960857021,0,1,0
D103407,26-35,241.24,78,2,night,mon,0,0.5002020733449568,0.4448609764965574,0.051742134564988905,0,0,0
D103408,36-50,81.96,45,3,evening,thu,0,0.5061105582405048,0.15504610836768315,0.5283584333460796,1,0,1
D103409,18-25,210.01,62,1,afternoon,tue,0,0.46268818539577167,0.43257423784198845,0.11298060856737677,1,0,0
D103410,36-50,105.29,18,3,evening,wed,0,0.8935457125706056,0.22899214737265386,0.8017415080258707,1,0,1
D103411,18-25,190.63,5,1,afternoon,sat,0,0.7143989534359142,0.7195548688862787,0.5883247553495439,1,1,1
D103412,36-50,24.44,3,1,night,thu,1,0.6376354811343022,0.5254703342855899,0.8076935474698415,1,1,1
D103413,18-25,88.66,39,1,afternoon,mon,0,0.8091477400386161,0.8911172112267071,0.1699929587478191,1,1,0
D103414,26-35,913.73,29,3,morning,mon,1,0.7228763422048093,0.7234983281331305,0.5310378404845115,1,1,1
D103415,26-35,516.65,69,2,afternoon,sun,1,0.3517501287436865,0.8960602640390469,0.5531920115858436,1,1,0
D103416,36-50,802.02,70,1,morning,tue,0,0.3612005748647486,0.28048717339710943,0.04576033923691228,0,0,0
D103417,51-65,853.16,27,2,evening,wed,0,0.8070270128715136,0.8855537189613994,0.5574618895138875,0,1,0
D103418,18-25,448.4,39,0,afternoon,sat,1,0.7742461181651451,0.7628901843935804,0.6161662696114939,0,1,1
D103419,51-65,162.78,34,2,afternoon,sat,0,0.24021301521665395,0.2852936642225078,0.20841062654972461,0,1,0
D103420,51-65,96.2,60,1,evening,tue,0,0.42213476865816435,0.9187984137373962,0.6948793767748626,1,1,0
D103421,26-35,686.82,56,4,afternoon,tue,1,0.709657029894085,0.1816388034479683,0.4631681805177202,1,0,1
D103422,36-50,259.33,58,4,afternoon,thu,1,0.3733121886306488,0.39728979092558175,0.840044950949357,1,0,1
D103423,26-35,2309.12,4,1,morning,wed,0,0.48212427903929433,0.1481478851499548,0.21453681531783225,1,0,0
D103424,26-35,176.16,30,3,night,fri,0,0.872661280512523,0.17302000504372056,0.44033013900834095,1,0,0
D103425,36-50,1444.63,87,0,evening,sat,1,0.5692507137295229,0.056575530843248754,0.5592187270921406,1,0,1
D103426,18-25,212.49,30,0,evening,tue,0,0.3769877601299512,0.8632311383241289,0.023945350675509038,1,1,0
D103427,51-65,814.39,15,4,evening,wed,1,0.7122900220586971,0.21126827059700695,0.5420511163895407,0,0,1
D103428,65+,1126.67,17,2,afternoon,sat,0,0.6859028236263368,0.21563811592466522,0.6561853123686296,1,0,1
D103429,51-65,97.45,2,2,morning,thu,0,0.7543384528269317,0.7795799744018886,0.09771506627812354,1,1,0
D103430,36-50,158.14,70,0,evening,thu,0,0.8035737744001233,0.6320201167829499,0.6183046327175014,0,1,0
D103431,36-50,96.57,0,2,morning,sat,1,0.6233081003930202,0.7876491060370447,0.6391326457601663,1,0,1
D103432,65+,80.89,53,3,night,fri,0,0.24239517296410437,0.5927302744256575,0.6874419099498733,0,1,0
D103433,26-35,446.02,35,1,afternoon,fri,1,0.8732503117213015,0.9494842197549174,0.6845353924011124,1,1,1
D103434,18-25,205.01,8,2,afternoon,thu,1,0.5201899762676867,0.5778549872098232,0.36777403451355045,1,1,1
D103435,36-50,256.5,79,2,evening,sat,1,0.10397336102377663,0.6135528524461602,0.5408015613125502,0,0,1
D103436,26-35,403.68,66,1,afternoon,mon,1,0.5831888298844454,0.6291452896184693,0.6952242639130891,1,1,0
D103437,26-35,45.99,73,1,evening,mon,0,0.7018559764503007,0.5720888000473744,0.3738686246113048,1,0,1
D103438,18-25,779.06,84,2,evening,fri,0,0.6016708777706112,0.16887688374467222,0.04485017288997109,0,1,0
D103439,36-50,178.72,82,2,evening,fri,0,0.907952694040383,0.2888494616044629,0.4206966941535279,1,0,1
D103440,26-35,395.11,63,1,night,tue,0,0.4138705789914973,0.4271671154059031,0.3827144252617065,1,0,0
D103441,26-35,427.79,48,2,afternoon,fri,0,0.7142543337012836,0.8804329765061264,0.5971239253918583,1,1,1
D103442,18-25,840.26,62,4,afternoon,mon,1,0.4190682294592233,0.3299699894963001,0.2900649653908382,0,0,0
D103443,26-35,222.66,40,2,evening,fri,1,0.8072726888817559,0.18556864270492648,0.249296690911546,1,0,1
D103444,51-65,36.19,16,3,afternoon,wed,0,0.6666197090855073,0.5187068813776178,0.31329461643379275,1,1,1
D103445,26-35,257.6,34,0,afternoon,fri,0,0.7615744871889985,0.37370379403172554,0.7597213638877794,0,0,0
D103446,36-50,293.14,42,2,morning,wed,1,0.5648401157974411,0.592458483635372,0.6426239341979614,0,0,1
D103447,51-65,96.46,4,2,evening,sat,1,0.9739892156578898,0.7852395964131921,0.9147103317496836,1,1,1
D103448,26-35,279.43,76,1,evening,mon,1,0.13618503126354942,0.666826663429421,0.824177323905607,0,1,1
D103449,51-65,176.81,81,2,afternoon,sat,0,0.6609891210057492,0.2045988648684446,0.31426874373605257,1,0,0
D103450,36-50,73.08,37,2,morning,thu,0,0.759604814721948,0.5049897527316177,0.2571787679352301,1,0,0
D103451,36-50,447.8,44,3,morning,tue,1,0.7664623643150038,0.7793599951702342,0.5124052093132161,0,1,0
D103452,18-25,147.33,75,1,afternoon,sun,0,0.16164871378202897,0.2747419675183743,0.46925124703480275,0,0,0
D103453,18-25,169.74,40,3,morning,mon,1,0.18379765109896948,0.8820913299431922,0.14570882825626189,1,1,0
D103454,65+,161.37,61,2,evening,thu,0,0.7427985446275659,0.13340318868118523,0.7518194424178052,1,0,1
D103455,51-65,743.92,46,1,night,mon,0,0.7501628286996701,0.514812761885281,0.6402546167922127,1,0,1
D103456,65+,235.85,24,2,evening,sun,0,0.6630668394540823,0.08905689309872923,0.37600561098438445,1,0,0
D103457,51-65,262.75,71,3,evening,tue,1,0.8409274973628875,0.6145954067521127,0.3345736217605558,1,0,0
D103458,18-25,164.59,17,0,night,tue,0,0.3598854688462705,0.7309505989622269,0.5014778355623908,0,0,1
D103459,51-65,371.14,20,3,evening,fri,1,0.8234147254766864,0.6245345375265355,0.9507760114576842,1,0,1
D103460,36-50,824.18,62,2,evening,sun,1,0.8479137141743114,0.711863170269523,0.4300809569754463,1,1,0
D103461,51-65,438.38,63,4,evening,wed,1,0.5568874828546718,0.24479420825305676,0.6961827730263195,1,1,1
D103462,18-25,454.04,85,3,evening,tue,1,0.766164147655707,0.6430281617971594,0.23979036847533608,0,1,0
D103463,26-35,422.25,63,3,afternoon,wed,1,0.20133032397127945,0.72864312306958,0.5184257220567393,0,0,1
D103464,51-65,70.65,2,3,morning,sun,1,0.6174548879051043,0.5291188557887403,0.5385898904082157,1,1,1
D103465,51-65,111.22,76,5,evening,sun,0,0.6095425701985346,0.4317917788583228,0.4202587652076759,1,0,0
D103466,36-50,203.47,37,4,evening,mon,1,0.9614077418280015,0.7010378470932577,0.948687388828222,1,0,1
D103467,26-35,127.32,0,2,evening,sun,1,0.7811666398766596,0.6819207714593354,0.5664646479595458,1,1,1
D103468,26-35,93.87,52,7,afternoon,sat,1,0.24717266004878097,0.8427033398002514,0.12810328030576215,0,1,0
D103469,65+,45.38,15,3,evening,thu,0,0.946257325886954,0.5833803668708838,0.8154951386637376,1,0,0
D103470,26-35,72.83,37,4,evening,tue,0,0.5731636274470706,0.40762338910027834,0.6675610685708442,0,0,1
D103471,26-35,194.25,42,1,evening,thu,1,0.8712524545956586,0.5738518642034456,0.678943127897525,0,0,0
D103472,36-50,229.87,6,3,afternoon,sat,1,0.6923896988135089,0.601241949812853,0.5458913998282783,1,1,0
D103473,26-35,119.85,76,0,afternoon,tue,0,0.647548106548233,0.7197447562469993,0.17192926425152455,1,1,0
D103474,36-50,262.71,45,2,afternoon,wed,1,0.6324249606509788,0.13047770272848397,0.32573513252893865,1,0,0
D103475,26-35,165.6,86,0,night,thu,0,0.8957201945254607,0.31828673413164144,0.3195084863261504,1,0,0
D103476,51-65,652.96,41,2,morning,mon,0,0.8141482472031626,0.2551747566238967,0.4210055139951664,1,0,0
D103477,51-65,211.57,53,4,evening,wed,1,0.9430650450524037,0.17085229284319375,0.4864736897066858,1,0,0
D103478,65+,457.92,73,4,morning,mon,1,0.3087061266228266,0.1265711513310653,0.907231384932651,0,0,1
D103479,36-50,293.8,19,1,night,mon,0,0.16226607559161882,0.5931630661096995,0.7227088842048164,0,0,1
D103480,26-35,69.28,81,2,afternoon,wed,1,0.5888147123326443,0.5451532640475444,0.7785992048338489,1,0,0
D103481,36-50,225.52,16,4,evening,sat,1,0.9785949728728237,0.5046071157580343,0.3614460625715567,1,0,1
D103482,51-65,80.47,89,1,evening,sun,1,0.6044500596745618,0.14000567351974585,0.38718200326393143,0,0,0
D103483,36-50,222.0,57,4,evening,thu,1,0.8881624632333553,0.5039889890677269,0.5565566196462566,0,1,1
D103484,36-50,125.13,46,2,evening,sat,0,0.37548662353028944,0.14418632773789158,0.5574073982921933,0,0,1
D103485,51-65,345.08,18,1,morning,tue,0,0.46755674077024373,0.8432326027812255,0.5889607521932546,0,1,1
D103486,36-50,73.1,51,1,afternoon,fri,0,0.6921390948640992,0.8888201000242967,0.5479622416831706,0,0,0
D103487,51-65,247.95,49,2,afternoon,fri,0,0.9456244887753409,0.30551425547155525,0.8683400238066237,1,0,1
D103488,26-35,409.6,88,3,evening,wed,0,0.7314309478118244,0.20892678532333656,0.26323604704180764,1,1,0
D103489,36-50,553.82,75,0,evening,thu,0,0.14594159410246935,0.6728922883347037,0.6255445162132702,0,0,0
D103490,36-50,123.01,43,0,afternoon,fri,0,0.857927909908812,0.727082256126491,0.6064350760180102,0,0,1
D103491,18-25,248.63,35,3,evening,wed,0,0.2265604474239764,0.9454363180365595,0.34476065320515825,1,1,0
D103492,51-65,288.8,34,6,afternoon,fri,0,0.34589352253715433,0.8591518023973662,0.709828430433052,0,1,1
D103493,36-50,984.78,34,5,afternoon,tue,0,0.5778767975291416,0.062064133569548964,0.21023713569369037,0,0,0
D103494,18-25,64.51,1,3,afternoon,thu,0,0.8761144197335302,0.9251530274628883,0.1640945362721117,1,1,0
D103495,51-65,107.77,3,2,evening,mon,0,0.935771274898818,0.5202017737750163,0.6940445781776667,1,0,0
D103496,36-50,3053.42,67,2,morning,thu,1,0.2383521209014445,0.37782770214332706,0.09107075978887925,0,0,0
D103497,51-65,191.37,22,1,night,thu,1,0.7693750303951441,0.7853418680988301,0.8054633743873838,1,1,1
D103498,26-35,44.62,37,2,evening,sat,1,0.9208596457644167,0.8612288997734174,0.22920917208742966,1,1,0
D103499,51-65,144.85,62,2,evening,wed,1,0.3465176692560576,0.7739330883236181,0.9070273129299953,1,1,1
D103500,26-35,20.25,54,1,afternoon,mon,1,0.9578846732085137,0.6308979463126642,0.3956554982243798,1,0,1
D103501,36-50,303.94,32,3,evening,mon,1,0.600556134182078,0.38922036740403765,0.8640766632999989,1,1,0
D103502,18-25,507.15,67,3,evening,thu,0,0.4492070658294175,0.8323649609597296,0.23789254109654684,1,1,0
D103503,36-50,107.72,14,0,afternoon,sat,0,0.6363038920045745,0.3681241956587586,0.4251638063512399,1,0,1
D103504,36-50,160.19,42,7,afternoon,sun,1,0.287230903670366,0.8723318563527395,0.7460001866757244,0,1,0
D103505,36-50,561.88,9,0,afternoon,sat,1,0.854953498922302,0.4785560967560089,0.6699942122383225,1,1,1
D103506,36-50,50.64,47,3,afternoon,wed,1,0.8099674238661304,0.5249151525997884,0.5478251174978521,1,0,0
D103507,51-65,74.48,8,4,afternoon,thu,0,0.6667717068200852,0.4614984478765278,0.4578427103778678,0,0,1
D103508,36-50,199.28,84,3,evening,sun,1,0.5965500330096714,0.130833994012171,0.4118076621404997,0,0,1
D103509,26-35,124.32,59,1,afternoon,sat,0,0.8706021456403414,0.19818500233545083,0.887066779999768,1,0,0
D103510,65+,187.83,22,1,evening,thu,1,0.9778973028180741,0.7809823374729296,0.3638109231139811,1,1,0
D103511,36-50,78.46,55,1,afternoon,thu,0,0.9031977677998936,0.1443665668389069,0.17821559166446424,0,0,0
D103512,65+,296.75,31,3,evening,mon,0,0.6766027154469204,0.8988204573869395,0.8755737325770513,0,1,1
D103513,65+,213.94,46,4,night,tue,0,0.08917456831113331,0.2409438218587702,0.8668263194736385,0,0,0
D103514,65+,401.12,15,2,afternoon,thu,0,0.7720534960794984,0.17987367552371927,0.43066994763434696,1,0,0
D103515,51-65,293.05,45,3,morning,thu,0,0.739004683244888,0.5139662873274707,0.14139574186262066,0,0,0
D103516,36-50,294.72,9,3,afternoon,fri,1,0.8996835728080647,0.13331110052139292,0.8520578534149058,1,0,1
D103517,26-35,66.57,13,1,afternoon,wed,0,0.4284749097935865,0.6755892860217081,0.18338735475731008,1,0,0
D103518,36-50,381.2,52,3,evening,tue,0,0.8014363439718569,0.40239433216545706,0.2922383926356382,1,1,1
D103519,51-65,181.68,45,5,evening,thu,0,0.8858645179400676,0.13190100198833907,0.5424799967529124,0,0,1
D103520,36-50,210.62,26,3,evening,sun,0,0.3830463330589785,0.324518804198541,0.20049839914670622,0,0,1
D103521,51-65,628.56,5,6,night,sun,0,0.4884385596379125,0.7014592748324567,0.7627069880182946,0,0,1
D103522,18-25,128.06,38,6,afternoon,mon,0,0.21725526501012601,0.6652917671522449,0.3109344767693221,0,0,1
D103523,26-35,825.56,83,3,afternoon,wed,1,0.44287196618671487,0.6609745337833904,0.20894130565806804,0,1,0
D103524,36-50,897.87,63,2,afternoon,thu,0,0.25053018868626387,0.20697747064754138,0.20714052835142596,1,0,0
D103525,26-35,481.79,5,1,evening,tue,1,0.7117898899805766,0.5161216045951997,0.8181934297352917,1,0,1
D103526,18-25,101.23,84,0,afternoon,wed,0,0.40464386167420124,0.5751822854557963,0.25055935803512747,1,1,1
D103527,26-35,34.2,38,2,morning,mon,1,0.8139770945582662,0.1818647106280776,0.6732297870361456,1,0,1
D103528,51-65,646.1,51,0,night,thu,1,0.7811031971403556,0.22799680852877977,0.6589679548644051,1,0,1
D103529,36-50,270.49,0,1,afternoon,sun,0,0.9093296552947593,0.27343562083552153,0.12217759084461256,1,0,0
D103530,18-25,125.13,27,4,afternoon,sun,1,0.3816581183575282,0.23500304567121427,0.6483922888805489,0,0,0
D103531,18-25,703.6,70,2,afternoon,mon,0,0.4358874389329481,0.7212357423181708,0.5579362906514932,0,0,1
D103532,36-50,112.69,29,1,morning,fri,0,0.44193176979672005,0.554981083074835,0.8723764887688085,0,1,0
D103533,26-35,167.04,14,1,morning,sun,1,0.7109711179640463,0.6407182729699072,0.1244444497898471,1,1,0
D103534,36-50,392.45,8,2,afternoon,sat,1,0.7687803704840004,0.8002363529875833,0.04270604231896793,1,1,0
D103535,51-65,89.82,83,1,afternoon,mon,0,0.36882699733912316,0.08922710348018792,0.6872686495842357,0,0,1
D103536,26-35,221.73,73,3,evening,wed,1,0.7703290428224665,0.30767258226670524,0.30045646292605976,1,0,0
D103537,36-50,652.12,3,4,afternoon,sat,0,0.5110123818815693,0.7522139882049865,0.1395583662821379,0,1,0
D103538,26-35,295.89,83,3,evening,sun,0,0.464094155098007,0.9068333046754227,0.3488951708203178,1,1,1
D103539,26-35,751.96,73,3,evening,wed,0,0.7291858009072211,0.659596380940068,0.21263163361530826,1,0,0
D103540,51-65,678.74,32,4,evening,tue,1,0.5485559450695222,0.6304743908110308,0.29375538277944935,1,1,1
D103541,36-50,246.4,59,2,night,tue,1,0.7902015227610514,0.389412580496893,0.5445908574873483,0,1,0
D103542,51-65,29.87,23,3,afternoon,sun,0,0.8978961675674494,0.29724303557094633,0.7079202314973342,1,1,1
D103543,26-35,90.45,22,0,morning,tue,1,0.9484939715250785,0.8587796098906211,0.5874164513591715,0,1,1
D103544,26-35,486.39,64,2,morning,wed,1,0.5453083564981611,0.8994606136955219,0.5095325745042679,0,1,1
D103545,36-50,60.63,18,4,morning,mon,0,0.41477855889760407,0.6651386101953162,0.583791038128383,1,1,0
D103546,36-50,182.36,31,3,evening,sun,0,0.4500568257005014,0.7255151629194381,0.11144239809684207,0,1,0
D103547,65+,331.83,32,4,evening,mon,0,0.18473484912536925,0.151422952474175,0.635199897325213,0,0,1
D103548,18-25,918.38,13,0,morning,thu,0,0.6522518923604019,0.8367402694934972,0.39121386423094945,1,1,1
D103549,51-65,145.84,74,1,morning,tue,0,0.7753581173592637,0.23026152995149213,0.4254259498634545,1,0,1
D103550,51-65,137.12,60,1,evening,wed,0,0.7081510803435759,0.4777081365692532,0.3183242517404965,0,0,0
D103551,36-50,233.41,77,1,afternoon,fri,0,0.2687226765714179,0.6134851433428935,0.2407829710792472,0,1,0
D103552,26-35,335.57,47,2,morning,fri,0,0.44471677006519855,0.46636715285387903,0.2924331146514463,0,1,0
D103553,36-50,212.98,15,2,evening,thu,1,0.9572462123450137,0.4545901629672368,0.7985470567372572,1,0,1
D103554,26-35,629.13,25,5,evening,wed,1,0.7525548091731413,0.7719310760323309,0.8193849747848383,1,1,1
D103555,51-65,119.2,31,1,afternoon,tue,1,0.9098110573189614,0.6034824159345158,0.9030883236593098,1,1,0
D103556,36-50,272.64,84,1,afternoon,sat,1,0.9866278929325807,0.521205548624234,0.1706903841528235,1,0,0
D103557,65+,365.29,21,2,evening,fri,0,0.7239363412218535,0.5784692207903448,0.420223722640704,1,1,1
D103558,36-50,170.68,62,1,afternoon,fri,0,0.15909805255569964,0.8061722186289061,0.6149766263615078,0,1,1
D103559,36-50,520.99,11,3,night,sat,0,0.18575712111111004,0.6195428517215923,0.7831896498150756,1,0,0
D103560,36-50,279.8,86,2,evening,tue,1,0.76679248620888,0.6624391881341672,0.27288616789772346,0,0,0
D103561,36-50,497.68,58,2,evening,sun,0,0.5515850727644236,0.2697339983456711,0.4598834086808914,1,0,1
D103562,51-65,291.4,38,4,evening,sun,0,0.4996521754987263,0.26965793291106144,0.2410101041630324,0,0,0
D103563,26-35,343.35,31,2,night,thu,1,0.5265590194868162,0.8122149644793583,0.5884598825499615,1,1,0
D103564,65+,138.5,31,1,morning,tue,0,0.44291489685118224,0.31632310474347064,0.5184250358920259,0,0,0
D103565,51-65,138.7,20,5,morning,wed,1,0.7889156313268261,0.6795889589700457,0.7092898929845367,1,1,0
D103566,51-65,736.54,53,1,evening,wed,0,0.863832873747837,0.20555083786479977,0.21396694968661673,1,0,0
D103567,36-50,433.53,77,2,morning,sun,0,0.8538235820418638,0.8068749463736706,0.10004084072318348,1,1,1
D103568,51-65,97.45,21,2,evening,wed,1,0.9678822451936682,0.6978414716466372,0.9850013297556793,1,1,1
D103569,26-35,287.95,67,1,afternoon,sun,0,0.261205062919311,0.565531508956016,0.37137436576879723,0,1,0
D103570,51-65,28.89,50,3,afternoon,tue,0,0.6358141406224334,0.3023658433556803,0.9246487472904914,0,0,1
D103571,18-25,145.98,69,0,afternoon,sun,0,0.3778371946457418,0.9290992378343917,0.71452467772912,0,1,1
D103572,26-35,581.1,69,3,evening,sun,1,0.6744762761788649,0.2514876416189156,0.11332845257263036,0,0,0
D103573,26-35,218.63,3,1,morning,fri,0,0.6774739813071918,0.5836976814696756,0.5167778620630495,1,0,1
D103574,26-35,272.09,1,5,morning,mon,0,0.5067913987911454,0.8387064777470823,0.13090776941799206,1,1,0
D103575,26-35,20.0,82,5,afternoon,fri,0,0.8045872426346926,0.5488752654365965,0.25856116026134857,1,1,0
D103576,51-65,171.91,13,2,morning,sun,0,0.668774638951372,0.3175939057501269,0.14624969266686902,1,0,1
D103577,26-35,331.77,51,2,evening,sun,0,0.5575794888154796,0.4043566043271671,0.0889195578945506,0,0,0
D103578,51-65,371.95,67,1,night,thu,0,0.5485625900502984,0.27229165798679916,0.3103868653836083,1,0,1
D103579,18-25,581.8,45,3,evening,thu,1,0.7109794905239896,0.7549994051571413,0.2755448282726742,1,1,1
D103580,51-65,202.51,0,4,evening,wed,0,0.8357841032228344,0.861004701864263,0.5763114681040347,1,1,1
D103581,51-65,210.8,0,2,afternoon,tue,0,0.939518192717545,0.7202258356886749,0.3099269981150264,1,1,0
D103582,26-35,73.78,60,2,night,fri,0,0.1563296951629995,0.800347342985186,0.4188081747405614,0,1,1
D103583,36-50,203.55,80,2,evening,sun,0,0.6418561686460713,0.2625683307986338,0.7056441414304532,1,0,0
D103584,65+,78.62,30,2,evening,tue,0,0.6567041678736594,0.5491265603535915,0.7403893510009026,1,1,1
D103585,51-65,46.38,48,5,afternoon,sat,1,0.5589759172603609,0.12452228765055129,0.6276127256796451,1,0,1
D103586,26-35,92.14,84,1,morning,mon,0,0.7309709394539395,0.609052585231733,0.4417135177265414,1,0,0
D103587,36-50,951.29,74,2,morning,mon,1,0.8352412744057953,0.4924366906441713,0.16903165159367664,1,1,0
D103588,51-65,191.81,48,0,afternoon,sun,0,0.4893550325865972,0.8443480541952199,0.7814133328457343,0,1,1
D103589,26-35,298.24,58,0,morning,mon,1,0.9386394154384871,0.9401460611043929,0.20671398598852272,1,1,0
D103590,51-65,154.14,86,3,evening,wed,1,0.3001769558016477,0.3696515048700398,0.8991559728087828,0,1,1
D103591,26-35,48.84,71,5,morning,sun,1,0.6671080666836237,0.34657995264381136,0.6604412291156097,1,0,1
D103592,51-65,568.22,37,4,afternoon,wed,0,0.2956350223206691,0.19992771834969936,0.6584907055143243,1,1,0
D103593,18-25,34.64,62,5,evening,wed,0,0.2666065120981324,0.5152124340131701,0.4490365381062028,1,1,1
D103594,18-25,148.52,29,2,night,mon,1,0.5318010114053572,0.9378601770417705,0.47662940651231295,0,1,1
D103595,65+,232.96,82,0,afternoon,fri,0,0.4648904954348919,0.3973394954130774,0.4308388021904386,1,0,1
D103596,51-65,301.1,8,3,afternoon,wed,0,0.08315558796308821,0.6489182828593801,0.3138011261581929,0,1,0
D103597,51-65,127.25,20,4,evening,mon,1,0.872408425276345,0.7881858398248532,0.9329712682013496,1,1,0
D103598,65+,46.8,31,1,night,thu,0,0.7348517438014763,0.17007589210950363,0.7256130726957445,0,0,1
D103599,26-35,118.99,18,0,evening,tue,0,0.7171160056673291,0.590796340740625,0.17119412746493357,1,0,0
D103600,26-35,124.73,53,0,afternoon,sat,1,0.6579221462631566,0.8227204953400238,0.6438898005628709,1,0,1
D103601,18-25,122.02,64,3,evening,sat,0,0.3113106322796771,0.3570821105949433,0.38936231800215343,0,1,0
D103602,36-50,585.84,80,5,evening,sun,1,0.13236034283093864,0.09805875335743998,0.3941355054067555,0,0,0
D103603,26-35,82.09,45,4,morning,sun,1,0.16799411028144093,0.3672200338564942,0.260036415757929,0,0,0
D103604,65+,320.82,55,3,afternoon,sat,0,0.671934712542492,0.5012804689615741,0.7986713675681639,1,1,1
D103605,18-25,282.16,53,2,evening,thu,0,0.7575023511860164,0.5634678036649693,0.562132494482941,0,1,0
D103606,18-25,580.8,0,3,evening,tue,1,0.7762931579288426,0.855526540407554,0.5400962218878874,0,1,0
D103607,26-35,217.06,63,1,morning,mon,0,0.6632193444447619,0.3290423527578826,0.38193464811207917,1,0,0
D103608,26-35,498.71,2,1,evening,mon,1,0.8970766186605178,0.8769432249796483,0.3152284672684477,1,1,1
D103609,26-35,209.56,49,2,evening,tue,0,0.7782828827241618,0.5625310182044213,0.4924923561392832,1,1,1
D103610,36-50,361.75,89,1,afternoon,sun,0,0.30467262277845397,0.456405358633931,0.24919544957528875,0,1,1
D103611,26-35,63.27,70,4,afternoon,tue,1,0.6836675721378147,0.5307539952608011,0.17382455222287949,1,0,0
D103612,36-50,22.77,45,3,afternoon,mon,0,0.600320436866686,0.6479178668906584,0.7345536589464448,1,1,1
D103613,51-65,343.71,28,1,night,sun,0,0.39563265276498083,0.2628323062073847,0.30262661956101894,0,0,1
D103614,36-50,360.71,75,1,morning,thu,1,0.8887037677678307,0.531764569288329,0.12702203430616155,0,1,0
D103615,36-50,375.38,77,1,evening,wed,0,0.9023702608905981,0.3650844790472789,0.7441732850203855,0,0,0
D103616,26-35,152.56,33,0,afternoon,wed,0,0.14859063662854616,0.7226304653337428,0.08905581534496007,0,1,0
D103617,26-35,935.19,9,2,evening,sun,1,0.5503292962059311,0.7704739752466979,0.37517253508213044,1,1,0
D103618,26-35,161.76,52,3,night,wed,0,0.32277472540616203,0.4177020830333532,0.1517304990024462,0,0,0
D103619,65+,357.38,57,5,night,sun,1,0.655793035067071,0.22771082169715032,0.5633430805791886,1,0,1
D103620,36-50,417.87,84,5,evening,sun,0,0.12044218349154961,0.3102467719681096,0.8703840792832437,0,0,1
D103621,26-35,1149.25,80,1,afternoon,thu,0,0.020140912351332446,0.5897307491015228,0.27414993114961744,0,1,0
D103622,36-50,183.95,20,3,afternoon,fri,0,0.8503553220917001,0.5448896677354214,0.5577490139198256,1,0,1
D103623,51-65,135.93,22,1,afternoon,mon,1,0.9296322615972873,0.4225447209580615,0.8423913567084673,1,1,1
D103624,36-50,63.54,89,3,evening,sat,0,0.1375748629690502,0.3555634517953239,0.24599164708495883,1,0,0
D103625,36-50,989.43,29,4,afternoon,sun,1,0.5106267247847571,0.6583896901835496,0.7781851526064957,1,1,1
D103626,51-65,357.55,41,1,afternoon,tue,1,0.9445118481680821,0.24434475491125018,0.7490524049739103,1,0,1
D103627,36-50,367.88,27,3,morning,mon,1,0.4563333345079608,0.29116063685411003,0.7509664097289691,0,0,1
D103628,36-50,4044.18,35,4,evening,mon,0,0.0745550286573981,0.0700882007985501,0.11908541766746215,0,0,0
D103629,26-35,327.84,50,2,morning,sat,0,0.614534817479427,0.4893468353357158,0.4794920497626077,1,0,0
D103630,18-25,75.79,26,4,afternoon,tue,0,0.1773862844500074,0.17239574717627784,0.33102597863189065,0,0,0
D103631,65+,205.14,37,2,evening,wed,1,0.6145086567293964,0.6500823362898952,0.9192252613569045,1,1,1
D103632,36-50,101.77,31,4,afternoon,wed,0,0.23260794823933428,0.4692972256024514,0.3071367175715351,1,1,1
D103633,26-35,171.35,9,2,evening,wed,0,0.6686732142390412,0.17358574727534803,0.8629421333395533,1,0,0
D103634,36-50,170.32,70,6,evening,tue,0,0.30981216789146676,0.1422142488604015,0.4777845849386306,0,0,1
D103635,18-25,144.27,80,3,evening,wed,0,0.4806640400928643,0.4984031280155128,0.2627845459777735,1,1,0
D103636,51-65,69.83,44,1,afternoon,sun,0,0.7885103459948092,0.09476834608486645,0.49302073872016755,1,1,1
D103637,26-35,1025.82,18,2,morning,wed,0,0.8016727723383417,0.8196674700974071,0.34855416780428605,0,0,0
D103638,51-65,320.21,57,4,evening,sat,0,0.9273717200982636,0.3449169135981957,0.3377476296734716,1,1,0
D103639,36-50,199.75,48,0,morning,fri,0,0.7465045835303339,0.7210202280030908,0.6383405025578239,1,1,1
D103640,26-35,483.9,49,2,evening,sat,0,0.4100093438061405,0.27538818424020345,0.34576098940275063,0,0,1
D103641,18-25,373.89,53,2,night,fri,0,0.21884706106907953,0.7004835356681475,0.8021551267806808,1,1,0
D103642,51-65,313.6,64,3,afternoon,wed,1,0.41135926360304315,0.30339387690230396,0.5148852535933295,1,1,0
D103643,26-35,453.27,3,1,evening,tue,0,0.7902232267836772,0.6995956663266625,0.36803922431218433,1,1,0
D103644,18-25,276.04,8,3,afternoon,tue,1,0.5315487387759276,0.8748772574210936,0.35021444601704504,1,1,1
D103645,51-65,447.29,8,2,afternoon,thu,0,0.7904384755315883,0.4989728696668869,0.9094657904023521,1,1,1
D103646,26-35,481.93,13,1,afternoon,wed,1,0.5217101829724268,0.9078450453658934,0.1774864151571249,1,1,0
D103647,26-35,283.28,87,1,evening,wed,0,0.4162492234921252,0.5813936298000288,0.3577847785151093,0,0,0
D103648,26-35,200.67,65,3,night,wed,1,0.6023371745118598,0.5086402228377656,0.5668841999618821,1,0,1
D103649,51-65,970.06,59,1,afternoon,sun,1,0.5174943633799896,0.6247728427459179,0.31457714948954363,1,1,0
D103650,26-35,159.16,62,5,evening,fri,1,0.16460286757062448,0.8561151437921809,0.9377620388562816,0,1,1
D103651,26-35,347.99,3,2,afternoon,sun,0,0.6042993124842655,0.6953070252355827,0.19323262858194745,1,1,0
D103652,26-35,355.14,19,1,afternoon,sun,1,0.5079657885607207,0.9315590955186919,0.5253789214465332,0,1,0
D103653,26-35,141.37,71,2,evening,fri,0,0.8341257133174679,0.5174021008490878,0.7732900238318264,1,1,1
D103654,26-35,118.27,41,3,evening,mon,0,0.8260127190430117,0.6091873345600032,0.27872150594146516,1,1,0
D103655,18-25,177.96,45,0,evening,sun,1,0.13442610844351752,0.7796076388642469,0.4973888290155034,0,1,0
D103656,26-35,157.12,67,2,night,thu,1,0.7255342389023547,0.6222477753804692,0.39694135153027366,1,1,0
D103657,26-35,65.87,6,1,morning,wed,1,0.8656223680700449,0.7874464556568215,0.5340123087751563,1,1,1
D103658,51-65,136.14,71,1,afternoon,wed,1,0.35903332607888666,0.3350259695220297,0.8591974172849683,0,1,1
D103659,18-25,310.94,61,1,afternoon,mon,1,0.7967043954762524,0.5092472150283741,0.3210466787284426,1,1,0
D103660,26-35,764.6,36,3,evening,fri,0,0.19448311884630098,0.6104701508205941,0.026693053521244445,0,1,0
D103661,51-65,403.01,44,0,morning,mon,0,0.8672251767430278,0.7629073351041604,0.5410015804709006,1,1,0
D103662,51-65,23.58,6,0,morning,sat,0,0.5848284697882007,0.7534394236034294,0.6242393585806032,0,1,1
D103663,36-50,435.8,18,1,evening,sat,0,0.28594311368258435,0.6388291753293992,0.5134733131611909,0,1,0
D103664,26-35,148.07,22,3,afternoon,wed,1,0.9670293764623313,0.9329132959219344,0.4589870819847158,1,1,0
D103665,26-35,367.89,78,1,evening,wed,0,0.18057847478727915,0.5643468127843613,0.16479995767870587,1,0,0
D103666,26-35,241.6,10,1,night,fri,1,0.4526414447630039,0.5663701677711848,0.4805445466704224,1,1,0
D103667,18-25,205.73,26,0,afternoon,sun,0,0.3860481095999489,0.6338516239386078,0.7940026702521713,1,0,1
D103668,26-35,223.18,11,0,afternoon,mon,0,0.6187766033341529,0.7465216016314971,0.4047809635641237,1,1,1
D103669,36-50,239.8,25,1,night,thu,1,0.8352520033695309,0.5299051146899131,0.7600648677474794,1,0,1
D103670,26-35,820.54,0,0,evening,wed,0,0.6782486363999387,0.8433655650621271,0.16942412468717702,1,1,1
D103671,36-50,240.4,24,3,morning,mon,0,0.8522990860445424,0.7666402596913338,0.3767252867870638,1,1,0
D103672,26-35,650.01,65,2,evening,mon,1,0.7003282473382582,0.22176791169397891,0.2096656438955705,0,0,0
D103673,26-35,570.16,69,1,afternoon,thu,0,0.1372934891548419,0.5131262230064926,0.677893818868901,0,1,1
D103674,51-65,446.01,34,0,evening,sat,0,0.7739257090645454,0.031097001368939586,0.18198875965403116,0,0,1
D103675,51-65,49.01,63,5,evening,fri,1,0.7368037645193372,0.44170958255622533,0.7186239409329241,1,1,1
D103676,26-35,668.46,55,3,afternoon,tue,0,0.289001918910611,0.5032745853153171,0.4155948954700789,0,1,0
D103677,36-50,162.05,81,2,evening,thu,1,0.963854901610897,0.8963757987579205,0.6070156073199694,1,1,1
D103678,26-35,465.99,72,2,morning,sun,1,0.6788967424879582,0.8779361776572433,0.05909794004186006,1,0,0
D103679,18-25,101.97,20,0,evening,sat,0,0.8158730494952507,0.8916911453198713,0.05844157266917812,0,1,0
D103680,51-65,84.22,52,0,evening,mon,1,0.9299519483881032,0.35849932095852394,0.7018978212370204,1,1,1
D103681,26-35,1449.18,70,3,night,fri,0,0.10586687239404168,0.1492729947133464,0.12858537766100586,0,0,0
D103682,26-35,103.41,27,2,morning,fri,0,0.7799830027533174,0.39808628821433095,0.24324327324645764,1,0,0
D103683,36-50,686.42,51,4,afternoon,wed,1,0.6952130010937025,0.8510609200448512,0.4001178504223868,1,1,0
D103684,26-35,272.21,36,3,morning,wed,0,0.3997262277154226,0.3788612580091132,0.15514123657264375,0,0,0
D103685,18-25,167.65,27,3,afternoon,sat,0,0.1805742108280014,0.5540836142343499,0.11562546876029088,0,1,0
D103686,26-35,235.02,17,1,afternoon,sun,0,0.636895699974336,0.4336066660433123,0.40168509160960947,1,0,0
D103687,65+,75.87,3,1,evening,wed,0,0.8581939566712177,0.20698146845892237,0.22921028778301383,1,0,0
D103688,36-50,241.68,67,1,afternoon,sun,0,0.5912477508007131,0.5028086641225245,0.29991090124172165,1,1,0
D103689,26-35,92.35,73,4,night,sat,0,0.24452308462186226,0.4560947074947917,0.20640175846664371,1,0,0
D103690,18-25,171.42,58,2,afternoon,mon,1,0.6093179686674731,0.2118551552461789,0.42578482041016813,1,1,0
D103691,36-50,562.71,21,5,afternoon,tue,1,0.6036785068128194,0.2566432019572398,0.9426547076927463,1,0,1
D103692,18-25,307.59,1,1,evening,thu,0,0.9072716001687624,0.8363968111335456,0.16179061128677844,0,1,1
D103693,36-50,64.46,56,4,afternoon,fri,0,0.6805183619018894,0.4327954839888154,0.5352538036732624,0,0,1
D103694,51-65,526.55,17,1,evening,tue,0,0.5748933931686542,0.4060495206322654,0.6138537115988302,1,0,1
D103695,26-35,243.13,49,1,evening,wed,0,0.1951941473958846,0.785419912218625,0.5207560630733813,0,1,1
D103696,26-35,150.21,87,6,evening,mon,1,0.4766824399946806,0.20664943143017211,0.3644050744745268,0,0,0
D103697,18-25,479.15,0,1,evening,mon,1,0.5757747127428201,0.7548116759615942,0.8150036380874753,0,1,1
D103698,18-25,210.51,51,2,evening,thu,0,0.34811553973429077,0.7848927690780569,0.4970216137550617,0,1,1
D103699,26-35,85.7,89,2,night,fri,1,0.7266459443245529,0.4279682072495142,0.660505081236529,0,0,1
D103700,51-65,1290.81,30,2,morning,thu,1,0.5784706192602391,0.5556827166385082,0.25275908273672903,1,0,1
D103701,26-35,240.91,73,5,afternoon,wed,0,0.10549849583198771,0.208738403891612,0.34502325095201486,1,0,0
D103702,36-50,227.41,74,2,evening,thu,1,0.8447905317176256,0.3421048724090445,0.3968260838952845,1,0,0
D103703,36-50,169.93,43,1,morning,fri,0,0.2792326536818892,0.14373340979098218,0.24604095226013842,0,0,1
D103704,18-25,707.66,27,2,afternoon,fri,1,0.7343550928956927,0.26217033658609556,0.2740846941667061,0,0,0
D103705,26-35,152.57,61,2,evening,thu,1,0.5936620891403279,0.6021492594156308,0.4622175372615077,1,1,1
D103706,26-35,60.92,55,4,morning,mon,0,0.5416705628988451,0.6872319179799993,0.4778575317611648,0,1,1
D103707,36-50,132.85,42,2,afternoon,mon,0,0.6841418934872006,0.5023519835393171,0.7062751232253797,1,0,1
D103708,26-35,807.62,17,5,evening,wed,0,0.42634499871813003,0.8322519572136335,0.586031383728128,0,1,1
D103709,51-65,517.45,67,1,morning,tue,1,0.7103019485576892,0.37731932460209844,0.7054763256599934,0,0,0
D103710,51-65,194.51,19,1,morning,thu,1,0.8161839810331001,0.1554076678102775,0.7057856576644191,1,0,0
D103711,51-65,842.13,12,0,evening,fri,0,0.9429747761512788,0.6089161681379647,0.45990603541710046,1,1,1
D103712,65+,479.69,6,4,evening,tue,1,0.7558196217701163,0.2358621984801978,0.7113959628218307,0,0,0
D103713,51-65,192.49,40,1,evening,thu,0,0.763751611268298,0.5244116795448018,0.3442586300431303,1,1,0
D103714,51-65,210.75,10,1,afternoon,tue,0,0.5725898874243698,0.09541294304652635,0.46580336735838235,1,0,0
D103715,51-65,329.11,30,2,morning,thu,0,0.7244993598927472,0.38826057381718637,0.644503721069732,1,0,1
D103716,51-65,115.73,21,4,evening,wed,1,0.5309857680114994,0.7665237118011867,0.916833952456815,0,0,1
D103717,51-65,245.69,41,3,afternoon,mon,1,0.9043064715183777,0.6965954463479733,0.6168152748273343,1,1,1
D103718,65+,323.0,69,4,night,fri,0,0.07809849978295084,0.16288624504895177,0.41535524228033194,1,0,0
D103719,36-50,53.61,40,2,evening,wed,1,0.6361910320858197,0.6616706981733392,0.7991055952940576,1,0,0
D103720,36-50,206.36,50,0,morning,sat,1,0.32844575420849964,0.4701449453063033,0.13271804772765053,0,0,0
D103721,36-50,186.28,12,1,evening,fri,0,0.8502057733692466,0.5635511518484942,0.7446103872213029,1,1,1
D103722,51-65,617.24,10,1,night,tue,0,0.4038171329039904,0.636770671470334,0.218276576804716,0,1,0
D103723,26-35,46.52,87,1,evening,sun,0,0.7069614964427288,0.3134299435775982,0.523107351289722,1,0,0
D103724,51-65,173.58,55,2,evening,mon,0,0.393663796757116,0.2649370247131202,0.4023317707991433,0,0,0
D103725,51-65,158.61,1,7,morning,fri,0,0.7090837757267497,0.12218909113221435,0.6330120075988833,1,0,1
D103726,65+,580.6,50,0,evening,sat,1,0.7851422100322215,0.5784867253385853,0.9678887742826087,1,1,1
D103727,26-35,235.29,0,0,evening,thu,0,0.804315748528743,0.7201911299336833,0.22587654141267233,1,0,1
D103728,36-50,1232.11,6,2,evening,thu,1,0.6989589252038289,0.30042153626142715,0.2803434150574426,0,0,0
D103729,51-65,444.07,33,4,afternoon,thu,1,0.7122859340686382,0.7296492174975909,0.6628250585067855,1,1,1
D103730,65+,169.15,59,1,night,mon,0,0.22931313287455618,0.27216789394931373,0.9168108182983257,1,1,1
D103731,51-65,303.59,55,2,afternoon,fri,0,0.320316301090929,0.2187218340165756,0.5752691832251987,0,0,1
D103732,36-50,177.92,71,2,afternoon,sun,0,0.6969276967132219,0.6112945791315597,0.4316148333766705,1,0,0
D103733,36-50,530.31,16,0,afternoon,sat,1,0.6943650208800092,0.5632719645048483,0.6347800812472706,1,0,0
D103734,26-35,73.78,17,0,afternoon,mon,0,0.8255159636533506,0.3462527223692215,0.1929310189957636,1,1,0
D103735,65+,116.59,47,0,afternoon,tue,0,0.9196846952870918,0.6410396374836541,0.720309226135519,1,1,0
D103736,26-35,368.75,78,2,afternoon,sat,1,0.42606447053084867,0.34833188778746665,0.3475825505967136,0,0,1
D103737,36-50,737.44,65,0,afternoon,fri,1,0.5426171304884578,0.9717754762095142,0.8297120270734972,0,1,1
D103738,51-65,33.72,60,3,morning,wed,0,0.5057356010005174,0.26844402745607693,0.7325141634422081,1,0,1
D103739,26-35,843.05,8,1,afternoon,tue,1,0.7101979824866888,0.2695356103352342,0.187243258119833,1,1,1
D103740,26-35,215.7,79,3,morning,thu,1,0.7346691776380336,0.9176526699151041,0.37782064508803104,0,1,0
D103741,26-35,44.9,88,3,afternoon,mon,1,0.6156304099459402,0.6056193608606546,0.5964144811109947,1,1,1
D103742,51-65,20.0,52,1,afternoon,mon,0,0.9577091268319975,0.5242519101514244,0.29740731485992167,1,1,1
D103743,36-50,61.78,30,3,afternoon,mon,1,0.8588398576973366,0.7443132797769375,0.2974229505089737,1,1,0
D103744,18-25,240.39,59,1,evening,sat,1,0.7663468310995036,0.35692855701621085,0.31462346830034316,1,0,0
D103745,36-50,230.6,57,1,afternoon,mon,0,0.6605655347727062,0.08108911664672443,0.532082714773332,1,0,0
D103746,26-35,432.63,83,0,evening,thu,1,0.8619304133731606,0.9446788440507347,0.724130689947164,1,1,0
D103747,51-65,149.23,9,1,morning,tue,0,0.6919100622077609,0.18193119763378074,0.649851013866994,1,0,0
D103748,26-35,90.27,46,2,afternoon,sat,0,0.38689666291171093,0.8911474466406385,0.9003592732246426,1,1,1
D103749,26-35,168.72,63,5,morning,mon,1,0.7800833489595476,0.7441351351533781,0.28382552669489963,1,0,1
D103750,18-25,252.21,31,2,afternoon,sun,1,0.5721971470310094,0.7836103534588567,0.6513617928139618,1,1,0
D103751,36-50,301.18,75,1,evening,mon,0,0.6992730574750379,0.31644256499737433,0.1727244731193938,0,0,0
D103752,36-50,120.27,5,2,evening,sat,0,0.8904181521818706,0.9440983931337109,0.8460979780292701,1,1,1
D103753,51-65,550.76,9,2,evening,tue,0,0.7135929813189947,0.31419695359157535,0.8465154908916491,1,0,1
D103754,36-50,139.87,71,0,afternoon,mon,0,0.6498506961956061,0.3116667571876035,0.6304154608874635,0,1,0
D103755,26-35,111.86,11,4,afternoon,mon,1,0.6130328028604678,0.8790256405431451,0.13527988999506918,1,1,0
D103756,26-35,150.18,37,5,night,sat,0,0.5993228643133346,0.2975505449356543,0.5622607116892301,1,1,1
D103757,26-35,643.78,25,0,morning,wed,1,0.626567954663227,0.5198342529074484,0.29187228469259796,1,0,0
D103758,65+,217.13,61,0,morning,wed,0,0.5881218712035285,0.3150449233334612,0.7649100718458446,0,0,1
D103759,26-35,130.97,1,7,morning,sat,1,0.6671794933985725,0.8215712425646059,0.16781040142453568,1,0,0
D103760,65+,563.12,32,2,night,tue,0,0.4726576789339373,0.7604592294059385,0.7297069844657209,1,1,1
D103761,26-35,1683.24,88,1,night,thu,1,0.4594882308510032,0.8798643887808048,0.30018469641505163,1,0,0
D103762,18-25,295.51,33,1,afternoon,wed,0,0.5259448705461847,0.2556767196380814,0.17793630036978764,1,0,1
D103763,26-35,742.82,53,3,morning,mon,0,0.7607282130212821,0.7634401238052236,0.4839344645176336,1,1,0
D103764,18-25,621.71,88,5,evening,sun,1,0.25381768978539704,0.2516921742128147,0.3399627897451168,1,1,1
D103765,51-65,141.87,54,2,afternoon,wed,0,0.7282230140045364,0.19909011948011474,0.48101560867785137,1,1,1
D103766,36-50,250.63,67,0,morning,sat,0,0.5434731826579077,0.2807812249918039,0.6365926503029982,1,1,0
D103767,26-35,77.15,86,1,afternoon,thu,1,0.9553013680610948,0.5090091271571252,0.8776483098625962,1,1,1
D103768,36-50,203.48,55,2,afternoon,sun,1,0.6177585196420738,0.26264736192516824,0.6303932244871603,1,1,0
D103769,36-50,139.27,74,3,afternoon,tue,0,0.5173937607495543,0.04974104216341194,0.08736826643681067,1,0,0
D103770,65+,170.27,45,1,evening,thu,1,0.785626479539569,0.8244723998501409,0.37428338022204943,1,1,1
D103771,65+,124.6,73,1,evening,wed,0,0.5374621465157051,0.5361883753925136,0.6637381905021065,0,0,1
D103772,36-50,188.97,57,1,evening,sun,0,0.7186463088330751,0.43566339149789446,0.7065881247011715,1,0,1
D103773,51-65,395.05,30,2,morning,wed,0,0.8633904082344751,0.21334498357590037,0.5836775442194778,1,0,0
D103774,51-65,219.74,50,7,morning,sat,0,0.4249513802995779,0.5561963400272937,0.6347155369360967,1,1,1
D103775,36-50,45.7,30,3,evening,thu,0,0.7611774576554935,0.5299894698302826,0.43950079924040025,0,1,0
D103776,36-50,125.02,35,3,morning,wed,0,0.5960398244006732,0.35464701927956926,0.7029494021483473,0,0,0
D103777,18-25,62.34,26,0,afternoon,fri,0,0.5058766582996927,0.3516397370815167,0.5301317881229233,0,0,1
D103778,51-65,304.8,44,6,morning,fri,0,0.5023668570615466,0.45919111038326793,0.25043684897941326,0,1,0
D103779,65+,384.9,31,2,afternoon,thu,0,0.5984907390726953,0.2719710755227366,0.763313988769179,1,1,1
D103780,18-25,308.24,56,2,afternoon,mon,0,0.7516699441360781,0.6944067886164063,0.076170456733487,1,0,0
D103781,51-65,120.46,33,1,afternoon,mon,0,0.46873708628126615,0.5434188454117065,0.6815905390104913,0,0,0
D103782,65+,305.57,44,1,evening,fri,0,0.8972338893069954,0.5253634121789827,0.5891306400957559,1,0,0
D103783,26-35,160.28,12,1,afternoon,mon,0,0.6759576828960313,0.7772410289467573,0.4540542300539862,0,1,1
D103784,36-50,87.85,34,5,evening,fri,0,0.6856741650348287,0.3987736304003994,0.5214723173213222,1,1,0
D103785,65+,477.11,32,1,evening,sun,0,0.2919865094133553,0.4544019655188962,0.7281189632422213,0,1,1
D103786,65+,510.93,86,4,afternoon,sat,1,0.5889791562935879,0.4471325831207181,0.9190877094649325,1,0,0
D103787,18-25,574.79,40,3,evening,fri,1,0.3001911957961981,0.9381671904069574,0.4235977214564975,1,1,0
D103788,26-35,141.53,1,2,night,tue,1,0.7587495567118013,0.5297525884546361,0.6047236286583153,1,1,1
D103789,36-50,707.28,27,3,morning,fri,0,0.6282985897616231,0.7439711168725476,0.7603853634787678,1,0,1
D103790,26-35,156.93,65,0,evening,tue,0,0.5664157691262204,0.22920907787371267,0.8244264856985657,1,1,0
D103791,26-35,440.61,14,2,evening,sun,0,0.1283307991806136,0.8386318977388146,0.3776272640027666,1,1,0
D103792,18-25,154.5,14,1,evening,mon,1,0.9695052096660997,0.7448818228364728,0.3451093063825561,1,1,1
D103793,26-35,200.02,33,1,morning,thu,0,0.3548920133682156,0.8384325296213143,0.27891254177349534,0,0,0
D103794,36-50,27.69,32,3,morning,thu,1,0.8253000544477949,0.9054181351191681,0.6972078592578326,1,0,1
D103795,36-50,186.47,43,2,afternoon,mon,0,0.48556552415958454,0.5733057950795084,0.3910253662491811,1,1,1
D103796,36-50,265.6,3,3,morning,tue,1,0.922745861315579,0.6978494443186525,0.1775760895753574,1,1,0
D103797,51-65,169.18,64,2,afternoon,sat,0,0.44804466636761753,0.31156939066703365,0.7924774464073365,0,0,1
D103798,26-35,1188.64,19,3,evening,fri,0,0.2613473814019906,0.449815690029858,0.5454727407756352,0,0,0
D103799,26-35,85.95,64,2,afternoon,tue,0,0.7279850329141712,0.837916569920907,0.6651059632119144,1,1,1
D103800,18-25,147.35,50,3,afternoon,mon,1,0.2649076190255945,0.7346990964858299,0.7700832986247388,0,1,0
D103801,26-35,108.38,18,3,afternoon,fri,1,0.6599911181615756,0.2555369874617325,0.5675478459758633,1,0,1
D103802,26-35,147.32,42,4,afternoon,fri,1,0.8148016058643375,0.870112300275228,0.5533610160210998,1,1,1
D103803,26-35,619.1,3,5,evening,wed,1,0.9103723031510731,0.8800218074068956,0.7361771758831995,0,1,1
D103804,18-25,925.4,63,2,evening,mon,0,0.15003489809879492,0.5710898776984373,0.0893024071869911,0,1,1
D103805,26-35,130.23,27,0,afternoon,mon,0,0.559462967128044,0.535289019679042,0.31741805578546894,0,0,0
D103806,36-50,127.65,34,0,afternoon,tue,1,0.884349571566553,0.4141333396799158,0.5819160921000359,1,1,0
D103807,36-50,86.37,14,2,morning,mon,0,0.2333586816330503,0.39791924122229355,0.7191371124765213,1,1,0
D103808,65+,792.87,32,7,night,thu,0,0.5530281913532594,0.2235254783020404,0.47046342459061163,0,0,0
D103809,51-65,671.09,35,4,afternoon,wed,0,0.2580078568250374,0.07089064760941631,0.31943110500978766,0,0,1
D103810,36-50,222.43,20,1,afternoon,tue,0,0.6424775494773738,0.7132331711405909,0.3587328592652988,0,1,0
D103811,18-25,69.65,88,0,afternoon,fri,0,0.5662733538680159,0.6496411011330944,0.4304463677181178,1,0,0
D103812,36-50,75.49,25,1,morning,fri,1,0.8321534226351965,0.9124880375011645,0.5853361141789556,1,1,0
D103813,18-25,285.31,16,4,afternoon,tue,0,0.24851832160677936,0.8364515251423644,0.09093725195693489,0,1,1
D103814,26-35,401.18,49,2,night,fri,0,0.8097460698858233,0.36224473051222794,0.12915815516135357,1,0,0
D103815,26-35,38.11,28,2,morning,mon,0,0.09816780866637931,0.25971199379963955,0.43400969959265795,1,0,0
D103816,26-35,183.24,40,0,afternoon,fri,1,0.501993180820216,0.6058845555263616,0.5612669125361253,1,1,0
D103817,26-35,1049.92,65,1,morning,wed,1,0.33883953243663073,0.8822902258014388,0.4402784263023742,1,1,1
D103818,36-50,201.19,7,1,afternoon,mon,1,0.6603975369233476,0.8065360998060792,0.4825890370327134,1,1,1
D103819,51-65,935.12,45,1,night,sat,0,0.6370545723055155,0.4310629329884552,0.7222212019658875,0,0,1
D103820,51-65,438.84,1,5,evening,tue,1,0.3119866096972044,0.42468320019518013,0.7457870553415438,0,0,1
D103821,36-50,92.22,3,2,night,sat,1,0.9256134972422972,0.7669945297746998,0.7089161115869934,1,1,1
D103822,36-50,188.03,8,1,evening,wed,0,0.7321261205885298,0.2604952510526153,0.5853861241737078,0,0,0
D103823,18-25,217.93,14,0,evening,fri,1,0.4168613929556107,0.9465314783495836,0.8452235492327974,1,0,1
D103824,36-50,103.83,31,2,evening,fri,0,0.21741839162379276,0.27590229569771163,0.21586180403642527,0,0,1
D103825,36-50,102.22,84,3,afternoon,wed,1,0.6353108103436866,0.10880034832073697,0.4128836808420843,0,0,1
D103826,26-35,949.65,81,3,evening,fri,1,0.29451741825657,0.9375764104647386,0.31786471563818464,0,1,1
D103827,26-35,101.53,9,3,evening,thu,0,0.7445853504929761,0.7518504750178301,0.7254619173905386,1,1,1
D103828,65+,645.87,89,1,evening,fri,0,0.3431923150729636,0.248618331626694,0.5012458323514843,0,0,0
D103829,36-50,165.2,57,3,afternoon,tue,0,0.8245886727963294,0.09895899728775727,0.23638677365840255,1,1,1
D103830,36-50,239.11,49,5,evening,wed,1,0.6654130003372265,0.7149435128004225,0.504731358994485,1,1,1
D103831,36-50,405.72,71,3,morning,mon,1,0.5228032246051231,0.7339870034823839,0.5528123852892811,0,0,1
D103832,26-35,142.78,43,0,evening,wed,0,0.8719735764460095,0.6523584664538002,0.7034538463741895,1,1,1
D103833,36-50,407.94,23,3,afternoon,mon,1,0.7967116943823255,0.8319035355624228,0.46318973415144543,0,1,1
D103834,26-35,38.79,47,5,afternoon,wed,0,0.7283168434290082,0.8337882341019123,0.2051391556799318,0,1,0
D103835,26-35,363.48,65,2,afternoon,sun,0,0.7497591350259806,0.6428358502731084,0.1614646025066006,1,1,0
D103836,36-50,26.53,61,2,evening,wed,0,0.6191355409803333,0.08443729390629134,0.34571030973885575,0,0,0
D103837,18-25,199.5,15,1,evening,thu,1,0.7458728956418724,0.6168196460187169,0.9386547194297029,0,0,1
D103838,51-65,527.85,84,2,afternoon,sat,1,0.7577200281404054,0.7802057762783535,0.7029556979813757,1,0,1
D103839,26-35,428.4,25,4,afternoon,mon,1,0.1140272306963857,0.7461812824277197,0.6416214444125555,0,1,0
D103840,36-50,76.05,73,3,morning,fri,1,0.6698022941765391,0.5679240162429261,0.5422148111756376,1,1,0
D103841,36-50,85.4,28,0,morning,thu,0,0.7095007057751742,0.3950702080437936,0.522550577052524,1,1,1
D103842,36-50,131.66,5,3,afternoon,wed,0,0.8075014158144181,0.44032682874834667,0.6838286567247286,1,0,0
D103843,36-50,289.34,89,4,evening,tue,0,0.30373654043289156,0.6598458407589584,0.5305083700225183,0,1,1
D103844,65+,39.3,52,1,evening,fri,0,0.8723751716679324,0.7584819497351706,0.7482650457428442,1,1,0
D103845,36-50,241.8,19,2,afternoon,wed,0,0.5289587934576483,0.7727013172550533,0.46924602850353486,0,1,0
D103846,51-65,323.85,0,5,evening,wed,0,0.5339275539125721,0.637077254545267,0.4537977252886405,1,1,0
D103847,36-50,189.67,11,0,afternoon,fri,0,0.6418228815013274,0.7945325394642975,0.6072089804829416,0,1,1
D103848,26-35,392.6,15,3,evening,wed,0,0.8649877327407108,0.6619898911530399,0.39805090825915973,1,1,1
D103849,26-35,299.27,83,4,afternoon,sat,0,0.05501624475806577,0.155869615302755,0.8291796524725912,0,0,1
D103850,26-35,150.28,15,1,evening,tue,1,0.9689958287407191,0.501255045427746,0.7816899379107562,1,0,1
D103851,26-35,42.84,14,1,afternoon,fri,0,0.930755673940134,0.9273590966674942,0.25315621406202443,1,1,0
D103852,26-35,275.91,75,3,morning,thu,1,0.42764194043176207,0.627467468969355,0.18645455604641922,0,0,0
D103853,26-35,103.78,79,1,afternoon,sun,0,0.7655820022938256,0.6455399457025834,0.26081502097049636,0,0,0
D103854,36-50,145.4,18,4,evening,wed,1,0.8170638086729336,0.7246520323365339,0.29284704788947136,1,0,0
D103855,26-35,376.61,58,1,night,tue,0,0.8085530249975813,0.628466684006372,0.2633014802850101,1,0,0
D103856,51-65,876.2,48,3,evening,wed,0,0.735478763705892,0.42918369456234223,0.24675414071562898,0,0,0
D103857,26-35,236.45,51,3,evening,fri,0,0.937352773417751,0.7648489169485343,0.27587843658469574,1,0,0
D103858,36-50,402.89,28,1,morning,thu,0,0.27263107194928987,0.35212794383902574,0.37332804691992044,1,1,1
D103859,18-25,66.68,67,1,evening,sun,1,0.6481216499458728,0.9056104856556856,0.4758029266547923,1,1,0
D103860,36-50,305.2,79,2,evening,tue,0,0.18287256303937738,0.2396752388376728,0.34898689798328486,0,0,0
D103861,18-25,231.85,65,0,afternoon,wed,0,0.3754345839255452,0.72832609962504,0.14923570660550411,0,1,0
D103862,36-50,739.74,81,5,afternoon,sun,1,0.9034650443251454,0.12372609856462886,0.7751152488871387,1,0,1
D103863,26-35,150.44,9,2,morning,sat,0,0.7243226126233013,0.6324329801170021,0.518212707770503,1,1,1
D103864,65+,196.87,59,2,morning,mon,0,0.7800751534071392,0.1756003043852564,0.5070132744901035,1,0,1
D103865,26-35,634.56,89,2,morning,sun,0,0.4597488176642556,0.4009713403151019,0.14565591032729738,0,0,0
D103866,36-50,225.24,48,4,evening,wed,0,0.7298749435080978,0.6595990843023956,0.12584337758511346,1,1,0
D103867,26-35,90.2,84,1,evening,fri,0,0.44845014038601744,0.5957007267633028,0.08915079557313418,1,1,0
D103868,36-50,2432.0,31,2,morning,mon,0,0.12649841581392293,0.7807248725123168,0.6088278027889036,0,0,0
D103869,36-50,92.69,80,1,night,tue,0,0.3429264647194616,0.622258145385716,0.6890277706137073,0,1,1
D103870,26-35,230.85,84,1,evening,fri,1,0.09486901123511676,0.6187322415153028,0.308648971603725,0,0,0
D103871,26-35,334.29,56,2,evening,tue,0,0.5509526382946823,0.577424387715267,0.7084362857827716,0,1,1
D103872,18-25,311.33,63,1,night,mon,0,0.3761402444263744,0.695914123121935,0.4876167485519231,0,1,0
D103873,18-25,206.28,47,2,evening,fri,1,0.4772036522310569,0.8856749148826356,0.4935437812055349,0,1,1
D103874,65+,207.21,28,2,afternoon,tue,1,0.716489944736072,0.21462929417101154,0.8985492660810581,1,0,1
D103875,26-35,198.06,48,4,night,sun,1,0.5742430427388528,0.7485916503526189,0.654222297235386,0,0,0
D103876,18-25,89.63,86,5,afternoon,tue,0,0.5722134677301425,0.2181969822019111,0.31198656668168684,0,0,0
D103877,65+,1694.59,1,1,morning,mon,1,0.2275079145198167,0.576817674506255,0.6799623611009779,0,0,1
D103878,18-25,200.74,18,3,morning,wed,0,0.3025764741600987,0.8964726625342998,0.31686610369866636,0,1,0
D103879,26-35,418.73,44,2,evening,wed,1,0.8410279644975864,0.7913845974357974,0.13488987759267348,1,1,0
D103880,36-50,181.06,30,3,night,fri,1,0.7754013124400073,0.10880800220851515,0.37350024996038106,1,0,1
D103881,65+,177.81,56,3,afternoon,tue,0,0.8421127685035631,0.056939500266969124,0.9295664439404179,1,0,1
D103882,36-50,162.41,32,4,evening,sun,1,0.9159290928692677,0.7182533752549413,0.3411979675045658,1,1,1
D103883,36-50,60.65,59,2,afternoon,wed,1,0.9792754395383911,0.09766265190725938,0.14361208276513243,1,1,0
D103884,65+,211.76,9,2,evening,fri,1,0.7362783427201445,0.7265090138590221,0.9079647032069794,1,1,1
D103885,18-25,169.64,29,2,morning,sat,1,0.8889164087122692,0.9063896438751206,0.5304289487877581,1,1,1
D103886,65+,702.31,62,3,evening,sun,1,0.27468948011604855,0.5885530549286572,0.781534634600837,1,0,0
D103887,51-65,83.34,42,1,evening,thu,0,0.973628502835216,0.4313849777418345,0.5148911535970695,1,1,1
D103888,65+,145.56,64,3,morning,tue,0,0.6332759627314077,0.38453621579329517,0.8304674486894121,0,0,1
D103889,26-35,109.01,57,4,night,thu,0,0.5143961418810757,0.5770314148003415,0.7553250172981949,1,1,1
D103890,18-25,896.3,29,3,night,wed,0,0.470146698291574,0.21392888202315574,0.20096879462719525,1,0,0
D103891,36-50,111.89,38,2,afternoon,fri,1,0.46642279833495165,0.8192579657034977,0.733836326876659,1,1,1
D103892,36-50,405.88,86,1,evening,tue,1,0.4249237766373942,0.8398140894957926,0.7885722380503822,0,1,1
D103893,36-50,585.9,86,4,evening,thu,0,0.4887525107617428,0.49978370074261724,0.23272444976859552,0,1,0
D103894,65+,214.54,3,0,morning,sun,1,0.8319872536936984,0.42796379271729434,0.9553795738834079,1,0,1
D103895,36-50,70.87,63,3,morning,fri,1,0.9612134278608675,0.7519580326974599,0.8078023124621565,1,1,1
D103896,26-35,71.68,44,3,evening,sun,1,0.4270905973259677,0.9046726730087387,0.19708798796204302,0,1,0
D103897,26-35,530.48,0,2,evening,mon,0,0.913536570806689,0.903538484930973,0.7868475927327099,1,1,1
D103898,18-25,78.69,57,2,evening,fri,0,0.45282885449172355,0.8640574123067214,0.11252958453166897,1,1,0
D103899,26-35,348.22,2,3,evening,mon,1,0.7024870358213315,0.41808940261984834,0.33155746715521334,1,1,0
D103900,18-25,271.22,28,3,evening,tue,1,0.5994732625096423,0.8578393543740116,0.6286234070907227,1,1,1
D103901,51-65,343.58,62,2,morning,sat,1,0.5358498361443255,0.6067650588777099,0.8488215948099512,1,0,0
D103902,36-50,374.06,73,3,morning,mon,1,0.7503726091723687,0.7641015700526799,0.5512212347416661,1,1,0
D103903,36-50,105.6,37,0,afternoon,thu,0,0.6687578947860799,0.7256789199813992,0.3093694923771426,1,1,0
D103904,26-35,101.7,72,2,afternoon,mon,0,0.21220258491199293,0.8822172580203749,0.28992556788583335,1,0,0
D103905,36-50,465.65,75,5,evening,wed,1,0.5269679300813223,0.10113597169869605,0.3927805840295676,0,0,1
D103906,51-65,138.88,40,1,evening,mon,0,0.8099089113571558,0.6455494526114859,0.7599379533357271,1,0,1
D103907,51-65,20.59,15,3,afternoon,thu,1,0.4697306235843095,0.7553850582858115,0.5862679736390866,1,1,1
D103908,36-50,438.73,59,2,evening,fri,1,0.8343976300259767,0.7882889868084064,0.3614851903428112,1,1,1
D103909,51-65,96.29,1,5,afternoon,fri,1,0.9257842493923258,0.9021710588049894,0.2970843561373298,1,1,0
D103910,36-50,372.57,80,3,afternoon,sun,1,0.8784288465465573,0.22374575417998244,0.3559429755414085,0,0,0
D103911,36-50,857.09,34,3,night,mon,0,0.4622023751625188,0.7755274897781842,0.39020388722663163,1,1,0
D103912,51-65,248.41,68,0,afternoon,wed,0,0.2032171529257741,0.6402901304366443,0.2484245876876268,0,1,0
D103913,26-35,599.56,66,1,evening,thu,1,0.7889132111638065,0.6357053336215411,0.10872782270921186,0,0,0
D103914,26-35,281.02,42,3,morning,mon,1,0.8462005713615248,0.4835710823092165,0.734247734115139,1,1,1
D103915,26-35,1021.15,87,2,afternoon,mon,1,0.2782789776248724,0.5993345662762791,0.18373689604854307,0,1,0
D103916,36-50,94.08,71,0,evening,wed,0,0.6988034556771365,0.5902881195803809,0.15606793693834498,1,1,0
D103917,36-50,242.89,79,1,evening,sun,1,0.796957871787528,0.6016428644865415,0.8674873299467426,1,1,1
D103918,36-50,448.47,8,2,evening,fri,0,0.9489569690151196,0.4286758706513627,0.6845034817213469,1,0,1
D103919,26-35,206.16,43,3,evening,thu,0,0.5284638266127323,0.7665911824947018,0.6366266619785638,0,1,1
D103920,26-35,690.21,85,1,evening,thu,1,0.7904120579991021,0.5135770447133169,0.5686509558363468,1,0,1
D103921,51-65,165.86,73,2,evening,sat,0,0.639574209791798,0.6415219715364967,0.8180883763395678,1,0,1
D103922,26-35,1575.67,40,3,afternoon,thu,0,0.34910360366664434,0.850433502088248,0.5231499671835607,1,0,0
D103923,65+,1652.39,6,2,afternoon,sat,0,0.6822068024018995,0.11563129618141671,0.5216579571134623,1,0,1
D103924,26-35,315.41,25,2,evening,wed,1,0.5480620662133215,0.7921395667983655,0.2380628266898268,0,0,0
D103925,36-50,402.36,51,4,evening,sat,0,0.5799011261380855,0.6344375057839957,0.14303431303342995,1,1,0
D103926,36-50,715.16,57,5,afternoon,mon,0,0.44822426157988354,0.4218046980310414,0.34190563827661086,1,1,1
D103927,51-65,84.06,83,3,afternoon,wed,0,0.19141139656316114,0.0998711543850372,0.23314688698428432,0,0,0
D103928,18-25,75.13,8,3,morning,tue,1,0.8906783638871313,0.9292836846454443,0.27709581872362754,1,1,1
D103929,51-65,758.07,35,2,morning,mon,0,0.7401273143979974,0.2526359002371338,0.47869087592712645,1,0,1
D103930,36-50,313.12,24,1,afternoon,thu,1,0.8159343474479755,0.7454970602164411,0.8691527241979405,1,1,1
D103931,36-50,199.57,86,2,evening,sun,1,0.5950771332956757,0.2287556277376168,0.17384095585702514,1,0,0
D103932,36-50,247.15,14,4,evening,tue,0,0.6911128246758508,0.7514342662632394,0.45839680944110683,1,1,1
D103933,18-25,28.58,19,0,night,sun,0,0.6348124006187866,0.6086403784210455,0.13774257128310408,1,1,0
D103934,36-50,206.13,26,3,evening,sat,0,0.6606641988237348,0.7220258324179184,0.3069964413463223,1,1,1
D103935,26-35,124.25,9,6,afternoon,sun,0,0.33350976978768315,0.5333985678181631,0.6262019660727492,0,1,0
D103936,26-35,559.06,57,2,evening,mon,0,0.3834248489305278,0.439471220222368,0.16704864981164028,0,0,0
D103937,36-50,599.16,47,2,evening,sun,1,0.6663950974440921,0.6421687257045549,0.4663704243593234,0,1,1
D103938,36-50,411.17,50,1,evening,wed,0,0.4240125301294701,0.2416255583277447,0.46943582761476815,0,1,1
D103939,18-25,349.29,81,5,afternoon,fri,0,0.3801130867529465,0.8767247653799052,0.4420974856486678,0,1,0
D103940,18-25,63.59,38,3,evening,wed,0,0.3301206784454268,0.7407479923951479,0.2114620223321737,1,1,0
D103941,26-35,416.37,28,6,morning,thu,0,0.21611525716740076,0.4029907848714792,0.6783466289787222,1,0,1
D103942,26-35,431.15,33,1,afternoon,thu,0,0.9816136486851448,0.5632057376180126,0.26953405144305054,1,1,1
D103943,36-50,750.45,72,2,morning,sat,0,0.8545912150168313,0.31648527747119887,0.5188139540870744,1,0,0
D103944,26-35,1646.47,47,3,afternoon,wed,1,0.42280190421519404,0.79205708993015,0.3470573256759011,1,1,0
D103945,51-65,53.34,15,0,evening,mon,0,0.9111780740876981,0.3611552249742661,0.7670424994437656,1,1,1
D103946,26-35,172.5,62,1,morning,fri,0,0.8070660801049622,0.5126884633843275,0.8435504705427345,0,1,1
D103947,18-25,125.46,67,0,morning,sat,1,0.5498608190973074,0.7144502487761868,0.37163580830584103,0,1,1
D103948,51-65,285.79,22,3,evening,mon,0,0.7387571958514639,0.8345094667171015,0.5439072138357086,1,1,1
D103949,26-35,247.66,50,3,evening,sat,1,0.5633360364784483,0.8541327996953783,0.3590712279532885,1,1,1
D103950,26-35,198.21,50,1,afternoon,sat,0,0.836464412111909,0.8919543449464992,0.23862162423570243,1,0,0
D103951,65+,616.98,15,1,afternoon,fri,0,0.8670865158641898,0.41187727844589583,0.4867749489618941,1,0,1
D103952,65+,90.81,0,1,afternoon,sun,0,0.9268197270083235,0.7964043231922355,0.7070806801402231,1,1,0
D103953,36-50,95.87,64,2,evening,wed,1,0.8196384944471184,0.8611807086387027,0.344734601990593,1,1,0
D103954,18-25,97.34,55,3,evening,mon,1,0.9457248786519631,0.8699517313712104,0.24824069693229905,1,0,0
D103955,36-50,176.92,64,2,morning,fri,0,0.591043806202959,0.6651607016405465,0.022546642752157536,0,1,0
D103956,65+,80.99,33,2,night,fri,0,0.90310086144807,0.21673695405323595,0.9115818342812176,1,0,1
D103957,65+,234.23,46,0,evening,sun,0,0.49543055893323423,0.7909782272649115,0.9256853677958926,1,1,1
D103958,18-25,210.83,88,2,evening,tue,0,0.15015360953839293,0.5074982104232871,0.4517082558764444,0,1,1
D103959,26-35,120.56,20,2,morning,tue,0,0.9454112056194116,0.8145570800830322,0.2031865761019048,1,0,0
D103960,26-35,537.21,58,3,night,fri,1,0.6097736627442611,0.7694013835840731,0.17944976897491471,1,1,0
D103961,18-25,231.93,11,0,afternoon,wed,0,0.7593603773994647,0.4586291607567167,0.0942838383714902,1,1,0
D103962,36-50,636.75,5,3,afternoon,tue,0,0.5487596643459315,0.5397527182324373,0.6192628282024419,0,0,1
D103963,26-35,205.3,86,4,afternoon,fri,1,0.3367679809238362,0.6501611515946963,0.7571279129529926,1,0,1
D103964,26-35,239.42,11,1,afternoon,tue,0,0.5034089735746369,0.7139423760584858,0.4517003477611355,1,1,0
D103965,18-25,147.45,59,1,morning,sat,1,0.5891500446145895,0.7129798309900708,0.6716846875790922,0,1,1
D103966,36-50,243.15,46,0,morning,wed,0,0.6611746333196963,0.8638108798293409,0.5796178469296186,1,1,1
D103967,26-35,464.52,72,0,afternoon,fri,1,0.1918296690281746,0.47983171349821585,0.2729989325111714,0,1,0
D103968,26-35,168.98,49,2,afternoon,fri,0,0.9059932428361394,0.2977803174181669,0.6393243259462341,1,0,1
D103969,18-25,390.17,62,2,evening,fri,0,0.3380682972327646,0.4664774035680463,0.5470040615677811,1,0,1
D103970,65+,117.75,80,7,evening,wed,0,0.7206336237542025,0.34463370556981976,0.32965776408976316,1,1,0
D103971,18-25,484.51,74,2,evening,mon,1,0.3359049852930767,0.8523331073797056,0.6147642585999787,0,1,1
D103972,36-50,145.2,64,2,morning,fri,0,0.656923075098072,0.6256795421869821,0.39127386463129155,1,0,0
D103973,26-35,526.64,14,1,afternoon,thu,0,0.8368697034860828,0.8662374282739338,0.32194388496366755,1,0,0
D103974,18-25,258.5,15,2,evening,sun,0,0.73484151203105,0.7588038115478679,0.4476942100909749,1,1,0
D103975,26-35,961.85,44,1,evening,sun,0,0.36891758611979647,0.382031858182552,0.42729410712371635,0,1,1
D103976,18-25,86.6,59,1,afternoon,mon,1,0.7631635291830967,0.5555207477570047,0.6801728045920369,0,1,1
D103977,18-25,64.81,60,2,night,wed,1,0.6409671878525636,0.3962376896185503,0.24527776061933432,0,1,0
D103978,36-50,140.53,70,3,evening,wed,1,0.6964167217640971,0.4977465254847063,0.6829862212065243,1,1,1
D103979,36-50,70.38,9,0,evening,wed,0,0.5768322296240022,0.8377225660838966,0.21747100922994905,1,1,0
D103980,18-25,70.49,15,0,evening,sat,0,0.46017353555394364,0.8046901782292419,0.32648803022082823,1,1,1
D103981,26-35,428.12,13,6,afternoon,wed,0,0.3959571701437034,0.6110170095339571,0.32752080056612254,1,1,0
D103982,36-50,243.77,48,1,night,tue,0,0.5398921593453788,0.22383516775055334,0.7135948406577927,0,0,1
D103983,26-35,158.9,57,2,night,wed,0,0.8078657129191701,0.9566032505735141,0.3796693337952564,1,1,0
D103984,26-35,172.73,10,1,evening,sat,1,0.9049531023059644,0.6118904708398671,0.46145970489510374,1,1,0
D103985,18-25,142.95,78,2,evening,wed,1,0.3657714760491524,0.7465257006706225,0.7713417372980224,0,1,1
D103986,26-35,1080.67,27,4,night,tue,0,0.7192915617794128,0.741852576523519,0.2406755498533911,1,1,0
D103987,36-50,126.22,59,1,evening,sat,1,0.7387381916531244,0.5914483671771773,0.4351431481707436,1,0,0
D103988,65+,74.45,67,0,morning,mon,1,0.8476203833744179,0.26090937459208835,0.29492622896134635,1,1,0
D103989,65+,500.92,3,5,afternoon,thu,1,0.40816300328711497,0.6888776339387628,0.7148537850311967,0,1,1
D103990,65+,201.51,77,0,evening,mon,1,0.6166127269361593,0.14883525953801727,0.5174251594537937,1,0,1
D103991,26-35,1532.87,87,2,evening,fri,0,0.5297282667287804,0.7996234227303892,0.21397928307404135,1,1,0
D103992,18-25,152.39,86,1,afternoon,sun,0,0.19447126047433763,0.6180204494673137,0.3593092542219364,0,1,1
D103993,26-35,523.94,12,2,afternoon,thu,1,0.7339680788512662,0.7332132089731036,0.2357019194243104,0,0,0
D103994,26-35,648.06,35,4,night,sun,1,0.49517904072994895,0.22495782114460258,0.2674308006910665,1,0,0
D103995,18-25,153.06,20,1,afternoon,sun,0,0.2791139992921621,0.4160205069512889,0.08711924939488098,0,0,1
D103996,18-25,125.38,40,4,morning,sat,0,0.07978902549410671,0.5807143293105447,0.21246176494323207,0,1,0
D103997,36-50,476.86,87,1,evening,tue,1,0.8590882334141218,0.8969066366871943,0.2740764289758342,1,1,0
D103998,26-35,410.51,68,1,afternoon,mon,0,0.964346860483775,0.6359848571632569,0.84843235309162,1,0,1
D103999,26-35,68.75,69,2,afternoon,mon,0,0.6902569284503508,0.6767098537587959,0.7435151490124511,1,1,1
