debtor_id,debt_amount,days_since_last_contact,prior_contact_attempts,partial_payment_history,true_p_email,true_p_sms,true_p_post,responded_email,responded_sms,responded_post,age_18-25,age_26-35,age_36-50,age_51-65,age_65+,tod_afternoon,tod_evening,tod_morning,tod_night,dow_fri,dow_mon,dow_sat,dow_sun,dow_thu,dow_tue,dow_wed,is_weekend_contact,log_debt_amount,contact_intensity
D102549,310.72,89,3,0,0.1063675591699214,0.0417047081033889,0.6139331357630996,1,0,1,False,True,False,False,False,True,False,False,False,False,False,True,False,False,False,False,1,5.74210534897536,0.03333333333333333
D103828,645.87,89,1,0,0.3431923150729636,0.248618331626694,0.5012458323514843,0,0,0,False,False,False,False,True,False,True,False,False,True,False,False,False,False,False,False,0,6.472145346955262,0.011111111111111112
D103865,634.56,89,2,0,0.4597488176642556,0.4009713403151019,0.1456559103272973,0,0,0,False,True,False,False,False,False,False,True,False,False,False,False,True,False,False,False,1,6.454506500020166,0.022222222222222223
D101249,382.01,89,2,0,0.2124513249806547,0.3551910473355057,0.87197052029628,0,0,1,False,False,False,False,True,False,True,False,False,False,False,False,False,False,False,True,0,5.948061098500369,0.022222222222222223
D102359,677.39,89,6,1,0.5478154825938406,0.386733674530911,0.6507038793056651,0,0,1,False,True,False,False,False,True,False,False,False,False,False,False,False,False,False,True,0,6.5197223438030125,0.06666666666666667
D102761,107.79,89,3,0,0.398471306286829,0.1873630082779575,0.6946344216649126,1,0,0,False,False,False,False,True,False,False,False,True,False,False,False,False,True,False,False,0,4.689419418432991,0.03333333333333333
D103699,85.7,89,2,1,0.7266459443245529,0.4279682072495142,0.660505081236529,0,0,1,False,True,False,False,False,False,False,False,True,True,False,False,False,False,False,False,0,4.462453883786496,0.022222222222222223
D100832,191.79,89,3,1,0.4819227620725883,0.6043338515794665,0.7795767715823168,1,1,1,False,True,False,False,False,False,True,False,False,False,False,False,False,True,False,False,0,5.261601513611377,0.03333333333333333
D102728,183.19,89,3,0,0.250135632849174,0.7011013275212533,0.3418398174587886,0,1,1,False,True,False,False,False,True,False,False,False,False,False,False,True,False,False,False,1,5.215967833531011,0.03333333333333333
D101419,117.58,89,2,0,0.5149054541339282,0.0724296169281821,0.929832161488926,0,0,1,False,False,False,False,True,False,True,False,False,False,False,False,False,False,True,False,0,4.775587838279222,0.022222222222222223
D101444,597.22,89,1,1,0.6323762665743774,0.5830838410361128,0.3067044690402493,0,1,1,False,True,False,False,False,True,False,False,False,False,True,False,False,False,False,False,0,6.393958579271192,0.011111111111111112
D103843,289.34,89,4,0,0.3037365404328915,0.6598458407589584,0.5305083700225183,0,1,1,False,False,True,False,False,False,True,False,False,False,False,False,False,False,True,False,0,5.671052650033282,0.044444444444444446
D103482,80.47,89,1,1,0.6044500596745618,0.1400056735197458,0.3871820032639314,0,0,0,False,False,False,True,False,False,True,False,False,False,False,False,True,False,False,False,1,4.400234854322551,0.011111111111111112
D101121,44.81,89,4,0,0.1484595208806293,0.6388540229317268,0.3503439008861284,0,1,0,True,False,False,False,False,True,False,False,False,False,False,False,True,False,False,False,1,3.8245024078986507,0.044444444444444446
D101839,63.37,89,4,0,0.162103745283025,0.5589821548309712,0.2409243931702176,0,0,0,False,False,False,True,False,False,False,False,True,False,True,False,False,False,False,False,0,4.164647686064525,0.044444444444444446
D101893,69.78,89,0,1,0.8604248937627312,0.3318446342645706,0.4007214635209521,1,0,0,True,False,False,False,False,False,False,True,False,False,False,False,True,False,False,False,1,4.259576474917317,0.0
D101416,249.52,89,2,0,0.9237203687237692,0.082093896509481,0.3965158736737655,1,1,0,False,False,True,False,False,False,True,False,False,True,False,False,False,False,False,False,0,5.523538757657212,0.022222222222222223
D103624,63.54,89,3,0,0.1375748629690502,0.3555634517953239,0.2459916470849588,1,0,0,False,False,True,False,False,False,True,False,False,False,False,True,False,False,False,False,1,4.167285186623816,0.03333333333333333
D103610,361.75,89,1,0,0.3046726227784539,0.456405358633931,0.2491954495752887,0,1,1,False,False,True,False,False,True,False,False,False,False,False,False,True,False,False,False,1,5.893713891764297,0.011111111111111112
D100206,118.18,89,2,0,0.4130910949586361,0.3237476255293842,0.1562649422624956,0,0,0,True,False,False,False,False,False,False,False,True,False,False,True,False,False,False,False,1,4.780634955318833,0.022222222222222223
D103082,152.17,89,5,0,0.2485655329335744,0.3989568032097122,0.4984979871290771,0,0,0,False,False,True,False,False,True,False,False,False,False,False,False,True,False,False,False,1,5.031548415676463,0.05555555555555555
D102032,46.73,89,1,1,0.5704586051599903,0.9695126470596274,0.5491356427640312,0,1,1,False,True,False,False,False,True,False,False,False,False,False,False,False,False,False,True,0,3.865560131017805,0.011111111111111112
D103131,76.43,89,7,0,0.5718735303790056,0.5286303916735782,0.3902671937259888,1,1,0,False,False,False,True,False,True,False,False,False,False,False,False,False,False,True,False,0,4.349374302398632,0.07777777777777778
D103068,405.21,89,5,0,0.2067605408713122,0.5868898505193356,0.4426765323052394,1,1,0,False,False,False,True,False,False,False,True,False,False,False,True,False,False,False,False,1,6.00687026725783,0.05555555555555555
D102147,437.06,89,1,0,0.8312237263600013,0.286783641685961,0.3147695247188106,1,1,0,False,False,False,False,True,False,False,True,False,False,True,False,False,False,False,False,0,6.08235588729605,0.011111111111111112
D102122,334.29,89,1,0,0.1387684530363553,0.2487859727164748,0.1143480404117069,0,1,0,False,True,False,False,False,False,True,False,False,False,False,False,False,True,False,False,0,5.814995828989263,0.011111111111111112
D101234,158.19,89,0,0,0.112931084971503,0.5840184137241198,0.1288954387711501,0,1,0,False,True,False,False,False,True,False,False,False,False,False,False,False,False,False,True,0,5.0700984573670445,0.0
D102231,900.49,89,4,0,0.0283260043613212,0.1550054047604664,0.673624862285283,0,1,0,False,False,True,False,False,False,False,False,True,False,False,False,False,False,False,True,0,6.804048949958443,0.044444444444444446
D102974,500.55,89,2,0,0.3308236049423934,0.3215720604123435,0.3422896640744805,0,0,0,False,False,True,False,False,False,False,False,True,False,False,False,False,False,True,False,0,6.217703303329494,0.022222222222222223
D102926,350.61,89,2,0,0.1918517857772164,0.2243799068251052,0.6005236398204149,0,0,0,False,False,True,False,False,False,True,False,False,False,False,False,True,False,False,False,1,5.862522606817267,0.022222222222222223
D102964,204.17,89,1,1,0.2911289915693513,0.1681377948939043,0.3915475213641098,1,0,0,False,True,False,False,False,False,True,False,False,False,False,True,False,False,False,False,1,5.323838903778114,0.011111111111111112
D102249,177.86,89,1,1,0.7377017778668363,0.8788951051467826,0.5148275731158769,0,1,1,False,True,False,False,False,False,False,True,False,False,False,False,True,False,False,False,1,5.186603376918035,0.011111111111111112
D101911,332.79,89,4,1,0.1614295913979528,0.1654170501406693,0.253582053023522,0,0,0,False,True,False,False,False,True,False,False,False,False,False,True,False,False,False,False,1,5.810512052720266,0.044444444444444446
D100396,246.96,89,1,1,0.4749037169474901,0.3170105738811402,0.8027629923152417,0,0,1,False,False,False,True,False,False,False,True,False,False,False,False,False,False,False,True,0,5.513267442833719,0.011111111111111112
D103261,1226.17,89,1,0,0.6108613444055013,0.5512820746179696,0.2831699049743951,0,1,0,False,False,True,False,False,True,False,False,False,False,False,False,False,False,False,True,0,7.112465984421096,0.011111111111111112
D100281,1651.61,89,1,1,0.35606172821703,0.2196035952645754,0.2513931065437277,1,0,0,False,True,False,False,False,True,False,False,False,False,False,False,False,False,False,True,0,7.4101111353198155,0.011111111111111112
D103282,152.01,89,3,0,0.3802202596840524,0.0639936830354348,0.3855417045186357,0,0,0,False,True,False,False,False,True,False,False,False,False,False,False,True,False,False,False,1,5.030503278733722,0.03333333333333333
D101079,313.59,89,1,0,0.2705751614961726,0.2387588010583919,0.0798913002605336,0,0,0,False,True,False,False,False,True,False,False,False,True,False,False,False,False,False,False,0,5.751270203723556,0.011111111111111112
D102246,1196.48,88,2,1,0.3976917095325834,0.5774824337817885,0.5979640052322415,0,1,0,False,True,False,False,False,False,True,False,False,False,False,False,True,False,False,False,1,7.087974627684222,0.02247191011235955
D102877,90.5,88,3,0,0.4562808650424666,0.7538814009110371,0.1245474135546446,0,1,0,False,True,False,False,False,False,True,False,False,False,True,False,False,False,False,False,0,4.516338972281476,0.033707865168539325
D100178,117.16,88,5,0,0.7097220159188304,0.1458294891688287,0.1638481601164406,0,0,0,False,False,False,True,False,False,True,False,False,False,True,False,False,False,False,False,0,4.7720396382231245,0.056179775280898875
D102460,104.8,88,1,1,0.1615543093472731,0.6921556580674569,0.6241021281685907,0,0,1,False,False,False,True,False,False,True,False,False,False,False,False,False,False,False,True,0,4.661550519424199,0.011235955056179775
D103811,69.65,88,0,0,0.5662733538680159,0.6496411011330944,0.4304463677181178,1,0,0,True,False,False,False,False,True,False,False,False,True,False,False,False,False,False,False,0,4.257738109130536,0.0
D102538,1053.35,88,3,0,0.154443525137402,0.6741122609973089,0.4811951638619843,0,1,0,True,False,False,False,False,False,True,False,False,False,False,False,True,False,False,False,1,6.960679742290024,0.033707865168539325
D103764,621.71,88,5,1,0.253817689785397,0.2516921742128147,0.3399627897451168,1,1,1,True,False,False,False,False,False,True,False,False,False,False,False,True,False,False,False,1,6.434080920846939,0.056179775280898875
D103761,1683.24,88,1,1,0.4594882308510032,0.8798643887808048,0.3001846964150516,1,0,0,False,True,False,False,False,False,False,False,True,False,False,False,False,True,False,False,0,7.4290697024623,0.011235955056179775
D101331,207.05,88,4,1,0.8255225533746677,0.1831178302661216,0.3233610243116276,1,0,0,False,False,True,False,False,False,False,True,False,False,False,False,False,False,False,True,0,5.33777843542895,0.0449438202247191
D102509,215.24,88,2,0,0.5487858104103893,0.3238483850517925,0.7866970413151971,1,0,0,False,False,True,False,False,False,False,True,False,False,False,False,False,True,False,False,0,5.376388901968192,0.02247191011235955
D102354,183.13,88,0,0,0.4077847299320326,0.3186446899639552,0.2893002697897816,0,1,0,False,True,False,False,False,True,False,False,False,True,False,False,False,False,False,False,0,5.215642029879128,0.0
D103741,44.9,88,3,1,0.6156304099459402,0.6056193608606546,0.5964144811109947,1,1,1,False,True,False,False,False,True,False,False,False,False,True,False,False,False,False,False,0,3.8264651170664994,0.033707865168539325
D102754,21.42,88,2,0,0.8396833463127528,0.1506440286012423,0.1463668720250601,1,0,1,False,False,False,True,False,False,False,True,False,False,False,False,True,False,False,False,1,3.109953417644014,0.02247191011235955
D101548,46.04,88,3,0,0.2702350138178007,0.2956305674782168,0.5798790882319133,1,0,1,False,True,False,False,False,False,False,True,False,False,False,False,False,True,False,False,0,3.8509983035903717,0.033707865168539325
D102317,187.14,88,2,1,0.2483247850373745,0.3168414214290829,0.4907965911574438,0,0,0,False,False,False,True,False,True,False,False,False,False,False,False,True,False,False,False,1,5.237186366543805,0.02247191011235955
D102738,120.58,88,3,1,0.3519210877217082,0.5740981132310761,0.6565885916912424,0,1,0,False,False,True,False,False,True,False,False,False,True,False,False,False,False,False,False,0,4.800572482320576,0.033707865168539325
D100696,220.5,88,3,0,0.5560006645807772,0.0525617330442312,0.2243204814584791,0,0,1,False,False,False,True,False,False,True,False,False,False,True,False,False,False,False,False,0,5.40042258948519,0.033707865168539325
D103488,409.6,88,3,0,0.7314309478118244,0.2089267853233365,0.2632360470418076,1,1,0,False,True,False,False,False,False,True,False,False,False,False,False,False,False,False,True,0,6.017619504584833,0.033707865168539325
D100330,227.95,88,2,0,0.8671234983973327,0.1489600040521277,0.143506466188497,1,0,0,False,False,False,True,False,False,False,True,False,False,False,False,True,False,False,False,1,5.433503639103105,0.02247191011235955
D100199,771.88,88,2,0,0.7571237543340957,0.0962511578071865,0.6140968320186347,1,0,1,False,True,False,False,False,False,True,False,False,False,True,False,False,False,False,False,0,6.650123797209254,0.02247191011235955
D103290,98.41,88,1,0,0.6847831099552404,0.2330469758004567,0.3425394683495192,0,0,0,False,True,False,False,False,True,False,False,False,False,False,False,False,True,False,False,0,4.599252712224054,0.011235955056179775
D100376,169.13,88,0,0,0.5120231401266123,0.3509408737399128,0.5189957678005372,0,0,1,False,False,False,False,True,False,False,True,False,False,False,True,False,False,False,False,1,5.136562850694046,0.0
D103201,405.51,88,1,0,0.6425355626944512,0.6623786951561624,0.3024477883598405,0,1,0,False,False,False,False,True,True,False,False,False,False,True,False,False,False,False,False,0,6.007608528931287,0.011235955056179775
D100424,968.46,88,3,0,0.709173095708465,0.4424373397342194,0.589432469005053,0,0,1,False,False,True,False,False,False,True,False,False,True,False,False,False,False,False,False,0,6.8767392154509475,0.033707865168539325
D101718,351.46,88,2,0,0.4657910444060836,0.1806040863389998,0.4955502072502485,1,0,1,False,False,True,False,False,False,False,True,False,False,False,False,False,False,False,True,0,5.864937140636223,0.02247191011235955
D101998,256.56,88,0,0,0.7502619772334682,0.1980266212882179,0.4955624107534356,1,0,0,False,False,False,True,False,False,True,False,False,False,False,False,True,False,False,False,1,5.5512527026699825,0.0
D102163,73.78,88,2,1,0.7087244648955984,0.6821657872512594,0.1221291717789587,1,1,0,False,True,False,False,False,False,True,False,False,False,False,True,False,False,False,False,1,4.314550469548967,0.02247191011235955
D102017,103.4,88,4,0,0.1084064417040293,0.2357013614592714,0.4084015795945642,0,0,1,True,False,False,False,False,True,False,False,False,False,True,False,False,False,False,False,0,4.648229675448539,0.0449438202247191
D103002,431.55,88,2,1,0.5643062472725298,0.3336216076409715,0.2118557132392905,0,1,0,False,True,False,False,False,True,False,False,False,False,False,True,False,False,False,False,1,6.069697926626383,0.02247191011235955
D102167,23.73,88,6,0,0.5653350802807654,0.5294357304398108,0.1178135106983854,1,0,0,False,True,False,False,False,True,False,False,False,False,True,False,False,False,False,False,0,3.208017081533325,0.06741573033707865
D102042,31.63,88,0,0,0.5776628798178388,0.0995351590277634,0.846409113114291,1,0,1,False,False,True,False,False,False,False,True,False,True,False,False,False,False,False,False,0,3.4852321106052293,0.0
D102086,102.56,88,2,0,0.3614022907097639,0.8089606161801484,0.3123571616498111,0,1,1,False,True,False,False,False,False,False,True,False,False,False,False,False,True,False,False,0,4.640151154883337,0.02247191011235955
D103056,908.69,88,1,0,0.2611315594930249,0.501923359677521,0.5371579004483581,0,1,0,False,False,True,False,False,False,True,False,False,True,False,False,False,False,False,False,0,6.813103882132662,0.011235955056179775
D101003,383.91,88,2,0,0.5755323884277627,0.769096701647561,0.3249932853253344,1,1,0,False,True,False,False,False,False,True,False,False,False,False,True,False,False,False,False,1,5.953009540726433,0.02247191011235955
D102229,37.48,88,1,0,0.5966579290194166,0.5550049651457681,0.2894594910985678,1,0,1,False,False,True,False,False,False,True,False,False,False,True,False,False,False,False,False,0,3.6501386257975055,0.011235955056179775
D101141,612.5,88,1,0,0.3756095026560579,0.212598765665568,0.5384987491517982,0,0,0,False,False,False,True,False,False,False,False,True,False,True,False,False,False,False,False,0,6.419180264150966,0.011235955056179775
D103958,210.83,88,2,0,0.1501536095383929,0.5074982104232871,0.4517082558764444,0,1,1,True,False,False,False,False,False,True,False,False,False,False,False,False,False,True,False,0,5.355784066196366,0.02247191011235955
D100090,136.37,88,1,0,0.3281308886154327,0.5783259660142187,0.3694660729680495,0,1,0,False,True,False,False,False,True,False,False,False,False,False,False,False,False,False,True,0,4.922678015337114,0.011235955056179775
D103239,407.39,88,3,1,0.4991881831422244,0.1442755906803443,0.0650766330694732,0,0,0,False,True,False,False,False,False,True,False,False,False,False,False,True,False,False,False,1,6.012222600192492,0.033707865168539325
D101101,321.13,88,3,0,0.6854857582020601,0.6523237928577285,0.0891070560811079,1,1,0,False,True,False,False,False,False,True,False,False,False,False,False,False,False,True,False,0,5.774955190776784,0.033707865168539325
D103308,59.89,88,1,0,0.6420150680657547,0.4688930563761833,0.5616323894431529,1,0,1,False,False,True,False,False,False,False,True,False,False,False,False,False,False,False,True,0,4.109068957620483,0.011235955056179775
D100593,650.05,88,1,1,0.1030854718758263,0.0799232983592837,0.5057376494741889,0,0,0,False,False,True,False,False,False,False,False,True,False,False,False,False,False,False,True,0,6.478586444174737,0.011235955056179775
D100268,353.87,88,3,0,0.5113779310619547,0.8095574149682886,0.2017753098453634,1,1,0,True,False,False,False,False,False,True,False,False,False,True,False,False,False,False,False,0,5.871751525225755,0.033707865168539325
D100988,425.46,88,4,1,0.7426507005589861,0.8696868089435268,0.2011741313743188,1,1,0,False,True,False,False,False,False,True,False,False,False,False,False,False,False,False,True,0,6.055518575898088,0.0449438202247191
D100527,524.84,88,3,0,0.7996703761665392,0.1938443268447957,0.6141371719995682,1,1,1,False,False,False,False,True,False,False,True,False,True,False,False,False,False,False,False,0,6.264996983955321,0.033707865168539325
D103013,68.01,88,5,0,0.7838508635279059,0.7947292823858918,0.302035681629397,1,1,1,False,False,True,False,False,False,True,False,False,True,False,False,False,False,False,False,0,4.234251421632511,0.056179775280898875
D100643,132.98,87,0,0,0.2632131218232746,0.2952031881469502,0.2484318574144281,1,0,0,False,True,False,False,False,True,False,False,False,True,False,False,False,False,False,False,0,4.897690535080121,0.0
D101793,685.49,87,1,0,0.3266750719641072,0.0990827430948985,0.4086497145203173,0,0,0,False,False,True,False,False,False,True,False,False,False,False,False,False,False,False,True,0,6.531591658459543,0.011363636363636364
D100415,271.73,87,0,0,0.3296775676323178,0.1591814830398771,0.0403067464331458,1,0,0,False,True,False,False,False,False,False,True,False,False,False,False,False,False,True,False,0,5.608482294801877,0.0
D100341,915.16,87,5,0,0.1799472020562037,0.2203492298211316,0.4764549306663549,1,0,0,False,False,False,False,True,False,True,False,False,False,False,False,False,True,False,False,0,6.82019102190975,0.056818181818181816
D101086,359.92,87,3,0,0.2951009542438559,0.8284260629453494,0.0490924237558232,1,1,0,False,False,False,True,False,True,False,False,False,False,False,False,True,False,False,False,1,5.8886563271263,0.03409090909090909
D102560,2525.5,87,3,1,0.5204165729591146,0.5308374196513691,0.2939492730430574,1,0,0,False,False,True,False,False,False,True,False,False,False,False,False,False,False,False,True,0,7.834590224731963,0.03409090909090909
D103997,476.86,87,1,1,0.8590882334141218,0.8969066366871943,0.2740764289758342,1,1,0,False,False,True,False,False,False,True,False,False,False,False,False,False,False,True,False,0,6.169317802562385,0.011363636363636364
D102574,179.94,87,0,0,0.778339096002119,0.1925676668494503,0.8077561752410252,1,0,0,False,False,True,False,False,False,True,False,False,False,False,False,False,False,True,False,0,5.198165484597595,0.0
D101402,101.07,87,0,0,0.6015569843961314,0.1730608826552079,0.4513505413915481,1,0,0,False,False,False,False,True,True,False,False,False,False,False,False,False,False,False,True,0,4.625658852415407,0.0
D100700,87.69,87,3,0,0.4831207463945884,0.3536276127530542,0.3476893845256347,1,0,1,False,True,False,False,False,False,False,True,False,False,False,False,False,False,False,True,0,4.485147143388361,0.03409090909090909
D102766,1470.66,87,1,0,0.2074180597212275,0.1327408578032979,0.2502256222940607,0,0,1,False,True,False,False,False,True,False,False,False,False,True,False,False,False,False,False,0,7.294146294348365,0.011363636363636364
D100882,51.78,87,3,1,0.6579768922414001,0.387456737668801,0.6843789799032302,0,1,1,False,False,False,False,True,False,True,False,False,False,False,True,False,False,False,False,1,3.966132331075178,0.03409090909090909
D103915,1021.15,87,2,1,0.2782789776248724,0.5993345662762791,0.183736896048543,0,1,0,False,True,False,False,False,True,False,False,False,False,True,False,False,False,False,False,0,6.929663531031017,0.022727272727272728
D100054,389.67,87,2,0,0.5134792234452853,0.2313369277392938,0.8379228959490802,0,1,1,False,False,True,False,False,True,False,False,False,False,True,False,False,False,False,False,0,5.967863213855655,0.022727272727272728
D102543,325.06,87,2,0,0.3588117945941396,0.2658264753703527,0.2099326351558416,0,1,0,False,True,False,False,False,True,False,False,False,False,False,False,False,False,False,True,0,5.787081413511508,0.022727272727272728
D101495,245.79,87,4,1,0.7576889166396426,0.7955252681313574,0.2259109377633718,0,1,0,False,False,True,False,False,False,True,False,False,False,False,False,False,True,False,False,0,5.508537772571756,0.045454545454545456
D101339,632.12,87,4,0,0.2753301719336224,0.596210697537297,0.2066270019263688,1,0,0,False,True,False,False,False,False,False,True,False,False,False,False,False,False,True,False,0,6.450659977637114,0.045454545454545456
D102492,648.95,87,1,0,0.2721873812973245,0.7616272553123741,0.2687580003272335,0,1,0,True,False,False,False,False,False,False,True,False,False,False,True,False,False,False,False,1,6.476895436854028,0.011363636363636364
D100862,292.95,87,3,1,0.6395171388008256,0.2597281993249835,0.1088841056709736,1,0,0,False,False,False,True,False,False,False,True,False,False,False,False,False,False,False,True,0,5.683409684848264,0.03409090909090909
D102715,348.36,87,0,0,0.3369186877000216,0.623602255070413,0.1057644608303282,0,0,0,False,True,False,False,False,False,True,False,False,False,True,False,False,False,False,False,0,5.856102909177306,0.0
D102444,1577.12,87,5,0,0.0202647165271423,0.4269325127969502,0.2931961345915413,0,1,0,False,False,True,False,False,False,False,True,False,False,True,False,False,False,False,False,0,7.363989544141874,0.056818181818181816
D101703,131.24,87,3,1,0.6306597378856958,0.7961366336797767,0.1949729146920842,1,1,0,False,False,True,False,False,False,True,False,False,False,False,False,False,True,False,False,0,4.884618453512769,0.03409090909090909
D100436,147.78,87,0,0,0.8201368664758195,0.2272210850686001,0.1413349940173728,1,0,0,True,False,False,False,False,False,False,True,False,True,False,False,False,False,False,False,0,5.002468704763196,0.0
D101995,276.41,87,1,1,0.9045430892379752,0.429263835889684,0.5781803228570668,1,0,0,False,False,False,True,False,False,False,True,False,False,False,False,False,True,False,False,0,5.625496556257657,0.011363636363636364
D101825,254.21,87,1,0,0.458022769224748,0.6215862566806993,0.5485580091903326,0,0,0,True,False,False,False,False,True,False,False,False,False,False,False,False,False,False,True,0,5.542086735655903,0.011363636363636364
D101766,182.12,87,2,1,0.7857134551799562,0.664780441913889,0.579353297066739,1,0,1,False,False,False,False,True,False,False,False,True,False,False,False,False,False,False,True,0,5.210141675644311,0.022727272727272728
D103425,1444.63,87,0,1,0.5692507137295229,0.0565755308432487,0.5592187270921406,1,0,1,False,False,True,False,False,False,True,False,False,False,False,True,False,False,False,False,1,7.2763004916913525,0.0
D103328,1096.58,87,2,0,0.4468220544838721,0.2777543812650869,0.1791039866947668,1,0,0,False,False,True,False,False,True,False,False,False,False,False,False,False,False,False,True,0,7.000863035231262,0.022727272727272728
D103991,1532.87,87,2,0,0.5297282667287804,0.7996234227303892,0.2139792830740413,1,1,0,False,True,False,False,False,False,True,False,False,True,False,False,False,False,False,False,0,7.335549232573364,0.022727272727272728
D101771,525.69,87,4,1,0.0535332428198596,0.296035886821032,0.4591493619913895,0,1,0,False,False,False,True,False,False,False,False,True,False,False,False,False,True,False,False,0,6.266612140168987,0.045454545454545456
D100606,265.65,87,1,1,0.7451503802579784,0.1698342956018806,0.6432882713623314,1,0,0,False,False,False,True,False,True,False,False,False,True,False,False,False,False,False,False,0,5.585936937046611,0.011363636363636364
D103696,150.21,87,6,1,0.4766824399946806,0.2066494314301721,0.3644050744745268,0,0,0,False,True,False,False,False,False,True,False,False,False,True,False,False,False,False,False,0,5.0186695991245776,0.06818181818181818
D102635,631.84,87,3,0,0.5472771856102601,0.2558772876702559,0.2392981488773848,1,0,1,False,True,False,False,False,True,False,False,False,False,True,False,False,False,False,False,0,6.450217625580863,0.03409090909090909
D101520,605.32,87,0,0,0.4710487751724546,0.2555014854990595,0.1348840309597928,1,0,0,False,True,False,False,False,True,False,False,False,False,False,False,False,True,False,False,0,6.407407899503774,0.0
D100841,50.72,87,4,1,0.8891895082551758,0.7979571816545034,0.2170113293263736,1,1,0,False,False,False,True,False,True,False,False,False,False,False,False,False,True,False,False,0,3.945844553903657,0.045454545454545456
D100107,221.02,87,3,0,0.3944112754554488,0.1648382017623135,0.2669429184305412,1,0,0,False,True,False,False,False,True,False,False,False,False,False,False,True,False,False,False,1,5.402767467904501,0.03409090909090909
D102747,843.38,87,1,1,0.2064475481973238,0.5658158382600159,0.6891155729067006,0,1,0,False,True,False,False,False,False,False,False,True,False,True,False,False,False,False,False,0,6.738602630236532,0.011363636363636364
D102768,216.24,87,0,1,0.7967344193695032,0.1874625869948566,0.930045948925263,1,0,1,False,False,False,True,False,True,False,False,False,False,False,False,False,False,True,False,0,5.381002733166644,0.0
D100703,1468.34,87,2,1,0.5835861547253499,0.2464833684495171,0.6108528916681981,1,0,0,False,False,False,True,False,True,False,False,False,False,False,True,False,False,False,False,1,7.292568599359429,0.022727272727272728
D100883,20.0,87,3,0,0.7629113317885934,0.3182804229623118,0.4363229308669202,1,0,1,False,False,True,False,False,True,False,False,False,False,False,False,True,False,False,False,1,3.044522437723423,0.03409090909090909
D102725,73.52,87,2,1,0.822151127171145,0.1687794852239275,0.7442986299481725,1,0,1,False,False,False,True,False,False,True,False,False,False,False,False,False,False,True,False,0,4.311067545733388,0.022727272727272728
D102793,1166.22,87,3,0,0.2505093642920714,0.2309576733171849,0.1153791006556913,0,0,0,False,False,False,False,True,True,False,False,False,False,False,False,False,True,False,False,0,7.062380132085762,0.03409090909090909
D100168,23.31,87,4,0,0.8571676061060268,0.7178315005707732,0.1947370593582184,0,1,0,False,True,False,False,False,False,True,False,False,False,False,False,False,True,False,False,0,3.1908877883280318,0.045454545454545456
D100131,209.27,87,0,0,0.7894351444890852,0.1309447217077273,0.7096526582241923,1,0,1,False,False,False,False,True,True,False,False,False,False,False,False,False,False,True,False,0,5.348392419180343,0.0
D103647,283.28,87,1,0,0.4162492234921252,0.5813936298000288,0.3577847785151093,0,0,0,False,True,False,False,False,False,True,False,False,False,False,False,False,False,False,True,0,5.6499596679586945,0.011363636363636364
D100219,186.07,87,3,1,0.3613581767543281,0.6823268770672812,0.3165982605665646,0,1,1,False,True,False,False,False,False,True,False,False,False,False,False,True,False,False,False,1,5.231482878360813,0.03409090909090909
D102103,461.33,87,0,0,0.3540576590310989,0.1379187884110611,0.2033841638439159,0,0,1,False,False,False,False,True,False,True,False,False,False,False,True,False,False,False,False,1,6.1362789218153955,0.0
D102237,163.02,87,0,0,0.9154520566401636,0.6472902448895854,0.5117112817043422,1,0,1,False,True,False,False,False,False,True,False,False,False,False,False,True,False,False,False,1,5.099988371608265,0.0
D101626,337.45,87,2,1,0.9481717445055026,0.5206828032597445,0.2653427239053517,1,0,0,False,True,False,False,False,False,False,True,False,False,False,False,False,True,False,False,0,5.824376370954616,0.022727272727272728
D102208,75.02,87,3,0,0.5681290670328143,0.4282179015394224,0.0284650423957977,0,0,0,False,True,False,False,False,False,False,False,True,False,True,False,False,False,False,False,0,4.330996463561102,0.03409090909090909
D103723,46.52,87,1,0,0.7069614964427288,0.3134299435775982,0.523107351289722,1,0,0,False,True,False,False,False,False,True,False,False,False,False,False,True,False,False,False,1,3.8611506750543896,0.011363636363636364
D100146,409.48,87,4,0,0.8085183216106562,0.1668236057500819,0.1726807484697637,1,0,0,False,True,False,False,False,True,False,False,False,False,True,False,False,False,False,False,0,6.017327206633709,0.045454545454545456
D103059,80.03,87,0,0,0.13350565871352,0.6466796132011696,0.7732760395402907,0,0,1,False,True,False,False,False,False,True,False,False,False,True,False,False,False,False,False,0,4.394819456472634,0.0
D100569,153.71,87,2,1,0.5259690804750918,0.592501660292431,0.4120928658905312,1,0,1,False,False,True,False,False,False,True,False,False,False,False,False,True,False,False,False,1,5.041552396730977,0.022727272727272728
D102773,62.39,86,2,1,0.428945435239347,0.8542845186965659,0.7709250701752445,1,1,1,True,False,False,False,False,False,True,False,False,False,False,False,False,False,True,False,0,4.149306120296075,0.022988505747126436
D102275,173.64,86,3,0,0.3193906029623817,0.5785414567796541,0.1128540549352612,0,1,0,True,False,False,False,False,False,True,False,False,True,False,False,False,False,False,False,0,5.162726712241688,0.034482758620689655
D102284,74.16,86,3,1,0.4366408350722863,0.8927082609296788,0.8837293371886386,0,1,1,False,True,False,False,False,False,False,True,False,False,False,False,False,True,False,False,0,4.319619174545265,0.034482758620689655
D102594,3041.41,86,4,0,0.0355191849983676,0.3720959900785727,0.1038949461129437,0,0,1,False,True,False,False,False,False,True,False,False,False,False,False,False,True,False,False,0,8.020405243487428,0.04597701149425287
D102623,185.82,86,0,0,0.7373396211098314,0.0651218496287276,0.1008184947773202,0,0,0,False,False,False,False,True,False,True,False,False,False,False,False,False,True,False,False,0,5.230145586444703,0.0
D102450,686.88,86,3,1,0.6469777666198138,0.2389367135168031,0.6307841319195114,1,1,1,False,False,True,False,False,False,True,False,False,True,False,False,False,False,False,False,0,6.5336144041159985,0.034482758620689655
D103963,205.3,86,4,1,0.3367679809238362,0.6501611515946963,0.7571279129529926,1,0,1,False,True,False,False,False,True,False,False,False,True,False,False,False,False,False,False,0,5.329331420077207,0.04597701149425287
D100823,188.18,86,4,0,0.4160135971816618,0.4827874268198423,0.0840709525135351,1,0,0,False,False,True,False,False,False,True,False,False,False,False,True,False,False,False,False,1,5.242698942785024,0.04597701149425287
D103931,199.57,86,2,1,0.5950771332956757,0.2287556277376168,0.1738409558570251,1,0,0,False,False,True,False,False,False,True,False,False,False,False,False,True,False,False,False,1,5.301163312997955,0.022988505747126436
D102372,406.29,86,0,0,0.5377613546558682,0.2699118137577641,0.5417354511612814,0,1,1,False,True,False,False,False,False,False,False,True,False,False,False,False,False,True,False,0,6.009525462425637,0.0
D101264,165.88,86,3,0,0.2507385063433491,0.1150750037906997,0.3593330050797907,0,0,1,False,False,True,False,False,False,False,True,False,False,False,False,False,False,False,True,0,5.117274991252462,0.034482758620689655
D101511,82.29,86,4,0,0.3866325562851639,0.5897572224978214,0.4946527303015523,1,0,1,False,True,False,False,False,False,False,True,False,False,False,False,False,False,True,False,0,4.42232849394725,0.04597701149425287
D101512,571.73,86,6,0,0.4426357386178008,0.4210297751950789,0.3140985154671273,1,0,0,False,False,True,False,False,False,False,True,False,False,False,False,False,True,False,False,0,6.350414401474677,0.06896551724137931
D102757,192.81,86,0,0,0.1987777095690875,0.1871946186185882,0.2495355056259603,0,1,0,False,False,True,False,False,True,False,False,False,False,False,False,False,False,True,False,0,5.2668782977126565,0.0
D103767,77.15,86,1,1,0.9553013680610948,0.5090091271571252,0.8776483098625962,1,1,1,False,True,False,False,False,True,False,False,False,False,False,False,False,True,False,False,0,4.358630056867486,0.011494252873563218
D103893,585.9,86,4,0,0.4887525107617428,0.4997837007426172,0.2327244497685955,0,1,0,False,False,True,False,False,False,True,False,False,False,False,False,False,True,False,False,0,6.374854447564289,0.04597701149425287
D103786,510.93,86,4,1,0.5889791562935879,0.4471325831207181,0.9190877094649323,1,0,0,False,False,False,False,True,True,False,False,False,False,False,True,False,False,False,False,1,6.238187896942647,0.04597701149425287
D103892,405.88,86,1,1,0.4249237766373942,0.8398140894957926,0.7885722380503822,0,1,1,False,False,True,False,False,False,True,False,False,False,False,False,False,False,True,False,0,6.008518301673809,0.011494252873563218
D103876,89.63,86,5,0,0.5722134677301425,0.2181969822019111,0.3119865666816868,0,0,0,True,False,False,False,False,True,False,False,False,False,False,False,False,False,True,False,0,4.50678528406669,0.05747126436781609
D100653,126.39,86,1,0,0.7384114747705665,0.8230559997214547,0.1320463414763945,0,1,0,False,True,False,False,False,False,True,False,False,True,False,False,False,False,False,False,0,4.847253247121696,0.011494252873563218
D100137,213.92,86,3,0,0.5096132929744274,0.4658199952000511,0.2583917675520147,0,0,0,False,False,True,False,False,False,False,True,False,False,True,False,False,False,False,False,0,5.37026586586062,0.034482758620689655
D102896,447.61,86,3,0,0.4439564626020768,0.3461868895932529,0.5904796167938103,0,1,1,False,False,False,False,True,True,False,False,False,False,True,False,False,False,False,False,0,6.10615391341144,0.034482758620689655
D102039,109.98,86,1,1,0.9648690989780636,0.95065935956783,0.4510983227813694,1,0,0,False,False,False,True,False,False,True,False,False,True,False,False,False,False,False,False,0,4.709350004897755,0.011494252873563218
D102047,275.01,86,3,0,0.109493001053186,0.5239665333715992,0.1720873881078382,0,1,0,False,False,True,False,False,False,False,True,False,False,True,False,False,False,False,False,0,5.620437096944849,0.034482758620689655
D103129,116.98,86,6,1,0.1082565049598404,0.0397399118528321,0.7793044197159799,1,0,1,False,False,False,False,True,False,True,False,False,False,True,False,False,False,False,False,0,4.770515118574929,0.06896551724137931
D103161,354.07,86,2,1,0.6917724039933738,0.3324825624860407,0.7283643599542077,0,0,1,False,False,False,False,True,False,True,False,False,False,False,False,False,False,True,False,0,5.872314953135976,0.022988505747126436
D103139,470.37,86,0,0,0.4110124611524631,0.4257808831488742,0.1749194657898934,0,0,0,False,True,False,False,False,False,True,False,False,False,False,False,False,True,False,False,0,6.1556433482562865,0.0
D101667,227.16,86,2,0,0.4276533436735039,0.4245402296074835,0.5300969464060779,0,0,0,False,True,False,False,False,True,False,False,False,False,False,False,False,False,False,True,0,5.430047137225931,0.022988505747126436
D101651,73.04,86,5,0,0.7004797704617065,0.0391243203744051,0.2385429247828871,1,0,0,False,True,False,False,False,False,True,False,False,False,False,False,False,False,True,False,0,4.304605487705297,0.05747126436781609
D101008,51.62,86,2,1,0.3171156526197484,0.6890736843660443,0.7934586642524863,0,1,1,False,False,True,False,False,False,False,True,False,True,False,False,False,False,False,False,0,3.9630962756121466,0.022988505747126436
D101663,179.6,86,1,0,0.2639403956815644,0.1363280885447449,0.6004944241076852,0,0,0,False,True,False,False,False,True,False,False,False,False,True,False,False,False,False,False,0,5.196284640982885,0.011494252873563218
D100974,139.01,86,2,0,0.2203835748835381,0.6441341821854817,0.4974609946213557,0,1,1,False,True,False,False,False,False,False,True,False,False,False,False,False,False,False,True,0,4.941713848629834,0.022988505747126436
D102146,224.36,86,2,1,0.6695211545142854,0.8106664859906075,0.0914396020320423,1,1,0,True,False,False,False,False,False,True,False,False,False,True,False,False,False,False,False,0,5.417699123568117,0.022988505747126436
D103590,154.14,86,3,1,0.3001769558016477,0.3696515048700398,0.8991559728087828,0,1,1,False,False,False,True,False,False,True,False,False,False,False,False,False,False,False,True,0,5.044327935062725,0.034482758620689655
D102844,119.28,86,0,0,0.3945958361800168,0.6569876352150771,0.6914534871506925,0,0,1,False,True,False,False,False,False,True,False,False,True,False,False,False,False,False,False,0,4.789822358120328,0.0
D102960,66.81,86,1,0,0.865274510624519,0.3497478385629055,0.6261353342004768,1,1,1,False,False,False,True,False,False,False,True,False,False,False,False,False,True,False,False,0,4.216709676695751,0.011494252873563218
D102230,216.41,86,4,0,0.5939107920257274,0.8284108958056232,0.4531782733761768,1,1,1,False,True,False,False,False,False,True,False,False,False,False,False,False,False,True,False,0,5.381784971789299,0.04597701149425287
D102199,2211.4,86,1,0,0.1550257399126516,0.5840065871270289,0.1385261799145214,0,1,0,False,False,True,False,False,False,True,False,False,False,False,False,False,False,False,True,0,7.701833178120523,0.011494252873563218
D102861,69.51,86,3,0,0.414776554049819,0.7917738677318992,0.3928157488471925,0,1,1,False,False,True,False,False,False,True,False,False,False,True,False,False,False,False,False,0,4.25575454373095,0.034482758620689655
D100158,116.55,86,4,0,0.5748423455337702,0.3099411704087026,0.4609438382303278,1,0,0,False,False,True,False,False,False,False,True,False,True,False,False,False,False,False,False,0,4.766863774986079,0.04597701149425287
D103297,117.51,86,2,1,0.3333108372950578,0.3727886988632636,0.8999500812550325,0,1,1,False,False,True,False,False,False,True,False,False,False,False,False,True,False,False,False,1,4.774997345200357,0.022988505747126436
D100215,337.32,86,3,0,0.667764921915328,0.1957095971603621,0.7816271596214762,1,0,1,False,False,False,True,False,False,False,True,False,False,False,False,True,False,False,False,1,5.8239921931642336,0.034482758620689655
D101026,172.91,86,2,0,0.8077868744306377,0.2356202733725129,0.6915811746769156,1,0,1,False,False,False,False,True,False,True,False,False,False,False,True,False,False,False,False,1,5.158537924019751,0.022988505747126436
D100460,216.26,86,6,0,0.4090034058893959,0.3612228167762797,0.3604337387332205,1,0,0,False,False,True,False,False,False,True,False,False,False,False,False,True,False,False,False,1,5.381094793005605,0.06896551724137931
D103560,279.8,86,2,1,0.76679248620888,0.6624391881341672,0.2728861678977234,0,0,0,False,False,True,False,False,False,True,False,False,False,False,False,False,False,True,False,0,5.637642672151656,0.022988505747126436
D101740,58.34,86,5,0,0.4650872584115888,0.4204485113894118,0.4384099399841408,1,0,0,False,True,False,False,False,True,False,False,False,True,False,False,False,False,False,False,0,4.083283614862676,0.05747126436781609
D103475,165.6,86,0,0,0.8957201945254607,0.3182867341316414,0.3195084863261504,1,0,0,False,True,False,False,False,False,False,False,True,False,False,False,False,True,False,False,0,5.115595729732743,0.0
D100327,419.74,86,1,0,0.4918528073936338,0.5216325823389165,0.3161607459569324,0,0,0,False,False,True,False,False,False,False,False,True,False,False,False,False,False,False,True,0,6.0420150657058835,0.011494252873563218
D103330,1279.18,86,2,0,0.2695615321591203,0.1966764196673311,0.2705199388840465,0,0,0,False,False,False,False,True,False,False,True,False,False,False,False,False,True,False,False,0,7.154755972026894,0.022988505747126436
D100279,175.77,86,1,1,0.6093720236866687,0.4638492990350393,0.2141366538780142,0,0,0,False,False,False,True,False,False,False,True,False,False,False,True,False,False,False,False,1,5.174849452547792,0.011494252873563218
D103992,152.39,86,1,0,0.1944712604743376,0.6180204494673137,0.3593092542219364,0,1,1,True,False,False,False,False,True,False,False,False,False,False,False,True,False,False,False,1,5.0329836977600175,0.011494252873563218
D101361,124.24,86,2,0,0.6455410245912141,0.521865619385641,0.2787310413389305,1,1,0,False,True,False,False,False,False,False,False,True,True,False,False,False,False,False,False,0,4.830231896458205,0.022988505747126436
D101451,216.93,86,1,0,0.5854258085092349,0.6419325094408821,0.1451962160532214,0,1,0,False,False,True,False,False,False,True,False,False,False,False,True,False,False,False,False,1,5.3841739103077195,0.011494252873563218
D101423,350.4,86,4,0,0.3375288112893055,0.4866222281377222,0.1606334533025957,0,0,1,False,True,False,False,False,True,False,False,False,False,False,True,False,False,False,False,1,5.861925175752996,0.04597701149425287
D100021,123.97,85,2,1,0.6179439778091275,0.8068177736199011,0.3169627340091103,0,1,0,False,True,False,False,False,True,False,False,False,False,False,False,False,False,False,True,0,4.828073708497692,0.023255813953488372
D100010,298.64,85,1,1,0.6074596405677798,0.8490519808637044,0.4971411688603538,1,1,0,False,True,False,False,False,True,False,False,False,False,True,False,False,False,False,False,0,5.702581754079682,0.011627906976744186
D100038,794.03,85,4,1,0.038902565082543,0.4882274951055232,0.5174733753920663,0,0,1,False,True,False,False,False,False,False,False,True,False,False,False,False,False,False,True,0,6.678379849791409,0.046511627906976744
D102646,135.38,85,2,0,0.4228597340624896,0.5031807005029096,0.1021060341335936,1,1,0,False,False,True,False,False,True,False,False,False,False,False,False,False,False,True,False,0,4.9154451070925065,0.023255813953488372
D101425,1117.46,85,2,0,0.1424037802016005,0.3063705912353505,0.4027179120857303,0,0,0,False,True,False,False,False,False,False,True,False,False,False,False,False,True,False,False,0,7.019708018109209,0.023255813953488372
D102756,128.12,85,4,1,0.2609928476368942,0.4411437592303908,0.7875138736132151,0,1,1,False,False,False,True,False,False,True,False,False,True,False,False,False,False,False,False,0,4.860742204521639,0.046511627906976744
D101254,1048.02,85,2,0,0.2607910089026673,0.5999083750839146,0.3197555686564953,1,1,0,True,False,False,False,False,True,False,False,False,False,False,True,False,False,False,False,1,6.955611673991478,0.023255813953488372
D100709,99.24,85,1,1,0.9272682439883524,0.4683544287675334,0.3767068868354315,1,1,0,False,False,True,False,False,True,False,False,False,False,False,False,True,False,False,False,1,4.607567310587813,0.011627906976744186
D102679,316.3,85,1,1,0.4148003131616656,0.8658329820260348,0.1849716749417819,1,1,1,False,True,False,False,False,False,False,True,False,False,False,False,False,False,False,True,0,5.75984769858915,0.011627906976744186
D102760,221.12,85,1,0,0.3980966015286525,0.1161911889770537,0.2697321182070485,1,0,0,False,False,True,False,False,True,False,False,False,False,True,False,False,False,False,False,0,5.403217776373406,0.011627906976744186
D102357,87.16,85,0,1,0.786749552524699,0.339323105499946,0.2749925849661099,1,1,0,False,False,True,False,False,True,False,False,False,False,False,False,False,False,False,True,0,4.479153345404605,0.0
D102779,92.05,85,2,1,0.6671785387284084,0.5076656635982768,0.1146681804768764,1,1,0,True,False,False,False,False,False,False,True,False,False,False,True,False,False,False,False,1,4.5331369830882595,0.023255813953488372
D101336,632.36,85,0,0,0.6112266455728717,0.4063983422388949,0.5248437171643598,1,0,1,False,True,False,False,False,False,False,True,False,True,False,False,False,False,False,False,0,6.451038980863179,0.0
D100852,287.51,85,3,1,0.3953364247636085,0.3016955057924432,0.9113365412080562,1,0,1,False,False,False,True,False,False,False,True,False,False,True,False,False,False,False,False,0,5.6647297473925,0.03488372093023256
D102432,196.42,85,6,1,0.7608167894969792,0.2175195859336836,0.4389146417326418,1,0,0,False,False,True,False,False,True,False,False,False,True,False,False,False,False,False,False,0,5.285333438989742,0.06976744186046512
D101398,276.21,85,2,0,0.4614865583652795,0.7408899401587375,0.1948422568620215,0,1,0,False,False,True,False,False,False,False,True,False,False,False,False,True,False,False,False,1,5.624775341701135,0.023255813953488372
D101982,515.86,85,2,1,0.5970679012120366,0.5482571360259313,0.6149948250967837,1,0,1,False,False,False,True,False,True,False,False,False,False,False,False,False,False,False,True,0,6.247772044800624,0.023255813953488372
D100379,132.68,85,2,0,0.6895074935673048,0.2352151318527988,0.7223660306849007,1,0,0,False,False,True,False,False,False,False,True,False,False,False,False,False,False,True,False,0,4.895448884287139,0.023255813953488372
D100378,128.67,85,2,1,0.421896942426322,0.2716443935944335,0.3556310771745822,1,1,0,False,True,False,False,False,True,False,False,False,False,False,False,False,False,False,True,0,4.864992761560793,0.023255813953488372
D102217,66.25,85,3,1,0.2407891429279305,0.5458976885962583,0.3565032754361135,0,1,0,False,False,False,False,True,False,False,True,False,False,False,False,False,True,False,False,0,4.208417018481948,0.03488372093023256
D100813,108.22,85,2,0,0.5382535156794095,0.69366835958162,0.4160391344363206,0,0,0,False,False,True,False,False,True,False,False,False,False,False,False,True,False,False,False,1,4.693364196724008,0.023255813953488372
D101455,182.81,85,1,0,0.5648712745176109,0.9547083063552544,0.8638136470892346,0,1,1,True,False,False,False,False,False,True,False,False,False,False,False,False,False,True,False,0,5.213902615405673,0.011627906976744186
D103920,690.21,85,1,1,0.7904120579991021,0.5135770447133169,0.5686509558363468,1,0,1,False,True,False,False,False,False,True,False,False,False,False,False,False,True,False,False,0,6.538443684977784,0.011627906976744186
D103053,1153.76,85,4,1,0.5571780275984658,0.3814043088720447,0.4776419923789035,1,0,1,False,False,False,True,False,False,True,False,False,False,False,False,False,True,False,False,0,7.05164780915631,0.046511627906976744
D103041,487.89,85,1,0,0.705939612673599,0.1063978765507578,0.7288553951283886,1,0,1,False,False,False,False,True,True,False,False,False,False,False,True,False,False,False,False,1,6.1921375152948235,0.011627906976744186
D100616,623.49,85,4,1,0.6906498936315274,0.1591910050563909,0.8198501657332748,1,1,1,False,False,False,True,False,False,False,True,False,False,False,False,False,True,False,False,0,6.436935316627178,0.046511627906976744
D100920,777.02,85,1,1,0.1501150608297711,0.3684467624521078,0.1515612775963642,0,0,0,True,False,False,False,False,True,False,False,False,False,False,True,False,False,False,False,1,6.656752230788848,0.011627906976744186
D102879,136.82,85,2,0,0.6338913984452836,0.398224321944453,0.538358887946929,1,1,1,True,False,False,False,False,False,True,False,False,False,False,True,False,False,False,False,1,4.925948485929061,0.023255813953488372
D102290,124.73,85,4,0,0.2702212014552574,0.0215399169453074,0.8966947276883342,0,0,1,False,False,False,False,True,False,True,False,False,False,True,False,False,False,False,False,0,4.83413675060509,0.046511627906976744
D100871,251.74,85,3,0,0.2900195336792975,0.3419394978809381,0.3056034633921606,1,1,0,True,False,False,False,False,False,False,False,True,False,False,False,False,True,False,False,0,5.532361292330535,0.03488372093023256
D103462,454.04,85,3,1,0.766164147655707,0.6430281617971594,0.239790368475336,0,1,0,True,False,False,False,False,False,True,False,False,False,False,False,False,False,True,False,0,6.120385327174821,0.03488372093023256
D101605,140.06,85,3,0,0.6693470238507266,0.042351894883798,0.7262991978635689,0,0,0,False,True,False,False,False,True,False,False,False,False,False,True,False,False,False,False,1,4.949185331780033,0.03488372093023256
D101592,157.01,85,2,1,0.6872099888228361,0.4584399803840385,0.7561210359535554,1,0,0,False,False,False,False,True,False,True,False,False,False,False,False,False,True,False,False,0,5.062658322163408,0.023255813953488372
D100945,50.11,85,0,1,0.5697474334446533,0.5275457095144355,0.4327613735057392,0,0,0,False,True,False,False,False,False,True,False,False,True,False,False,False,False,False,False,0,3.933980172780188,0.0
D100940,125.99,85,4,0,0.2453771557746838,0.1869896524927201,0.1307540127352479,0,0,0,False,True,False,False,False,False,True,False,False,False,False,False,False,False,False,True,0,4.844108343200942,0.046511627906976744
D100238,266.37,85,4,0,0.3581500175153678,0.0631972574664612,0.2620944850224797,0,0,1,True,False,False,False,False,False,True,False,False,False,False,False,False,False,True,False,0,5.58863346690046,0.046511627906976744
D100253,74.06,85,1,1,0.7843386329561185,0.7942351860290907,0.6086731950702818,1,1,1,False,True,False,False,False,False,True,False,False,False,True,False,False,False,False,False,0,4.318287793706875,0.011627906976744186
D101099,358.6,85,2,0,0.1649951096569518,0.4248675794278647,0.8613010332244876,0,0,1,False,True,False,False,False,True,False,False,False,False,False,False,False,True,False,False,0,5.884992302597465,0.023255813953488372
D102984,70.56,85,3,1,0.510779164538358,0.756515037504276,0.1917763229867652,0,1,0,True,False,False,False,False,True,False,False,False,False,False,False,True,False,False,False,1,4.270536258640519,0.03488372093023256
D103130,657.43,85,3,0,0.4257982354965496,0.2124139376223771,0.2538021944033104,1,1,0,False,True,False,False,False,False,True,False,False,True,False,False,False,False,False,False,0,6.489858213330882,0.03488372093023256
D100236,878.33,85,2,0,0.1205334669379718,0.6074771894935983,0.7115071552885268,0,1,1,False,False,True,False,False,False,False,True,False,False,False,True,False,False,False,False,1,6.779160253851397,0.023255813953488372
D100044,230.54,84,2,1,0.623793473755132,0.6129341519966572,0.5705529309929105,0,1,0,False,False,False,True,False,False,False,True,False,False,False,False,False,False,False,True,0,5.444752644777583,0.023529411764705882
D100027,295.24,84,0,0,0.2162907059490924,0.9663445938265548,0.0609089715211008,1,1,0,True,False,False,False,False,True,False,False,False,False,False,False,False,False,True,False,0,5.691169936605357,0.0
D103620,417.87,84,5,0,0.1204421834915496,0.3102467719681096,0.8703840792832437,0,0,1,False,False,True,False,False,False,True,False,False,False,False,False,True,False,False,False,1,6.037560609250928,0.058823529411764705
D100045,169.53,84,2,0,0.417759731983166,0.3747010481800491,0.4783715084705142,0,1,1,False,False,False,True,False,False,False,True,False,False,False,True,False,False,False,False,1,5.138911234324823,0.023529411764705882
D103838,527.85,84,2,1,0.7577200281404054,0.7802057762783535,0.7029556979813757,1,0,1,False,False,False,True,False,True,False,False,False,False,False,True,False,False,False,False,1,6.270704837774062,0.023529411764705882
D103825,102.22,84,3,1,0.6353108103436866,0.1088003483207369,0.4128836808420843,0,0,1,False,False,True,False,False,True,False,False,False,False,False,False,False,False,False,True,0,4.6368626327205815,0.03529411764705882
D103867,90.2,84,1,0,0.4484501403860174,0.5957007267633028,0.0891507955731341,1,1,0,False,True,False,False,False,False,True,False,False,True,False,False,False,False,False,False,0,4.513054897080286,0.011764705882352941
D100400,331.17,84,3,0,0.3337804387514422,0.5627358453807771,0.6466534484634922,0,1,0,False,True,False,False,False,False,True,False,False,False,False,False,False,True,False,False,0,5.8056468860573185,0.03529411764705882
D100769,502.21,84,2,0,0.6756343735059646,0.2113678358527411,0.3473370263460777,1,1,0,False,False,True,False,False,False,False,True,False,False,False,True,False,False,False,False,1,6.22100757800276,0.023529411764705882
D103870,230.85,84,1,1,0.0948690112351167,0.6187322415153028,0.308648971603725,0,0,0,False,True,False,False,False,False,True,False,False,True,False,False,False,False,False,False,0,5.446090610837469,0.011764705882352941
D103017,101.35,84,2,0,0.4271717305050807,0.4435184128488542,0.1775112658835487,1,1,0,True,False,False,False,False,False,True,False,False,False,False,False,False,True,False,False,0,4.628398312107299,0.023529411764705882
D100629,320.74,84,4,1,0.4276132361208028,0.0692640292000923,0.5466084672631611,0,0,0,False,False,False,True,False,False,True,False,False,False,False,False,False,True,False,False,0,5.773743765962162,0.047058823529411764
D101728,365.59,84,1,1,0.5009356995127622,0.3090042551875138,0.3149492402370927,0,0,1,True,False,False,False,False,False,False,False,True,False,False,False,False,False,False,True,0,5.90424405734671,0.011764705882352941
D100285,99.19,84,3,1,0.6680068986403362,0.5050592234812306,0.5718719924593286,0,0,1,False,True,False,False,False,True,False,False,False,True,False,False,False,False,False,False,0,4.607068383271171,0.03529411764705882
D103508,199.28,84,3,1,0.5965500330096714,0.130833994012171,0.4118076621404997,0,0,1,False,False,True,False,False,False,True,False,False,False,False,False,True,False,False,False,1,5.299716387461744,0.03529411764705882
D101472,737.04,84,4,0,0.5701829002233447,0.4454701968858988,0.073979276889715,1,0,0,True,False,False,False,False,False,True,False,False,False,False,True,False,False,False,False,1,6.6039980236736815,0.047058823529411764
D102079,158.65,84,1,0,0.427822391699823,0.9526478963102772,0.2430951344362405,1,1,0,True,False,False,False,False,True,False,False,False,False,False,True,False,False,False,False,1,5.072983919160791,0.011764705882352941
D103048,180.54,84,3,0,0.3548307111528573,0.6268715494745352,0.5999391948591375,1,0,0,False,False,False,False,True,False,False,True,False,False,False,True,False,False,False,False,1,5.201476015098481,0.03529411764705882
D103160,226.55,84,0,0,0.564259693805746,0.4355802590747558,0.8990075479630425,0,0,1,False,False,False,False,True,True,False,False,False,False,True,False,False,False,False,False,0,5.427369994462651,0.0
D102074,203.17,84,5,1,0.8472954548665736,0.0899474193066765,0.1499440173381665,1,0,0,False,True,False,False,False,False,True,False,False,False,True,False,False,False,False,False,0,5.318952980148108,0.058823529411764705
D102006,393.55,84,2,0,0.29927270858991,0.0586218893073672,0.5610195688250738,1,0,0,False,False,True,False,False,False,False,False,True,False,False,False,True,False,False,False,1,5.977745874967044,0.023529411764705882
D101037,1340.02,84,2,0,0.3345754791078854,0.2085525926523821,0.2524695524806237,0,0,0,False,True,False,False,False,False,True,False,False,False,False,False,False,False,False,True,0,7.201185797413564,0.023529411764705882
D101688,206.56,84,4,0,0.7357417942639433,0.1808681528560703,0.5339696674264452,1,0,0,False,False,True,False,False,False,True,False,False,False,False,False,False,True,False,False,0,5.3354204544995385,0.047058823529411764
D102180,1249.91,84,1,1,0.5595267215651424,0.5609218406843773,0.7175554881357301,0,0,1,False,False,False,True,False,False,False,True,False,True,False,False,False,False,False,False,0,7.131626565432886,0.011764705882352941
D100939,431.62,84,1,0,0.2904756282999058,0.4472024429163387,0.09760019458337,0,1,0,True,False,False,False,False,False,False,True,False,False,False,False,False,True,False,False,0,6.069859744535355,0.011764705882352941
D101630,406.78,84,7,0,0.052500895770473,0.4685854947569163,0.200081541451529,0,0,0,False,False,True,False,False,False,False,True,False,False,False,False,False,True,False,False,0,6.010727813288828,0.08235294117647059
D100697,290.23,84,1,1,0.2303162661638443,0.5459718712020738,0.6178923308316611,0,1,1,False,False,True,False,False,False,False,False,True,False,False,False,False,True,False,False,0,5.674113332994153,0.011764705882352941
D102376,315.34,84,3,0,0.6302894003504251,0.4615218580182728,0.513516725200573,1,0,0,False,False,False,True,False,False,True,False,False,True,False,False,False,False,False,False,0,5.756817584535343,0.03529411764705882
D102664,933.31,84,0,0,0.1159542895545425,0.4910606218160492,0.4717698819090598,0,0,1,False,False,True,False,False,True,False,False,False,False,False,True,False,False,False,False,1,6.839808288941888,0.0
D101559,924.38,84,2,1,0.4045361120701472,0.4114518155866269,0.2132742523098968,0,0,0,False,False,False,True,False,True,False,False,False,False,False,False,False,False,False,True,0,6.830204463963578,0.023529411764705882
D101762,148.46,84,6,1,0.412847748982197,0.8177259205822467,0.6447137398572821,0,1,1,False,True,False,False,False,True,False,False,False,False,False,False,False,False,True,False,0,5.007028798502144,0.07058823529411765
D102391,147.77,84,3,0,0.4296506201584469,0.6601293939458043,0.7595518095454259,1,1,0,False,False,False,True,False,True,False,False,False,False,False,True,False,False,False,False,1,5.002401489169152,0.03529411764705882
D103392,283.58,84,1,0,0.4473179630630244,0.2461709647042423,0.3911287721520766,1,0,1,False,False,False,False,True,False,False,False,True,False,False,False,False,True,False,False,0,5.651014409117545,0.011764705882352941
D102427,46.89,84,0,0,0.6213304999438116,0.8088960269258252,0.3335823144682653,1,1,0,False,False,True,False,False,False,False,False,True,False,False,False,False,False,True,False,0,3.868906714354518,0.0
D100673,503.24,84,2,1,0.5428627021777814,0.5955826036908558,0.9062276641826488,0,0,1,False,False,True,False,False,False,True,False,False,False,True,False,False,False,False,False,0,6.223052345204855,0.023529411764705882
D102697,72.98,84,1,0,0.897245315051924,0.6667144721675395,0.0658333758430329,1,0,0,True,False,False,False,False,True,False,False,False,False,False,False,False,True,False,False,0,4.303794786404308,0.011764705882352941
D101787,1774.0,84,1,0,0.4517314014561609,0.1360162333735919,0.2779459428680181,0,0,0,False,False,True,False,False,False,False,True,False,False,False,False,False,False,True,False,0,7.4815557019095165,0.011764705882352941
D103438,779.06,84,2,0,0.6016708777706112,0.1688768837446722,0.044850172889971,0,1,0,True,False,False,False,False,False,True,False,False,True,False,False,False,False,False,False,0,6.659370839802132,0.023529411764705882
D100194,121.47,84,2,0,0.219032141544086,0.5204907344375456,0.5867561846796066,0,1,1,False,True,False,False,False,True,False,False,False,False,True,False,False,False,False,False,0,4.807866102033196,0.023529411764705882
D102128,186.3,84,3,0,0.1694615374610857,0.6924277330675617,0.1222765695063618,0,1,0,True,False,False,False,False,False,True,False,False,False,True,False,False,False,False,False,0,5.2327116094500425,0.03529411764705882
D100443,87.09,84,2,1,0.3684854455994802,0.8472693987840197,0.8914302894099875,1,1,1,False,True,False,False,False,False,False,False,True,False,False,True,False,False,False,False,1,4.478359019121704,0.023529411764705882
D103324,89.09,84,2,1,0.6115760060566038,0.1796907606509317,0.4832935865680365,0,1,1,False,False,True,False,False,True,False,False,False,False,True,False,False,False,False,False,0,4.500809170663349,0.023529411764705882
D100329,299.91,84,1,0,0.6080828952341777,0.6255404503222998,0.1672230347660818,0,1,0,False,True,False,False,False,False,False,False,True,False,False,False,False,False,False,True,0,5.70681121671621,0.011764705882352941
D103255,331.59,84,4,0,0.680022030089749,0.280399759565891,0.4124200121176214,1,0,1,False,False,False,True,False,False,True,False,False,False,False,False,False,True,False,False,0,5.806910500161312,0.047058823529411764
D103556,272.64,84,1,1,0.9866278929325808,0.521205548624234,0.1706903841528235,1,0,0,False,False,True,False,False,True,False,False,False,False,False,True,False,False,False,False,1,5.611813373892797,0.011764705882352941
D103526,101.23,84,0,0,0.4046438616742012,0.5751822854557963,0.2505593580351274,1,1,1,True,False,False,False,False,True,False,False,False,False,False,False,False,False,False,True,0,4.627225176768922,0.0
D100392,164.18,84,0,0,0.725106689037063,0.7868608424118496,0.6628899939377407,1,1,1,False,False,True,False,False,False,False,True,False,False,True,False,False,False,False,False,0,5.1070357883825706,0.0
D102532,423.19,84,3,0,0.4263818400023281,0.1291420195124501,0.4108762960896248,1,0,0,False,False,True,False,False,True,False,False,False,False,False,False,False,True,False,False,0,6.050181468066766,0.03529411764705882
D101668,352.38,84,0,1,0.474054108137966,0.8886719947762258,0.2295250713216158,1,0,0,True,False,False,False,False,True,False,False,False,False,False,True,False,False,False,False,1,5.867543965188504,0.0
D103007,114.64,84,1,0,0.4415506885674099,0.8346735352154782,0.6379349625320256,0,1,0,True,False,False,False,False,False,False,True,False,False,False,False,True,False,False,False,1,4.750481917148146,0.011764705882352941
D101675,94.69,84,3,0,0.3668308245591906,0.3852717460955764,0.68015993851792,0,0,1,False,False,False,False,True,False,True,False,False,False,False,False,False,False,False,True,0,4.561113799791172,0.03529411764705882
D103586,92.14,84,1,0,0.7309709394539395,0.609052585231733,0.4417135177265414,1,0,0,False,True,False,False,False,False,False,True,False,False,True,False,False,False,False,False,0,4.534103737554231,0.011764705882352941
D100323,461.36,84,2,0,0.4973429489099174,0.1105658650194863,0.6328285799753262,1,0,1,False,False,True,False,False,False,True,False,False,True,False,False,False,False,False,False,0,6.136343808426067,0.023529411764705882
D100058,99.95,83,1,0,0.7003118718544998,0.1089847384570895,0.7064310630656081,1,0,1,True,False,False,False,False,True,False,False,False,False,False,False,False,False,False,True,0,4.614625344758847,0.011904761904761904
D100040,232.78,83,6,1,0.2916805231002125,0.4731860166318146,0.3340698830242377,0,0,1,False,True,False,False,False,False,False,True,False,False,False,False,False,True,False,False,0,5.454380502179625,0.07142857142857142
D101414,135.72,83,1,0,0.4278441872535282,0.6270358734621388,0.5929051408714782,1,1,0,True,False,False,False,False,False,False,True,False,False,False,False,False,False,True,False,0,4.917935038807335,0.011904761904761904
D100056,197.25,83,2,0,0.4465462455870203,0.0660323234564439,0.7498239313827694,1,0,1,False,False,True,False,False,False,True,False,False,False,False,True,False,False,False,False,1,5.289528860514958,0.023809523809523808
D100024,335.69,83,2,0,0.6002904587116101,0.0619304051994139,0.3460793107976355,0,0,1,False,False,False,True,False,False,True,False,False,True,False,False,False,False,False,False,0,5.819162625696274,0.023809523809523808
D101120,514.02,83,3,1,0.639252091436177,0.3693721781876652,0.6728429915164633,1,0,1,False,False,True,False,False,False,True,False,False,True,False,False,False,False,False,False,0,6.2442057348611355,0.03571428571428571
D103849,299.27,83,4,0,0.0550162447580657,0.155869615302755,0.8291796524725912,0,0,1,False,True,False,False,False,True,False,False,False,False,False,True,False,False,False,False,1,5.704682069899037,0.047619047619047616
D100088,608.19,83,2,1,0.1818257572804491,0.5056653156069346,0.4669599879354328,0,0,1,False,True,False,False,False,True,False,False,False,False,False,True,False,False,False,False,1,6.412130205915827,0.023809523809523808
D101123,512.11,83,4,0,0.2544438086895947,0.2786793024211954,0.2788578245902683,0,1,0,False,True,False,False,False,False,False,True,False,False,False,False,False,False,True,False,0,6.240490247136292,0.047619047619047616
D102411,589.5,83,0,1,0.3762589520038759,0.1535384298702863,0.2164147659385308,0,0,0,False,False,False,False,True,False,False,True,False,False,False,False,False,False,False,True,0,6.380969635637417,0.0
D102414,268.38,83,2,1,0.5893387471919277,0.5510508608846675,0.3826326700668984,1,0,1,False,False,True,False,False,False,False,True,False,True,False,False,False,False,False,False,0,5.596123022170668,0.023809523809523808
D100630,90.38,83,1,1,0.2359884850174318,0.2771885882983478,0.8214634960329507,0,0,1,False,False,False,False,True,True,False,False,False,False,False,True,False,False,False,False,1,4.515026636135126,0.011904761904761904
D100863,22.53,83,3,0,0.4914016758334529,0.1243924059032164,0.2493989879214977,1,0,1,False,False,True,False,False,True,False,False,False,False,False,False,False,False,True,False,0,3.158276202739271,0.03571428571428571
D103746,432.63,83,0,1,0.8619304133731606,0.9446788440507348,0.724130689947164,1,1,0,False,True,False,False,False,False,True,False,False,False,False,False,False,True,False,False,0,6.072191635923926,0.0
D102355,136.51,83,4,1,0.3782463397384059,0.2149040436656455,0.7134695163156326,1,1,1,False,False,False,True,False,True,False,False,False,False,False,False,True,False,False,False,1,4.923696641734853,0.047619047619047616
D102340,1251.83,83,1,1,0.2768693105344874,0.7143969693797263,0.5242222662305602,1,1,1,False,True,False,False,False,False,False,True,False,False,False,False,True,False,False,False,1,7.133160271309983,0.011904761904761904
D100269,331.28,83,4,0,0.08837575011142,0.3228612988720028,0.1483694457806402,1,1,0,True,False,False,False,False,False,False,False,True,False,False,False,False,False,True,False,0,5.805977986970871,0.047619047619047616
D102210,158.41,83,3,0,0.1647500552694075,0.5635749473008714,0.7720624588575219,1,0,1,False,False,False,False,True,False,False,False,True,False,False,True,False,False,False,False,1,5.071479499645555,0.03571428571428571
D100605,124.73,83,3,1,0.8728143564487968,0.2653145881856698,0.4605770813632656,1,0,0,False,False,False,True,False,True,False,False,False,False,False,True,False,False,False,False,1,4.83413675060509,0.03571428571428571
D102256,1046.1,83,5,0,0.0889080918068101,0.0213199245697996,0.4531343159665985,0,0,0,False,False,False,True,False,True,False,False,False,False,False,True,False,False,False,False,1,6.953779717293417,0.05952380952380952
D102846,231.0,83,1,1,0.1963496344935325,0.4666516885693864,0.4906245401987343,0,0,1,False,True,False,False,False,True,False,False,False,False,False,False,True,False,False,False,1,5.44673737166631,0.011904761904761904
D100167,116.49,83,1,1,0.3907318092759758,0.2294732456630693,0.7972182125250424,0,0,1,False,False,False,True,False,True,False,False,False,False,False,True,False,False,False,False,1,4.766353223579481,0.011904761904761904
D100183,258.64,83,2,0,0.5240152579963583,0.4401730052271295,0.5809115359418469,0,0,0,False,True,False,False,False,False,False,True,False,False,False,True,False,False,False,False,1,5.559296056165268,0.023809523809523808
D102827,449.67,83,2,0,0.6254238341959583,0.538460744219906,0.6444376629163637,1,1,0,False,True,False,False,False,False,True,False,False,False,False,False,False,False,True,False,0,6.110735364357151,0.023809523809523808
D102804,288.83,83,5,1,0.7190066728523591,0.275001472897477,0.1869742168864078,1,1,0,True,False,False,False,False,True,False,False,False,False,False,False,False,False,True,False,0,5.669294544197528,0.05952380952380952
D102732,402.4,83,2,0,0.74982622399754,0.171892670616463,0.1998748758302177,1,0,0,False,False,True,False,False,False,True,False,False,False,False,True,False,False,False,False,1,5.999928625520111,0.023809523809523808
D100261,385.02,83,1,0,0.9318835755773236,0.2985979405661182,0.4591254508000328,1,0,1,False,False,False,True,False,True,False,False,False,False,False,False,False,True,False,False,0,5.9558891815940616,0.011904761904761904
D101852,2143.34,83,0,0,0.7320456748721815,0.2051823392430174,0.4581125184842711,1,0,1,False,False,True,False,False,False,True,False,False,False,False,False,True,False,False,False,1,7.670587091707435,0.0
D101907,168.71,83,1,0,0.1291916590633428,0.3232898921298469,0.4604022706098347,0,0,0,True,False,False,False,False,False,False,True,False,False,True,False,False,False,False,False,0,5.134091098023174,0.011904761904761904
D103141,600.43,83,1,0,0.6727133164303517,0.1756251264191222,0.3697915138194437,0,0,1,False,True,False,False,False,True,False,False,False,False,False,True,False,False,False,False,1,6.399310152915205,0.011904761904761904
D100324,103.04,83,3,1,0.676583610522323,0.4873506637032367,0.2002686048718749,0,0,0,False,False,False,True,False,False,False,False,True,False,False,False,False,True,False,False,0,4.64477544058045,0.03571428571428571
D101247,111.27,83,2,0,0.8695401240111106,0.3383172131731435,0.5557560838677433,1,0,0,False,True,False,False,False,True,False,False,False,False,False,False,True,False,False,False,1,4.720906684470688,0.023809523809523808
D100482,288.34,83,6,1,0.9192799715787976,0.4386595138856412,0.7419747317545284,1,1,0,False,False,True,False,False,False,True,False,False,False,True,False,False,False,False,False,0,5.667602467201444,0.07142857142857142
D103538,295.89,83,3,0,0.464094155098007,0.9068333046754228,0.3488951708203178,1,1,1,False,True,False,False,False,False,True,False,False,False,False,False,True,False,False,False,1,5.693361699828284,0.03571428571428571
D103211,68.83,83,0,0,0.561837185715722,0.1639736216979615,0.2500417172765274,0,0,0,False,False,True,False,False,True,False,False,False,False,False,False,False,False,True,False,0,4.246063716857944,0.0
D103133,688.97,83,1,0,0.1049605017127381,0.4396039362524855,0.2435098126619415,0,1,1,True,False,False,False,False,False,False,False,True,True,False,False,False,False,False,False,0,6.536648118385228,0.011904761904761904
D103113,730.15,83,3,1,0.5637489796968032,0.7845467611939552,0.7965247615062617,1,1,1,False,False,True,False,False,True,False,False,False,True,False,False,False,False,False,False,0,6.594618637057888,0.03571428571428571
D103523,825.56,83,3,1,0.4428719661867148,0.6609745337833904,0.208941305658068,0,1,0,False,True,False,False,False,True,False,False,False,False,False,False,False,False,False,True,0,6.717272509907476,0.03571428571428571
D103535,89.82,83,1,0,0.3688269973391231,0.0892271034801879,0.6872686495842357,0,0,1,False,False,False,True,False,True,False,False,False,False,True,False,False,False,False,False,0,4.508879525669805,0.011904761904761904
D101062,208.45,83,1,1,0.4430637213397695,0.3967699269927947,0.5925607032225982,1,1,1,False,True,False,False,False,True,False,False,False,False,False,False,False,True,False,False,0,5.344485047393044,0.011904761904761904
D101976,494.86,83,2,0,0.7766396307725846,0.3937494206665166,0.1549614444020415,1,1,0,False,False,True,False,False,False,True,False,False,True,False,False,False,False,False,False,0,6.2062936288181065,0.023809523809523808
D100440,352.98,83,2,1,0.9256095227950308,0.3248846013331064,0.4103644608895828,1,0,0,False,False,False,True,False,False,True,False,False,False,False,False,True,False,False,False,1,5.869240414362608,0.023809523809523808
D100779,63.41,83,5,0,0.5118245039857384,0.6384286875590354,0.2161088871725699,0,1,0,False,False,False,True,False,True,False,False,False,False,False,True,False,False,False,False,1,4.165268900558799,0.05952380952380952
D103322,180.44,83,1,1,0.629122805110731,0.7223403290528642,0.7885171463316364,0,1,1,False,False,True,False,False,True,False,False,False,False,False,False,False,False,False,True,0,5.200925020539387,0.011904761904761904
D101954,96.23,83,5,0,0.7877181078591895,0.2519462814580194,0.6657907468838731,1,0,1,False,False,False,True,False,False,False,True,False,False,False,False,True,False,False,False,1,4.577079305821566,0.05952380952380952
D100353,669.93,83,1,1,0.8093815060251823,0.7528554098394838,0.3704396569017991,1,0,1,False,False,True,False,False,False,True,False,False,False,False,False,False,False,False,True,0,6.508664809622172,0.011904761904761904
D103927,84.06,83,3,0,0.1914113965631611,0.0998711543850372,0.2331468869842843,0,0,0,False,False,False,True,False,True,False,False,False,False,False,False,False,False,False,True,0,4.443356889825488,0.03571428571428571
D100829,549.96,83,2,1,0.2715543371552208,0.5226452580499408,0.1266248711617234,1,1,1,False,True,False,False,False,True,False,False,False,False,False,False,False,False,True,False,0,6.311662211236443,0.023809523809523808
D102563,306.2,83,5,1,0.5479306927209051,0.6514736976953592,0.285017651689695,0,0,0,False,False,True,False,False,False,True,False,False,True,False,False,False,False,False,False,0,5.727499001273517,0.05952380952380952
D103439,178.72,82,2,0,0.907952694040383,0.2888494616044629,0.4206966941535279,1,0,1,False,False,True,False,False,False,True,False,False,True,False,False,False,False,False,False,0,5.191400084201959,0.024096385542168676
D103298,781.27,82,0,0,0.5566032815592957,0.9138009952591362,0.5921497563796352,1,1,1,False,False,True,False,False,True,False,False,False,False,False,False,False,False,True,False,0,6.662199949496044,0.0
D101778,972.01,82,3,0,0.3209954371482475,0.2608877773035783,0.2783569925058987,0,0,0,False,True,False,False,False,True,False,False,False,False,False,False,False,False,True,False,0,6.880394359625484,0.03614457831325301
D100860,63.54,82,4,1,0.9410197195761592,0.2485550499846207,0.6010538323294079,1,0,1,False,False,False,True,False,False,False,True,False,False,False,False,True,False,False,False,1,4.167285186623816,0.04819277108433735
D100371,103.27,82,0,0,0.505733228380695,0.1930710683803291,0.3313851740703721,0,0,1,False,True,False,False,False,False,True,False,False,False,False,False,False,False,True,False,0,4.646983688801502,0.0
D100684,303.71,82,3,0,0.4537309683037355,0.4061884698578455,0.8316612845017076,0,1,1,False,False,True,False,False,True,False,False,False,False,False,False,False,False,False,True,0,5.7193605046195195,0.03614457831325301
D102422,893.73,82,4,0,0.3935484215098787,0.2469965523570421,0.7820215650393302,1,0,1,False,False,False,True,False,False,True,False,False,False,False,False,False,False,True,False,0,6.79652199678385,0.04819277108433735
D101751,284.82,82,1,1,0.9037051542690272,0.957591196741078,0.2050391831731287,0,1,0,False,True,False,False,False,False,True,False,False,False,False,False,False,True,False,False,0,5.6553622420536485,0.012048192771084338
D103575,20.0,82,5,0,0.8045872426346926,0.5488752654365965,0.2585611602613485,1,1,0,False,True,False,False,False,True,False,False,False,True,False,False,False,False,False,False,0,3.044522437723423,0.060240963855421686
D101733,45.82,82,1,0,0.5767801733104403,0.7718961510293716,0.5263934343544732,0,1,0,False,True,False,False,False,False,False,True,False,False,True,False,False,False,False,False,0,3.846310462062765,0.012048192771084338
D102341,304.0,82,3,0,0.4230873170079234,0.5362429945447754,0.3533154262205011,0,1,0,True,False,False,False,False,False,False,False,True,False,False,True,False,False,False,False,1,5.720311776607412,0.03614457831325301
D100264,261.46,82,4,0,0.8429146449200743,0.0538788301767502,0.4581470897116957,1,0,0,False,False,False,False,True,False,False,True,False,False,True,False,False,False,False,False,0,5.57009868946814,0.04819277108433735
D100892,250.32,82,2,0,0.1251089117429819,0.5327068607412276,0.1517794560605879,0,1,1,False,True,False,False,False,True,False,False,False,False,False,False,False,False,True,False,0,5.526727027534746,0.024096385542168676
D100796,470.03,82,1,0,0.8102003875020053,0.748273145460039,0.2611484599251271,0,0,0,True,False,False,False,False,True,False,False,False,False,False,False,False,False,False,True,0,6.15492178625554,0.012048192771084338
D100791,246.46,82,4,0,0.575953281762774,0.3102307084470256,0.2277328444641129,0,0,1,False,True,False,False,False,False,False,True,False,False,False,False,False,False,False,True,0,5.51124895278583,0.04819277108433735
D100717,347.13,82,1,0,0.3664869172004864,0.5041585440617435,0.0362365218806119,0,0,0,True,False,False,False,False,False,True,False,False,False,False,False,False,True,False,False,0,5.852575973235498,0.012048192771084338
D101901,98.5,82,4,0,0.306837460293744,0.5859958492749106,0.2576194991623217,0,1,0,True,False,False,False,False,False,True,False,False,False,False,True,False,False,False,False,1,4.600157644164547,0.04819277108433735
D102744,115.2,82,2,1,0.7304008672392084,0.5639637221144872,0.0722803603816154,0,1,0,False,True,False,False,False,False,False,False,True,False,False,False,False,False,False,True,0,4.755312844417811,0.024096385542168676
D101916,44.64,82,3,0,0.52522519044651,0.694996539035533,0.1733199089654518,0,1,1,False,False,True,False,False,False,True,False,False,False,False,False,False,False,True,False,0,3.8207845249938748,0.03614457831325301
D101859,1082.24,82,6,1,0.2509136920890664,0.6699803371309652,0.2135118526437169,1,0,0,False,True,False,False,False,False,True,False,False,False,False,False,False,False,False,True,0,6.987711829098064,0.07228915662650602
D103595,232.96,82,0,0,0.4648904954348919,0.3973394954130774,0.4308388021904386,1,0,1,False,False,False,False,True,True,False,False,False,True,False,False,False,False,False,False,0,5.455150160574825,0.0
D100243,906.02,82,0,0,0.7974324832098547,0.210690173274973,0.1732228628717156,1,0,0,False,False,True,False,False,False,True,False,False,False,True,False,False,False,False,False,0,6.810164500588671,0.0
D101330,126.14,82,0,1,0.6503265101404477,0.1710278653419442,0.7676415225646389,1,0,1,False,False,False,True,False,False,True,False,False,False,False,False,False,False,True,False,0,4.845288841508263,0.0
D102107,101.35,82,2,1,0.8316657554603886,0.4842333265813225,0.5000666501066549,1,1,0,False,False,False,False,True,False,False,True,False,False,False,False,False,False,False,True,0,4.628398312107299,0.024096385542168676
D102981,598.64,82,2,1,0.8665117672913513,0.3165604089372186,0.208590739055043,1,0,0,False,True,False,False,False,False,True,False,False,False,False,False,False,False,True,False,0,6.396329475144114,0.024096385542168676
D100930,720.81,82,2,0,0.5841700323111572,0.7485212158060567,0.1442688607722832,1,1,0,False,True,False,False,False,True,False,False,False,False,False,False,False,False,True,False,0,6.581761946365974,0.024096385542168676
D100429,160.16,82,2,1,0.6633798995547926,0.0867153128129418,0.46568704253651,1,0,0,False,False,False,True,False,False,True,False,False,False,False,False,True,False,False,False,1,5.082397660323147,0.024096385542168676
D103034,147.7,82,1,0,0.7180850182027173,0.0634640377030957,0.7823387100821879,0,0,1,False,False,False,False,True,False,True,False,False,False,False,False,True,False,False,False,1,5.001930853466109,0.012048192771084338
D102865,192.94,82,0,0,0.2099484242382883,0.6650267094082308,0.8324119120177728,0,1,1,True,False,False,False,False,True,False,False,False,True,False,False,False,False,False,False,0,5.2675488328764,0.0
D102834,121.47,82,4,0,0.4149849985490668,0.2941822724941064,0.3597579543589366,0,0,0,False,False,True,False,False,False,False,False,True,False,False,False,False,False,True,False,0,4.807866102033196,0.04819277108433735
D102837,329.28,82,2,1,0.2987140614990104,0.7620016987706442,0.7295256095740609,1,1,1,False,True,False,False,False,False,False,False,True,False,False,False,False,False,False,True,0,5.799940779549228,0.024096385542168676
D100124,415.11,82,5,0,0.2657367106128087,0.3448271129194674,0.1390034138607079,0,1,0,True,False,False,False,False,False,True,False,False,False,False,False,False,False,False,True,0,6.030949648384566,0.060240963855421686
D101316,607.71,82,2,0,0.8764653239275155,0.7482406468857646,0.5376397531090131,1,1,1,False,False,True,False,False,False,False,True,False,False,False,True,False,False,False,False,1,6.411341963819016,0.024096385542168676
D101919,2381.58,82,1,0,0.4485883381303724,0.1862097258849868,0.3168511374606776,1,0,0,False,False,False,False,True,False,True,False,False,False,False,False,False,False,True,False,0,7.77593921313881,0.012048192771084338
D102897,162.85,82,3,1,0.2110416681654551,0.8973529570463448,0.7430749320567618,0,1,0,False,True,False,False,False,True,False,False,False,False,False,True,False,False,False,False,1,5.098951375144823,0.03614457831325301
D101608,261.77,82,3,1,0.6762310707092263,0.8606055050365226,0.4276344608945562,0,1,0,False,True,False,False,False,False,True,False,False,False,False,False,False,True,False,False,0,5.571279124843107,0.03614457831325301
D102333,237.5,81,2,1,0.6445400008790019,0.6328755325248306,0.3032190259593325,1,0,1,True,False,False,False,False,False,False,True,False,False,False,False,False,False,False,True,0,5.474369310328396,0.024390243902439025
D102775,170.87,81,1,1,0.6696279851485812,0.5195040514297216,0.7906942541465599,1,0,1,False,True,False,False,False,True,False,False,False,True,False,False,False,False,False,False,0,5.146738377088596,0.012195121951219513
D103449,176.81,81,2,0,0.6609891210057492,0.2045988648684446,0.3142687437360525,1,0,0,False,False,False,True,False,True,False,False,False,False,False,True,False,False,False,False,1,5.180715564467857,0.024390243902439025
D103246,1238.28,81,0,0,0.5863301079689858,0.3649138083110358,0.5896480507843949,1,1,0,False,True,False,False,False,False,False,True,False,False,False,False,False,True,False,False,0,7.122285844798108,0.0
D103480,69.28,81,2,1,0.5888147123326443,0.5451532640475444,0.7785992048338489,1,0,0,False,True,False,False,False,True,False,False,False,False,False,False,False,False,False,True,0,4.252487263318897,0.024390243902439025
D103939,349.29,81,5,0,0.3801130867529465,0.8767247653799052,0.4420974856486678,0,1,0,True,False,False,False,False,True,False,False,False,True,False,False,False,False,False,False,0,5.85876138283622,0.06097560975609756
D100059,95.59,81,5,1,0.7843919200693057,0.7307768600796474,0.3953473671083286,1,1,1,True,False,False,False,False,False,True,False,False,False,False,False,False,True,False,False,0,4.570475216191205,0.06097560975609756
D100204,137.21,81,0,0,0.4573879115012434,0.166313718896599,0.5666677003586841,0,0,1,True,False,False,False,False,False,True,False,False,False,False,False,False,False,True,False,0,4.928774267615935,0.0
D101051,108.45,81,3,0,0.714508099866185,0.7976650695402678,0.1388540069682101,1,1,1,True,False,False,False,False,True,False,False,False,False,False,False,False,False,False,True,0,4.695467823968872,0.036585365853658534
D102014,2805.93,81,2,0,0.067354433112993,0.4681773488979813,0.3381690367916274,0,1,0,False,True,False,False,False,False,False,True,False,False,False,False,True,False,False,False,1,7.939846638395074,0.024390243902439025
D100890,163.58,81,2,1,0.7691468819445859,0.3441734152417169,0.4336815930083603,1,0,1,False,True,False,False,False,True,False,False,False,False,True,False,False,False,False,False,0,5.1033967741775665,0.024390243902439025
D101770,301.39,81,2,0,0.4418423610900641,0.1974035672667797,0.7495139760490283,0,0,1,False,False,True,False,False,False,False,True,False,False,False,False,True,False,False,False,1,5.711717574975525,0.024390243902439025
D100020,67.3,81,1,0,0.3033564555482771,0.4256996758609619,0.1530319424123003,0,0,1,False,False,False,True,False,False,True,False,False,True,False,False,False,False,False,False,0,4.223909766576744,0.012195121951219513
D103862,739.74,81,5,1,0.9034650443251454,0.1237260985646288,0.7751152488871387,1,0,1,False,False,True,False,False,True,False,False,False,False,False,False,True,False,False,False,1,6.607649686531299,0.06097560975609756
D103826,949.65,81,3,1,0.29451741825657,0.9375764104647386,0.3178647156381846,0,1,1,False,True,False,False,False,False,True,False,False,True,False,False,False,False,False,False,0,6.857145961155595,0.036585365853658534
D101413,61.93,81,1,0,0.4526630953649713,0.3408293587180339,0.8629247583820602,0,0,1,False,False,False,False,True,True,False,False,False,False,False,False,False,False,False,True,0,4.1420229975388425,0.012195121951219513
D103162,299.24,81,4,1,0.4978560988121281,0.7376200965918019,0.269978365399021,0,1,1,True,False,False,False,False,False,False,True,False,False,False,False,False,False,True,False,0,5.704582154826765,0.04878048780487805
D103166,708.47,81,1,0,0.4691698389002779,0.3324702499419547,0.388922725596974,0,0,0,True,False,False,False,False,True,False,False,False,False,True,False,False,False,False,False,0,6.564518212408037,0.012195121951219513
D101690,317.33,81,0,0,0.589087900900994,0.04089849117165,0.7625505883705193,1,0,1,False,False,False,True,False,True,False,False,False,False,False,False,False,True,False,False,0,5.7630885805536085,0.0
D100497,767.42,81,1,1,0.7499780638327387,0.7953526856983424,0.5036039114587666,1,1,1,False,False,True,False,False,False,False,True,False,False,False,False,False,True,False,False,0,6.644336458666035,0.012195121951219513
D103184,517.31,81,4,1,0.3751557998161248,0.4798864387224555,0.4207758652023764,0,1,1,True,False,False,False,False,False,False,True,False,False,False,False,False,False,False,True,0,6.2505735188548,0.04878048780487805
D101876,232.68,81,0,1,0.7128393553976197,0.8333621374780205,0.1999565325818541,0,1,0,False,True,False,False,False,False,True,False,False,True,False,False,False,False,False,False,0,5.453952658079485,0.0
D100914,918.51,81,3,1,0.2165301428284148,0.3809962587022049,0.5259217015730498,0,1,1,False,False,False,False,True,False,False,False,True,False,False,True,False,False,False,False,1,6.82384091946104,0.036585365853658534
D100185,84.23,81,1,0,0.7616478727205732,0.4912081842915599,0.3941410205581635,1,1,0,False,False,True,False,False,False,False,True,False,False,False,False,False,False,True,False,0,4.445353484534206,0.012195121951219513
D102248,54.88,81,6,0,0.2945304697050872,0.7839724242014483,0.5456093925652654,0,1,0,False,True,False,False,False,False,True,False,False,False,False,False,False,True,False,False,0,4.023206534388761,0.07317073170731707
D102263,46.41,81,2,0,0.5519505083237299,0.6224026604640834,0.1406119258956436,1,1,0,True,False,False,False,False,False,True,False,False,False,False,False,False,False,False,True,0,3.8588331769140267,0.024390243902439025
D103677,162.05,81,2,1,0.963854901610897,0.8963757987579205,0.6070156073199694,1,1,1,False,False,True,False,False,False,True,False,False,False,False,False,False,True,False,False,0,5.094056902235328,0.024390243902439025
D102311,131.1,81,1,1,0.6114020439272114,0.6106515811687278,0.715675222467085,1,1,1,True,False,False,False,False,False,False,True,False,False,False,False,True,False,False,False,1,4.883559211528279,0.012195121951219513
D101599,81.22,81,1,0,0.306013665584139,0.9472781275513767,0.6203124737380421,0,1,1,False,True,False,False,False,False,True,False,False,False,False,False,False,False,False,True,0,4.409398581469732,0.012195121951219513
D100519,70.0,81,2,0,0.8749840150909761,0.0649497518536535,0.2123754022915307,1,0,1,False,False,False,True,False,False,False,True,False,False,False,False,False,True,False,False,0,4.2626798770413155,0.024390243902439025
D102668,414.49,81,1,0,0.6504613924581546,0.9095872837035236,0.3874114334424135,1,1,0,False,False,True,False,False,False,False,True,False,False,True,False,False,False,False,False,0,6.029458546617191,0.012195121951219513
D103375,254.29,81,2,1,0.3257015871663353,0.3289655912265289,0.7842595210164036,0,0,1,False,True,False,False,False,True,False,False,False,False,True,False,False,False,False,False,0,5.542400153875902,0.024390243902439025
D101634,420.78,81,1,0,0.2767065749413325,0.6027559164522837,0.1242005282470781,1,1,0,False,False,False,False,True,False,False,False,True,False,False,False,False,True,False,False,0,6.044483851083618,0.012195121951219513
D102145,1466.19,81,2,1,0.3433595402850469,0.0481194443200807,0.7586796131538955,1,0,1,False,False,False,False,True,False,True,False,False,False,False,False,False,False,False,True,0,7.291104285775593,0.024390243902439025
D102132,1668.77,81,1,0,0.1598237487972094,0.0089012429918638,0.4903971740158581,0,0,1,False,False,False,False,True,True,False,False,False,False,False,False,True,False,False,False,1,7.420441171375006,0.012195121951219513
D101869,285.31,81,3,0,0.2938896635306882,0.05880878017013,0.4380737799726401,0,0,0,False,False,False,True,False,True,False,False,False,False,True,False,False,False,False,False,0,5.657075139890874,0.036585365853658534
D101841,217.71,81,1,0,0.652622250768405,0.2942232701575127,0.5029344580230327,0,0,0,False,False,True,False,False,True,False,False,False,False,False,False,False,False,True,False,0,5.387746651374461,0.012195121951219513
D101135,48.07,80,0,0,0.5020042791818404,0.5653480326265177,0.2949981421281654,0,1,1,False,True,False,False,False,False,False,True,False,False,False,False,False,False,True,False,0,3.893247850101812,0.0
D101962,287.01,80,2,1,0.8792247895051831,0.7347309012062536,0.4258241889330164,1,1,0,False,False,True,False,False,False,False,False,True,False,False,False,False,True,False,False,0,5.662995201755366,0.024691358024691357
D100094,312.93,80,2,1,0.5366669647542791,0.3955735612291475,0.3456524621959699,1,0,1,False,True,False,False,False,False,True,False,False,False,False,True,False,False,False,False,1,5.749170031119376,0.024691358024691357
D100780,205.3,80,5,1,0.7405591159001036,0.5583448775348564,0.9016715417864029,1,1,1,False,True,False,False,False,False,True,False,False,False,False,False,False,True,False,False,0,5.329331420077207,0.06172839506172839
D103910,372.57,80,3,1,0.8784288465465573,0.2237457541799824,0.3559429755414085,0,0,0,False,False,True,False,False,True,False,False,False,False,False,False,True,False,False,False,1,5.9231054033446195,0.037037037037037035
D100344,377.72,80,4,0,0.2781800149362425,0.264223867063511,0.5964085241217684,0,0,1,False,False,False,True,False,False,False,True,False,True,False,False,False,False,False,False,0,5.936797145765674,0.04938271604938271
D103304,287.12,80,3,1,0.583334442142785,0.279731689615558,0.0235435874124814,0,0,0,False,False,True,False,False,False,True,False,False,False,False,False,False,False,False,True,0,5.663377060021162,0.037037037037037035
D103299,487.03,80,1,1,0.4460062013932348,0.3487148576447212,0.2941419087470966,1,1,0,True,False,False,False,False,True,False,False,False,False,True,False,False,False,False,False,0,6.1903768793734475,0.012345679012345678
D102278,300.75,80,1,0,0.3150299716941179,0.1692262277715658,0.723657682085045,0,1,0,False,False,False,True,False,False,False,True,False,False,False,False,True,False,False,False,1,5.709598859977641,0.012345679012345678
D102750,641.92,80,1,0,0.4420474548218182,0.388716580365764,0.5290613227773839,0,0,0,False,True,False,False,False,False,True,False,False,False,False,False,False,False,False,True,0,6.46602029970094,0.012345679012345678
D103291,517.83,80,2,0,0.431341768845534,0.2622427818197648,0.4976232755031424,1,1,1,False,False,True,False,False,False,False,False,True,True,False,False,False,False,False,False,0,6.251576276522179,0.024691358024691357
D103621,1149.25,80,1,0,0.0201409123513324,0.5897307491015228,0.2741499311496174,0,1,0,False,True,False,False,False,True,False,False,False,False,False,False,False,True,False,False,0,7.047734589035578,0.012345679012345678
D100265,125.01,80,1,0,0.6980394691695252,0.2978756512074864,0.1320649005039745,1,0,0,False,True,False,False,False,False,False,True,False,False,True,False,False,False,False,False,0,4.836361268881602,0.012345679012345678
D103583,203.55,80,2,0,0.6418561686460713,0.2625683307986338,0.7056441414304532,1,0,0,False,False,True,False,False,False,True,False,False,False,False,False,True,False,False,False,1,5.320812444375408,0.024691358024691357
D100711,416.46,80,4,1,0.8788109305667201,0.2848664539294486,0.4739521646606094,1,0,0,False,False,True,False,False,False,False,False,True,False,False,False,False,False,False,True,0,6.0341887313177605,0.04938271604938271
D100276,238.4,80,4,0,0.3022456628656215,0.7347424606252757,0.5704197865098363,1,1,0,False,True,False,False,False,True,False,False,False,False,False,False,False,False,True,False,0,5.478135793123873,0.04938271604938271
D100784,310.69,80,2,1,0.8185015407192335,0.344792905451984,0.7641879470281197,0,0,0,False,False,False,False,True,False,False,True,False,False,False,False,False,True,False,False,0,5.742009104128395,0.024691358024691357
D102890,59.8,80,2,1,0.4183537224898196,0.6464742512352893,0.0844889309647747,0,1,0,True,False,False,False,False,False,True,False,False,True,False,False,False,False,False,False,0,4.107589788972121,0.024691358024691357
D102972,52.69,80,4,0,0.4352149978608979,0.6585740892638384,0.2420708502902209,1,1,1,True,False,False,False,False,True,False,False,False,False,True,False,False,False,False,False,0,3.983226764434478,0.04938271604938271
D102302,139.36,80,4,0,0.1617967499636707,0.4443526525230987,0.3142113956562017,1,1,0,False,False,True,False,False,True,False,False,False,False,False,True,False,False,False,False,1,4.944210550715014,0.04938271604938271
D100160,224.84,80,0,1,0.8228267116654527,0.8410863160405516,0.2876415859681099,1,1,1,True,False,False,False,False,True,False,False,False,False,False,False,True,False,False,False,1,5.419826783945234,0.0
D100132,265.86,80,5,0,0.482923698307059,0.4902445273350609,0.2737337951202352,0,1,0,False,False,True,False,False,False,True,False,False,False,False,False,False,False,True,False,0,5.5867241763142745,0.06172839506172839
D100147,343.15,80,0,0,0.501722881714396,0.3188693785655406,0.4379589698648516,1,0,1,False,False,True,False,False,False,False,True,False,False,False,False,False,False,False,True,0,5.841077608844373,0.0
D102228,94.37,80,0,1,0.4045588071945316,0.6743441608288593,0.7329815159998188,0,1,0,True,False,False,False,False,False,True,False,False,False,False,True,False,False,False,False,1,4.557764063590821,0.0
D103084,190.64,80,0,1,0.8274918520292773,0.7496738415092625,0.7677957663351624,1,1,1,False,False,False,True,False,True,False,False,False,False,False,False,False,False,True,False,0,5.2556186120149215,0.0
D103081,82.13,80,1,0,0.4153851100365107,0.5919134409018177,0.4977510981523902,0,1,1,True,False,False,False,False,False,True,False,False,False,False,False,False,True,False,False,0,4.420405647542997,0.012345679012345678
D103098,57.71,80,5,0,0.1405443253608674,0.2631976506843402,0.2690996054226761,0,0,1,False,True,False,False,False,False,False,True,False,False,False,False,True,False,False,False,1,4.072610070076094,0.06172839506172839
D100916,484.09,80,0,0,0.4580347413511025,0.8884591045559647,0.3568561235201898,0,1,1,True,False,False,False,False,True,False,False,False,False,False,False,False,False,False,True,0,6.184334440732364,0.0
D100929,97.89,80,2,0,0.3432882885878121,0.4331665967391463,0.4958481106348953,0,0,1,False,False,False,True,False,False,True,False,False,False,False,True,False,False,False,False,1,4.5940081212819,0.024691358024691357
D100526,1362.61,80,3,1,0.060010045384397,0.2889952875426875,0.833741530004587,0,0,1,False,False,False,False,True,False,False,True,False,False,False,False,False,True,False,False,0,7.217890873765752,0.037037037037037035
D100513,487.27,80,2,0,0.5000806521821421,0.1215916401765249,0.1030681751212968,1,0,0,False,True,False,False,False,False,False,True,False,True,False,False,False,False,False,False,0,6.190868531539451,0.024691358024691357
D100417,164.31,80,3,0,0.3881626932722632,0.5636355525641882,0.8013666014845499,1,0,1,False,False,False,True,False,True,False,False,False,False,False,False,False,False,False,True,0,5.107822499064921,0.037037037037037035
D103602,585.84,80,5,1,0.1323603428309386,0.0980587533574399,0.3941355054067555,0,0,0,False,False,True,False,False,False,True,False,False,False,False,False,True,False,False,False,1,6.374752210271443,0.06172839506172839
D101821,73.56,80,1,0,0.302801957811706,0.6102079924269672,0.4096342427642416,0,0,1,False,False,True,False,False,False,True,False,False,False,False,False,False,False,True,False,0,4.311604170377335,0.012345679012345678
D103635,144.27,80,3,0,0.4806640400928643,0.4984031280155128,0.2627845459777735,1,1,0,True,False,False,False,False,False,True,False,False,False,False,False,False,False,False,True,0,4.978594079884792,0.037037037037037035
D101482,1036.88,80,1,1,0.7452721951940449,0.8624028627546497,0.8289394102755954,0,1,1,False,False,True,False,False,True,False,False,False,False,True,False,False,False,False,False,0,6.944935450106421,0.012345679012345678
D101435,39.79,80,3,1,0.6505480580335611,0.1706487842829262,0.6471134755862343,1,0,1,False,False,False,False,True,False,True,False,False,False,False,False,False,False,False,True,0,3.708436953329467,0.037037037037037035
D102614,642.08,80,3,0,0.3998718936959967,0.1338303397780285,0.2088316297562417,1,0,0,False,True,False,False,False,True,False,False,False,False,False,False,False,False,True,False,0,6.466269133294759,0.037037037037037035
D103970,117.75,80,7,0,0.7206336237542025,0.3446337055698197,0.3296577640897631,1,1,0,False,False,False,False,True,False,True,False,False,False,False,False,False,False,False,True,0,4.7770204429147505,0.08641975308641975
D103869,92.69,80,1,0,0.3429264647194616,0.622258145385716,0.6890277706137073,0,1,1,False,False,True,False,False,False,False,False,True,False,False,False,False,False,True,False,0,4.539991459963097,0.012345679012345678
D101445,116.25,79,2,0,0.509149550886668,0.4356503942752922,0.6696201337480395,0,1,1,False,False,True,False,False,True,False,False,False,False,False,False,False,False,False,True,0,4.764308407326388,0.025
D103853,103.78,79,1,0,0.7655820022938256,0.6455399457025834,0.2608150209704963,0,0,0,False,True,False,False,False,True,False,False,False,False,False,False,True,False,False,False,1,4.651862913980073,0.0125
D100783,318.55,79,1,1,0.6790619945499855,0.4376499248277893,0.7462355825970065,0,0,1,False,False,True,False,False,True,False,False,False,False,False,False,False,False,False,True,0,5.766913756096291,0.0125
D103740,215.7,79,3,1,0.7346691776380336,0.917652669915104,0.377820645088031,0,1,0,False,True,False,False,False,False,False,True,False,False,False,False,False,True,False,False,0,5.378513908542313,0.0375
D101549,770.57,79,2,0,0.5134962278617992,0.1348710283210194,0.2532747775244312,1,0,1,False,True,False,False,False,False,False,True,False,False,False,False,False,True,False,False,0,6.648427400026884,0.025
D101306,396.9,79,1,0,0.2485730824451897,0.3196342926315825,0.654099130879302,0,0,0,False,False,True,False,False,True,False,False,False,False,False,False,False,False,True,False,0,5.986200717432883,0.0125
D102537,1152.19,79,1,1,0.1641708705000089,0.7601069381808027,0.3420785299423935,0,1,0,False,True,False,False,False,False,True,False,False,True,False,False,False,False,False,False,0,7.05028729420393,0.0125
D102569,36.78,79,4,0,0.2564549277873862,0.2419952718671096,0.6731707223290506,0,0,1,False,False,False,False,True,False,False,False,True,False,False,True,False,False,False,False,1,3.6317798620733637,0.05
D103042,1140.14,79,2,1,0.596067952871254,0.1362120634267701,0.30789267329246,0,0,0,False,False,False,True,False,False,True,False,False,False,True,False,False,False,False,False,0,7.039783041721625,0.025
D100499,305.0,79,2,0,0.5078329452991113,0.1662413878226935,0.5028514078894322,0,0,1,False,False,True,False,False,False,True,False,False,False,False,True,False,False,False,False,1,5.723585101952381,0.025
D101863,414.31,79,2,1,0.6924468991945079,0.7135793198488056,0.6052887669421332,1,1,1,False,False,True,False,False,False,False,True,False,False,False,False,False,False,True,False,0,6.029025229325865,0.025
D103020,123.8,79,4,0,0.0710853784051483,0.5419401076354784,0.5462875313381762,0,1,1,False,True,False,False,False,True,False,False,False,True,False,False,False,False,False,False,0,4.826712455935327,0.05
D102238,153.99,79,1,1,0.500343118719836,0.8021409086899841,0.7171654473770901,1,1,1,False,True,False,False,False,False,True,False,False,False,False,False,False,False,True,False,0,5.04336059870896,0.0125
D100594,75.42,79,1,1,0.6147913240377119,0.694107213400494,0.5519893806696516,0,1,1,True,False,False,False,False,False,False,True,False,False,False,False,False,False,False,True,0,4.336244442018754,0.0125
D100042,127.19,79,0,0,0.6498398697191221,0.5719364162339898,0.4009887108125552,1,1,1,False,False,True,False,False,True,False,False,False,False,False,False,False,False,False,True,0,4.8535135383240435,0.0
D101415,114.84,79,1,1,0.9151644532801384,0.7676894088701914,0.961266364342898,1,1,0,False,False,False,True,False,False,True,False,False,False,False,False,False,False,False,True,0,4.752209928637407,0.0125
D101964,287.08,79,1,0,0.6196153251093802,0.3443417354055824,0.943525474612208,1,1,1,False,False,False,True,False,True,False,False,False,False,True,False,False,False,False,False,0,5.66323821934062,0.0125
D103917,242.89,79,1,1,0.796957871787528,0.6016428644865415,0.8674873299467426,1,1,1,False,False,True,False,False,False,True,False,False,False,False,False,True,False,False,False,1,5.496717303971331,0.0125
D103860,305.2,79,2,0,0.1828725630393773,0.2396752388376728,0.3489868979832848,0,0,0,False,False,True,False,False,False,True,False,False,False,False,False,False,False,True,False,0,5.7242384832235835,0.025
D101377,344.26,79,0,0,0.2056097556311088,0.0402317729792805,0.5458046776095528,0,0,1,False,False,False,True,False,False,False,False,True,False,False,False,False,False,False,True,0,5.844297756388403,0.0
D102781,1259.63,79,3,0,0.1203313221273522,0.3694051529398964,0.3094143620574411,0,0,1,True,False,False,False,False,False,True,False,False,False,False,False,False,False,True,False,0,7.139366874987175,0.0375
D101509,579.79,79,1,1,0.6033191016730417,0.142680711547749,0.8589404867486258,1,0,1,False,False,False,True,False,False,True,False,False,False,False,False,False,True,False,False,0,6.364389245731507,0.0125
D102829,606.22,79,2,1,0.4330379621838288,0.2396213642841655,0.6991468528973269,1,1,1,False,False,False,True,False,True,False,False,False,False,False,False,False,False,True,False,0,6.40889116361539,0.025
D100661,365.53,79,1,1,0.8310825667828496,0.5221644158665176,0.3109829744466183,0,1,1,False,False,False,True,False,True,False,False,False,False,False,False,True,False,False,False,1,5.90408037336555,0.0125
D103080,134.74,79,3,1,0.6335813423102459,0.4801294128095984,0.4540201413158827,1,1,0,False,True,False,False,False,True,False,False,False,False,False,False,True,False,False,False,1,4.910741291275612,0.0375
D100802,359.17,79,2,1,0.9053886929242048,0.7986930944822198,0.7867912527964118,1,1,0,False,False,False,True,False,True,False,False,False,False,False,False,False,True,False,False,0,5.8865761422105525,0.025
D100613,325.88,79,1,1,0.5923493721360267,0.5784279255351665,0.5421840583979469,0,1,1,False,False,False,False,True,False,True,False,False,False,False,True,False,False,False,False,1,5.789593131069312,0.0125
D103435,256.5,79,2,1,0.1039733610237766,0.6135528524461602,0.5408015613125502,0,0,1,False,False,True,False,False,False,True,False,False,False,False,True,False,False,False,False,1,5.551019720103791,0.025
D101777,51.39,79,2,1,0.8691424654399024,0.5035575595850483,0.168964400636725,1,1,0,False,True,False,False,False,True,False,False,False,False,False,False,False,False,True,False,0,3.9587157334201284,0.025
D102429,71.81,79,3,1,0.836254803893993,0.2946777034322886,0.8778414866690373,1,0,1,False,False,False,True,False,False,False,True,False,False,False,False,False,False,True,False,0,4.2878533084066195,0.0375
D103317,271.16,79,6,0,0.4186143820999369,0.2012434284507182,0.066935412928604,1,0,0,True,False,False,False,False,False,True,False,False,False,False,True,False,False,False,False,1,5.6063901286475515,0.075
D100103,308.22,79,1,1,0.8338005033640409,0.8430698676156358,0.8251257908572205,1,1,1,False,False,False,False,True,True,False,False,False,True,False,False,False,False,False,False,0,5.734052997674449,0.0125
D100542,122.51,79,2,0,0.476588375115735,0.4675179633410576,0.5211470608592391,1,0,0,False,False,False,True,False,True,False,False,False,False,False,False,False,False,False,True,0,4.816322124449923,0.025
D103985,142.95,78,2,1,0.3657714760491524,0.7465257006706225,0.7713417372980224,0,1,1,True,False,False,False,False,False,True,False,False,False,False,False,False,False,False,True,0,4.969466017058185,0.02531645569620253
D101684,567.48,78,1,1,0.3636692816507282,0.7913538472590819,0.0925958455049563,1,1,0,True,False,False,False,False,True,False,False,False,False,True,False,False,False,False,False,0,6.342966132272717,0.012658227848101266
D102717,220.74,78,0,0,0.5520996921758535,0.0715417530350785,0.5410265282578725,1,0,0,False,False,False,False,True,False,False,True,False,False,False,False,True,False,False,False,1,5.401505524344206,0.0
D101539,237.31,78,2,0,0.6097036386584943,0.7432562566919264,0.5189246380696122,1,1,1,False,True,False,False,False,True,False,False,False,False,False,True,False,False,False,False,1,5.473572347135272,0.02531645569620253
D101248,136.65,78,4,0,0.4269162942471937,0.3221975325308138,0.3645729000509908,1,0,0,False,False,False,True,False,False,True,False,False,True,False,False,False,False,False,False,0,4.9247142315886165,0.05063291139240506
D102369,1075.78,78,2,1,0.6003158576921617,0.3664554241252842,0.4687530439271924,1,0,1,False,False,True,False,False,False,True,False,False,False,False,False,False,True,False,False,0,6.98173038516671,0.02531645569620253
D102398,50.12,78,1,0,0.9341290645401666,0.2259185969014116,0.2538972307068423,1,1,1,True,False,False,False,False,True,False,False,False,False,False,True,False,False,False,False,1,3.9341758100692794,0.012658227848101266
D101834,413.71,78,1,0,0.7328233726596823,0.4290935235739098,0.7176037521075515,1,0,1,False,True,False,False,False,True,False,False,False,False,False,False,False,False,True,False,0,6.02757948077882,0.012658227848101266
D102568,234.41,78,4,0,0.4393561173317309,0.1463691229286291,0.3014084167356801,0,1,0,False,False,True,False,False,False,False,False,True,False,False,True,False,False,False,False,1,5.461328674807492,0.05063291139240506
D100109,584.52,78,1,0,0.6300251202187064,0.3192948370412016,0.5527167886026418,1,1,0,False,False,False,True,False,False,True,False,False,False,False,False,False,False,True,False,0,6.372500341292971,0.012658227848101266
D103665,367.89,78,1,0,0.1805784747872791,0.5643468127843613,0.1647999576787058,1,0,0,False,True,False,False,False,False,True,False,False,False,False,False,False,False,False,True,0,5.910498496617971,0.012658227848101266
D101810,621.87,78,4,1,0.1139799391838031,0.7258784982969013,0.4819213627737231,0,0,1,False,True,False,False,False,False,False,True,False,False,True,False,False,False,False,False,0,6.434337829276554,0.05063291139240506
D101034,192.87,78,6,0,0.5183925731429497,0.6700102833090512,0.4379515409039883,0,1,1,False,True,False,False,False,False,True,False,False,False,False,False,False,False,False,True,0,5.267187831351116,0.0759493670886076
D101612,450.59,78,2,1,0.3443658941288606,0.3756424084981127,0.7235632794889856,0,0,0,False,False,False,True,False,False,True,False,False,False,False,False,False,True,False,False,0,6.112774688540522,0.02531645569620253
D100910,412.63,78,3,1,0.7253450643694733,0.1447394086995406,0.8783666774453569,1,0,1,False,False,False,True,False,False,True,False,False,True,False,False,False,False,False,False,0,6.024971854412897,0.0379746835443038
D100915,144.43,78,0,1,0.7633803182073833,0.5366210259547395,0.7029791164936358,1,1,1,False,False,False,False,True,True,False,False,False,False,False,False,False,False,True,False,0,4.9796948711896185,0.0
D103736,368.75,78,2,1,0.4260644705308486,0.3483318877874666,0.3475825505967136,0,0,1,False,True,False,False,False,True,False,False,False,False,False,True,False,False,False,False,1,5.912827101590909,0.02531645569620253
D101594,91.69,78,0,0,0.6202826749526261,0.2100112957547358,0.7610259505101378,1,0,1,False,False,False,True,False,False,True,False,False,False,False,False,True,False,False,False,1,4.529260591887741,0.0
D102878,50.1,78,2,1,0.3601128048398518,0.6965320091939233,0.7742676246872189,0,0,1,False,False,True,False,False,True,False,False,False,False,True,False,False,False,False,False,0,3.933784497209659,0.02531645569620253
D100921,44.66,78,3,0,0.3778116467139389,0.2678578033096339,0.3083584975494509,1,1,0,False,False,False,True,False,False,False,True,False,False,False,False,False,True,False,False,0,3.821222641101649,0.0379746835443038
D102335,737.95,78,4,0,0.1803522096444774,0.153005127458312,0.1135537896232868,0,0,0,False,False,True,False,False,False,False,True,False,False,False,False,True,False,False,False,1,6.605230259660582,0.05063291139240506
D101797,300.12,78,1,0,0.53725105932036,0.2816053010571051,0.3516529857717236,1,0,1,False,True,False,False,False,False,False,True,False,False,False,False,False,True,False,False,0,5.707508856397014,0.012658227848101266
D103407,241.24,78,2,0,0.5002020733449568,0.4448609764965574,0.0517421345649889,0,0,0,False,True,False,False,False,False,False,False,True,False,True,False,False,False,False,False,0,5.489928970249084,0.02531645569620253
D100445,65.49,78,1,1,0.8220663667585069,0.7224690487175703,0.8151334217918698,1,1,1,False,False,True,False,False,True,False,False,False,False,False,False,False,False,False,True,0,4.197051560414364,0.012658227848101266
D101872,190.47,78,1,0,0.8751300506499965,0.273071548671754,0.8595608526052598,1,0,1,False,False,False,False,True,True,False,False,False,True,False,False,False,False,False,False,0,5.254731138385114,0.012658227848101266
D101633,341.69,78,3,1,0.3149751342446752,0.4738375969984305,0.8646347021249882,1,0,1,False,False,True,False,False,False,True,False,False,False,False,False,False,True,False,False,0,5.836826248413965,0.0379746835443038
D101656,122.01,78,2,0,0.5622434663783347,0.4778748579863358,0.208007416527884,0,0,0,False,True,False,False,False,False,False,True,False,False,False,True,False,False,False,False,1,4.8122656528806935,0.02531645569620253
D102118,265.1,78,1,0,0.7613365033280628,0.0973620131061485,0.4582282454267879,1,0,1,True,False,False,False,False,False,False,True,False,False,True,False,False,False,False,False,0,5.583872177983643,0.012658227848101266
D101014,289.58,78,2,1,0.3182681659438202,0.8000595657928414,0.3363087423714095,0,1,0,False,True,False,False,False,False,False,True,False,False,False,False,False,False,False,True,0,5.671878925643193,0.02531645569620253
D100592,64.12,78,3,0,0.5766286652847458,0.7716382636756515,0.2624409715609554,1,1,0,False,True,False,False,False,False,True,False,False,False,False,False,False,False,False,True,0,4.176231721694285,0.0379746835443038
D100981,707.26,78,2,1,0.7788123184955056,0.3204830854922634,0.5524097066357245,1,0,0,False,False,False,True,False,False,False,False,True,False,False,False,True,False,False,False,1,6.562811257919103,0.02531645569620253
D102041,4391.14,78,3,1,0.0231316837583274,0.4517180593582581,0.1483636295644469,0,1,0,False,False,False,True,False,True,False,False,False,False,False,False,False,False,True,False,0,8.387571858819767,0.0379746835443038
D100431,195.41,78,2,1,0.6342670556067476,0.3056795463149498,0.6907861904353244,0,0,0,False,False,False,True,False,True,False,False,False,False,False,False,False,False,True,False,0,5.28020431112111,0.02531645569620253
D103135,1504.84,78,5,0,0.3514007343111338,0.1998418833883542,0.373778205204462,1,0,0,False,False,False,True,False,False,True,False,False,False,False,False,False,True,False,False,0,7.317106161015922,0.06329113924050633
D103336,89.17,78,4,0,0.0887620432040545,0.3480149446050712,0.2240967716336748,0,0,0,False,False,True,False,False,True,False,False,False,False,False,False,False,True,False,False,0,4.501696777511816,0.05063291139240506
D102590,367.27,78,4,1,0.3693057210222612,0.557872674184439,0.4440750035438389,1,0,0,False,False,False,True,False,False,True,False,False,False,True,False,False,False,False,False,0,5.908816364798029,0.05063291139240506
D101447,534.46,78,3,0,0.5326715902005917,0.661400207032608,0.1770590295836662,0,1,0,False,False,True,False,False,False,True,False,False,False,False,False,True,False,False,False,1,6.283126190552593,0.0379746835443038
D102454,193.87,78,0,0,0.8352674491513159,0.2525009187584345,0.5723190819197622,1,0,1,False,False,True,False,False,True,False,False,False,False,False,False,True,False,False,False,1,5.272332669576043,0.0
D102869,224.68,77,3,0,0.4069607761024854,0.1042147538550135,0.3137934965497526,1,0,0,True,False,False,False,False,False,False,True,False,False,False,False,False,False,True,False,0,5.419118066693741,0.038461538461538464
D101284,328.6,77,3,0,0.646119043716338,0.0559170130790381,0.4000951286495678,0,0,1,False,False,False,False,True,False,False,True,False,False,False,False,False,False,False,True,0,5.797879798035317,0.038461538461538464
D101055,157.7,77,1,0,0.2425273922596124,0.0752873390415427,0.3617682541795877,0,0,0,False,False,True,False,False,True,False,False,False,True,False,False,False,False,False,False,0,5.0670156275323635,0.01282051282051282
D103126,161.8,77,4,0,0.5477316094009387,0.0838713585306934,0.5509405103935731,0,0,1,False,False,True,False,False,False,False,False,True,False,True,False,False,False,False,False,0,5.09252245356844,0.05128205128205128
D103990,201.51,77,0,1,0.6166127269361593,0.1488352595380172,0.5174251594537937,1,0,1,False,False,False,False,True,False,True,False,False,False,True,False,False,False,False,False,0,5.310789268043357,0.0
D102591,1820.41,77,2,1,0.2889470421658942,0.3266685905838161,0.8163422617548297,0,0,1,False,False,False,True,False,False,False,True,False,False,False,True,False,False,False,False,1,7.507366205400848,0.02564102564102564
D102546,239.96,77,1,0,0.1309246956252475,0.0860124419565082,0.4890794857134869,0,0,0,False,False,False,False,True,False,False,False,True,False,False,True,False,False,False,False,1,5.484630944611529,0.01282051282051282
D103169,181.18,77,1,0,0.8733098866331078,0.3123655653470015,0.5437986222679745,1,0,1,False,False,True,False,False,True,False,False,False,False,True,False,False,False,False,False,0,5.204995209316664,0.01282051282051282
D100528,167.23,77,3,1,0.6568404969884377,0.4816554070379313,0.606811900092179,1,1,1,False,False,False,True,False,True,False,False,False,False,False,False,False,False,True,False,0,5.125332090731069,0.038461538461538464
D103171,331.26,77,5,1,0.4607159627493766,0.7712627668070763,0.3379231018449696,0,0,0,False,False,True,False,False,False,True,False,False,False,False,False,False,True,False,False,0,5.805917794958333,0.0641025641025641
D101100,117.48,77,3,1,0.1282187802080411,0.2191929319270098,0.1466499129288823,0,0,0,True,False,False,False,False,False,True,False,False,False,False,False,True,False,False,False,1,4.774744169959543,0.038461538461538464
D101022,452.72,77,7,1,0.4875825382219036,0.1723868731948962,0.9006409833141557,0,0,1,False,False,False,False,True,False,True,False,False,False,False,False,False,False,True,False,0,6.1174802676908415,0.08974358974358974
D101429,546.28,77,2,0,0.7840965936582723,0.41426038563924,0.4157508696901479,1,0,0,False,True,False,False,False,True,False,False,False,False,True,False,False,False,False,False,0,6.304960554452743,0.02564102564102564
D101917,386.41,77,2,1,0.8446386931082283,0.1868828519655753,0.505210328359546,1,0,0,False,False,True,False,False,False,False,True,False,False,False,False,False,False,False,True,0,5.959483563752804,0.02564102564102564
D103221,150.75,77,3,0,0.6594671182914549,0.0674791535185477,0.0872310234183698,1,0,1,False,False,False,True,False,True,False,False,False,False,False,False,False,False,True,False,0,5.022234429939608,0.038461538461538464
D102119,137.09,77,1,0,0.7347000148868889,0.8669428309853413,0.4285344055576512,1,1,0,False,True,False,False,False,False,False,True,False,False,False,True,False,False,False,False,1,4.92790564649726,0.01282051282051282
D101670,114.3,77,4,0,0.6223866946154836,0.8723263074230927,0.3052684186434917,0,1,1,False,True,False,False,False,False,False,True,False,False,False,False,False,True,False,False,0,4.747537427275013,0.05128205128205128
D103615,375.38,77,1,0,0.902370260890598,0.3650844790472789,0.7441732850203855,0,0,0,False,False,True,False,False,False,True,False,False,False,False,False,False,False,False,True,0,5.930599271336707,0.01282051282051282
D102806,100.24,77,0,0,0.2177875611341322,0.7538085326462182,0.3080886837584452,1,1,1,False,True,False,False,False,True,False,False,False,True,False,False,False,False,False,False,0,4.617493935676923,0.0
D100612,94.57,77,2,1,0.2723966975173696,0.7078816800529978,0.5805677522061129,0,1,0,False,False,False,False,True,False,True,False,False,False,True,False,False,False,False,False,0,4.559858963278089,0.02564102564102564
D103551,233.41,77,1,0,0.2687226765714179,0.6134851433428935,0.2407829710792472,0,1,0,False,False,True,False,False,True,False,False,False,True,False,False,False,False,False,False,0,5.457071718908896,0.01282051282051282
D100336,298.84,77,1,0,0.4610486331398237,0.7894169928407982,0.0948203618593097,0,1,0,True,False,False,False,False,True,False,False,False,False,True,False,False,False,False,False,0,5.703248999050057,0.01282051282051282
D101353,551.72,77,3,0,0.3686636601104012,0.1303054207688394,0.5881994817010319,1,0,1,False,True,False,False,False,False,False,True,False,True,False,False,False,False,False,False,0,6.31485154418054,0.038461538461538464
D101374,99.95,77,7,0,0.1894501085680937,0.4853709309806452,0.7262424386693237,1,1,1,False,False,False,False,True,False,True,False,False,False,False,False,False,False,False,True,0,4.614625344758847,0.08974358974358974
D100815,177.51,77,2,0,0.4810984338234131,0.5792776020606183,0.7997729556870641,0,0,1,False,False,False,True,False,False,False,True,False,False,False,False,False,True,False,False,0,5.18464462205946,0.02564102564102564
D102625,1006.52,77,0,0,0.3563680450105008,0.4442487741830446,0.2096866555454903,0,0,0,False,True,False,False,False,False,False,False,True,False,False,False,False,True,False,False,0,6.915247144740433,0.0
D100685,188.02,77,1,0,0.5248918095845128,0.5242272710368353,0.1651793354314996,1,0,0,False,True,False,False,False,False,False,False,True,False,False,False,True,False,False,False,1,5.24185282956691,0.01282051282051282
D100631,455.55,77,2,0,0.1247316257563354,0.5377707811078163,0.5224697367244565,0,0,0,False,False,False,True,False,True,False,False,False,False,False,True,False,False,False,False,1,6.123698223062349,0.02564102564102564
D102840,241.31,77,3,0,0.657642252686857,0.443313864184314,0.1756441835095488,1,0,0,False,False,False,True,False,False,True,False,False,False,False,False,False,False,True,False,0,5.490217898122315,0.038461538461538464
D103312,439.51,77,3,0,0.3663154742138174,0.146889890893857,0.2219046735693581,0,0,0,False,False,True,False,False,True,False,False,False,False,False,True,False,False,False,False,1,6.087933146594155,0.038461538461538464
D100388,193.39,77,2,1,0.1391560206324405,0.82462072211286,0.5230151982633442,0,1,1,True,False,False,False,False,False,False,True,False,False,False,False,False,True,False,False,0,5.269866450374021,0.02564102564102564
D100888,335.36,77,3,1,0.2642260689665331,0.9607932942892308,0.492182434165458,0,1,1,False,True,False,False,False,False,False,False,True,False,False,False,False,False,False,True,0,5.818182014964697,0.038461538461538464
D102349,247.43,77,2,0,0.6151123323637625,0.3693704726005192,0.3295835971866809,1,0,0,True,False,False,False,False,False,True,False,False,False,False,False,False,False,False,True,0,5.515161115713719,0.02564102564102564
D102379,103.51,77,4,1,0.301493422621555,0.4232924304914889,0.1086499484647365,1,0,0,False,False,True,False,False,True,False,False,False,False,False,False,False,False,False,True,0,4.649282760606412,0.05128205128205128
D100798,357.8,77,3,0,0.2502263049457757,0.1164891047340648,0.4815302870532392,0,0,0,False,False,True,False,False,False,True,False,False,False,True,False,False,False,False,False,0,5.882765130184641,0.038461538461538464
D101291,200.8,77,2,0,0.2895210015046933,0.2819104186965057,0.5462643507281548,0,1,0,False,False,True,False,False,False,False,True,False,False,False,False,False,False,False,True,0,5.307277107919509,0.02564102564102564
D103105,171.75,77,1,1,0.0914657345966704,0.7540818760457167,0.8633706257561079,0,1,1,False,False,True,False,False,False,False,True,False,True,False,False,False,False,False,False,0,5.151845462647779,0.01282051282051282
D101737,40.89,77,1,0,0.629711599268361,0.2825051794658554,0.2619981163831147,0,0,0,False,True,False,False,False,False,False,True,False,False,False,False,False,False,False,True,0,3.7350471349589434,0.01282051282051282
D101758,325.65,77,4,1,0.9006086000977848,0.7304388465613662,0.9183555028098668,1,1,1,False,False,False,True,False,False,True,False,False,False,False,False,False,False,False,True,0,5.7888892612867595,0.05128205128205128
D100664,323.84,77,5,0,0.24421736517449,0.6985591348404548,0.2831115933882753,0,1,0,False,True,False,False,False,True,False,False,False,False,False,False,False,False,False,True,0,5.78333275341421,0.0641025641025641
D101163,234.17,77,0,1,0.3673611274642557,0.925009112172866,0.546511201249033,0,1,1,False,True,False,False,False,True,False,False,False,False,False,False,False,False,False,True,0,5.46030865686874,0.0
D103567,433.53,77,2,0,0.8538235820418638,0.8068749463736706,0.1000408407231834,1,1,1,False,False,True,False,False,False,False,True,False,False,False,False,True,False,False,False,1,6.07426498720113,0.02564102564102564
D101738,62.59,77,4,1,0.5905620082908385,0.4746299534588483,0.3222391751941956,1,1,0,False,False,True,False,False,False,False,False,True,False,False,False,False,False,True,False,0,4.152456225279317,0.05128205128205128
D103085,252.34,77,3,1,0.9438345890708102,0.8526429806345887,0.2847868913852231,0,1,1,False,True,False,False,False,False,True,False,False,False,False,False,False,False,False,True,0,5.534732460055486,0.038461538461538464
D101812,280.64,77,2,0,0.2900306986150709,0.6262916591554548,0.1164292631710748,0,1,0,False,False,False,True,False,True,False,False,False,False,False,False,False,False,True,False,0,5.640629659650933,0.02564102564102564
D102045,359.28,77,2,0,0.5709706282443023,0.900049760574665,0.0943544363649002,1,1,0,True,False,False,False,False,False,True,False,False,False,False,False,False,True,False,False,0,5.886881506915542,0.02564102564102564
D100996,1628.83,77,3,1,0.491538736476547,0.1312107140538559,0.7552881133907903,1,0,1,False,False,True,False,False,False,False,True,False,False,True,False,False,False,False,False,0,7.396230993883233,0.038461538461538464
D101379,122.85,76,1,0,0.6751024949038317,0.7994924241766764,0.0486971782668914,0,0,0,False,True,False,False,False,False,True,False,False,False,False,True,False,False,False,False,1,4.819071155935369,0.012987012987012988
D100884,473.31,76,2,1,0.7421987610838695,0.1712317248815239,0.2772030268396456,1,0,1,False,True,False,False,False,True,False,False,False,False,True,False,False,False,False,False,0,6.161861116363576,0.025974025974025976
D102331,151.78,76,3,0,0.5315513615894362,0.4269352999982149,0.2440800318388279,1,1,0,False,True,False,False,False,False,True,False,False,False,False,False,False,False,False,True,0,5.028998978113214,0.03896103896103896
D100200,917.72,76,1,0,0.611035438998963,0.6475462012063683,0.3860461471216812,1,1,0,False,False,False,True,False,False,True,False,False,False,False,False,False,False,True,False,0,6.8229813969327,0.012987012987012988
D102836,392.51,76,0,0,0.6925852678231537,0.559547163953438,0.0246251943300713,0,1,0,False,False,True,False,False,True,False,False,False,False,False,False,False,True,False,False,0,5.975106480495164,0.0
D100348,51.23,76,0,0,0.4346960524083151,0.4570051580610109,0.7342753695841386,1,0,1,False,False,True,False,False,True,False,False,False,False,False,True,False,False,False,False,1,3.955657042448207,0.0
D102323,532.79,76,2,0,0.6262844608964504,0.3581531158851487,0.2397757134013566,1,0,0,True,False,False,False,False,False,False,True,False,False,False,False,False,True,False,False,0,6.2800025031868545,0.025974025974025976
D103233,522.39,76,1,1,0.8706375166154544,0.8372473186559933,0.5036654580066521,1,1,1,True,False,False,False,False,True,False,False,False,False,True,False,False,False,False,False,0,6.260326884067138,0.012987012987012988
D101124,755.09,76,3,0,0.2874680183433336,0.2193047011495947,0.4928706635362976,0,0,1,False,True,False,False,False,True,False,False,False,False,False,False,False,False,False,True,0,6.6281604167129755,0.03896103896103896
D101960,370.43,76,4,1,0.675033061962925,0.4392122412251537,0.3664958019460894,1,1,1,False,False,True,False,False,False,True,False,False,False,False,True,False,False,False,False,1,5.91736042110071,0.05194805194805195
D102478,931.66,76,1,0,0.1091060947128439,0.5137391985513347,0.2745141126477627,1,0,0,False,True,False,False,False,False,False,False,True,False,True,False,False,False,False,False,0,6.83804071856894,0.012987012987012988
D101616,211.8,76,1,1,0.2675198321872111,0.8818643409394404,0.2463297591549785,0,1,0,True,False,False,False,False,False,True,False,False,True,False,False,False,False,False,False,0,5.360352757467489,0.012987012987012988
D103465,111.22,76,5,0,0.6095425701985346,0.4317917788583228,0.4202587652076759,1,0,0,False,False,False,True,False,False,True,False,False,False,False,False,True,False,False,False,1,4.720461230322826,0.06493506493506493
D101818,52.49,76,2,0,0.4141966371097183,0.1968948778088661,0.3237507309484634,0,0,1,False,False,True,False,False,True,False,False,False,True,False,False,False,False,False,False,0,3.979494720543159,0.025974025974025976
D101742,348.65,76,4,0,0.1596907383218747,0.3554628160594691,0.2078626640481865,0,0,0,True,False,False,False,False,True,False,False,False,False,True,False,False,False,False,False,0,5.856932654149876,0.05194805194805195
D100350,953.39,76,2,0,0.799146460232602,0.0951249173286674,0.4918215911984369,1,0,0,False,False,True,False,False,False,True,False,False,False,False,False,False,True,False,False,0,6.861072392941723,0.025974025974025976
D103238,1041.32,76,4,1,0.8864080406419497,0.1704190618718152,0.3885168653133143,1,0,0,False,True,False,False,False,True,False,False,False,False,False,False,False,False,True,False,0,6.949204276894676,0.05194805194805195
D100229,293.39,76,2,1,0.7454713716518458,0.5038013116756382,0.2306316775610658,1,1,1,True,False,False,False,False,True,False,False,False,False,False,False,False,False,False,True,0,5.684905418886512,0.025974025974025976
D101048,262.98,76,3,1,0.6089689758476857,0.3756845228604262,0.3147826496615696,1,0,1,False,False,False,True,False,False,True,False,False,False,True,False,False,False,False,False,0,5.575873342700809,0.03896103896103896
D101827,45.94,76,3,0,0.1091959750920825,0.6133879155968276,0.4469322495450336,1,1,1,False,False,True,False,False,True,False,False,False,False,False,True,False,False,False,False,1,3.8488701904228773,0.03896103896103896
D100965,83.17,76,1,0,0.6798627719181425,0.6999113433106463,0.2982045279370714,1,1,0,False,False,True,False,False,True,False,False,False,False,False,False,False,True,False,False,0,4.432838563223485,0.012987012987012988
D100179,52.22,76,1,1,0.5868044715124731,0.1898922556844906,0.7045241963498214,0,1,0,False,False,False,True,False,False,False,False,True,False,False,False,True,False,False,False,1,3.9744342655495433,0.012987012987012988
D103473,119.85,76,0,0,0.647548106548233,0.7197447562469993,0.1719292642515245,1,1,0,False,True,False,False,False,True,False,False,False,False,False,False,False,False,True,False,0,4.794550107149492,0.0
D101521,1917.36,76,3,0,0.2016554277793688,0.2637114001047693,0.2304883171784748,0,1,0,False,False,True,False,False,True,False,False,False,True,False,False,False,False,False,False,0,7.559225933346947,0.03896103896103896
D103097,462.36,76,1,0,0.3867907700303737,0.6831527959304703,0.5502072715798672,0,0,0,False,True,False,False,False,True,False,False,False,False,False,False,False,False,True,False,0,6.138504289757297,0.012987012987012988
D102967,484.82,76,4,1,0.5852346358419028,0.3355949964571416,0.6332271892453493,0,1,1,False,True,False,False,False,False,False,False,True,False,True,False,False,False,False,False,0,6.185838184926078,0.05194805194805195
D103448,279.43,76,1,1,0.1361850312635494,0.666826663429421,0.824177323905607,0,1,1,False,True,False,False,False,False,True,False,False,False,True,False,False,False,False,False,0,5.636324139451677,0.012987012987012988
D102579,238.54,76,5,0,0.1569761360597607,0.0724273971702839,0.9154241320872176,0,0,1,False,False,False,False,True,False,True,False,False,False,False,False,True,False,False,False,1,5.4787204175193605,0.06493506493506493
D101464,230.66,76,2,0,0.2250678667686786,0.3331646825150161,0.3325355936159867,0,0,0,False,False,True,False,False,False,False,False,True,False,True,False,False,False,False,False,0,5.4452707795042,0.025974025974025976
D103188,75.34,76,2,0,0.2503856451096345,0.8799726236249632,0.5954493196262681,1,1,1,True,False,False,False,False,False,False,True,False,False,False,False,False,True,False,False,0,4.3351970473170836,0.025974025974025976
D102027,86.04,76,4,1,0.644995530449768,0.8656394367207491,0.3425482148653449,1,1,0,False,True,False,False,False,True,False,False,False,False,True,False,False,False,False,False,0,4.466367783107633,0.05194805194805195
D102035,20.07,76,2,0,0.7742231061799888,0.5246160038587501,0.5738123575299493,1,1,1,False,False,False,True,False,True,False,False,False,False,False,False,False,False,True,False,0,3.0478502278160975,0.025974025974025976
D103382,1209.7,76,1,0,0.0763764828923175,0.1716894614462223,0.3659589981089661,0,1,1,False,False,False,False,True,False,False,False,True,True,False,False,False,False,False,False,0,7.098953983713694,0.012987012987012988
D102556,262.48,76,1,1,0.1112663738873808,0.9655107762043428,0.1915463262426465,0,1,0,True,False,False,False,False,False,False,True,False,False,False,False,False,True,False,False,0,5.573977463772493,0.012987012987012988
D100448,522.98,76,0,1,0.7823595832901759,0.3980673400521006,0.3995116139420824,1,1,0,True,False,False,False,False,False,True,False,False,False,False,False,True,False,False,False,1,6.261453515653697,0.0
D100723,59.82,75,2,0,0.3072435684473608,0.3893227309544099,0.5087406620592305,0,0,1,False,False,False,False,True,False,True,False,False,False,False,False,False,True,False,False,0,4.107918682249219,0.02631578947368421
D100847,141.46,75,4,0,0.8467547079890494,0.1770099579454174,0.2196061235908533,1,0,0,False,False,True,False,False,False,True,False,False,False,True,False,False,False,False,False,0,4.959061258550208,0.05263157894736842
D103852,275.91,75,3,1,0.427641940431762,0.627467468969355,0.1864545560464192,0,0,0,False,True,False,False,False,False,False,True,False,False,False,False,False,True,False,False,0,5.623692543645438,0.039473684210526314
D100303,320.72,75,2,0,0.7980525991909561,0.8145028048922048,0.6111097668680101,1,1,1,False,False,True,False,False,False,True,False,False,False,False,False,False,False,True,False,0,5.773681602035868,0.02631578947368421
D100011,349.2,75,3,0,0.174726651940801,0.1249092522850395,0.4568165269562079,0,0,0,False,False,False,False,True,True,False,False,False,True,False,False,False,False,False,False,0,5.8585044198517515,0.039473684210526314
D103614,360.71,75,1,1,0.8887037677678307,0.531764569288329,0.1270220343061615,0,1,0,False,False,True,False,False,False,False,True,False,False,False,False,False,True,False,False,0,5.890842785797329,0.013157894736842105
D101114,170.62,75,1,1,0.8205650264725388,0.1209734146616559,0.3665726444860639,1,0,0,False,False,False,False,True,False,True,False,False,False,True,False,False,False,False,False,0,5.145282730378975,0.013157894736842105
D101658,818.12,75,3,1,0.3129661604976427,0.5393577500334023,0.5818049748722389,0,1,1,False,True,False,False,False,False,False,False,True,False,False,False,False,False,True,False,0,6.708230593266562,0.039473684210526314
D101324,150.29,75,6,1,0.3816809818823688,0.8714281313244386,0.7899364571945157,1,1,1,False,True,False,False,False,False,False,True,False,False,False,False,True,False,False,False,1,5.019198524756743,0.07894736842105263
D100603,210.1,75,2,0,0.4416475126377858,0.6774384260949498,0.543602674546327,0,1,0,False,False,True,False,False,False,False,False,True,True,False,False,False,False,False,False,0,5.352331954854275,0.02631578947368421
D101530,327.3,75,1,0,0.2402060064510564,0.939882480997176,0.3642729994117153,0,1,0,False,True,False,False,False,False,True,False,False,False,False,False,False,True,False,False,0,5.793927824507547,0.013157894736842105
D100184,122.88,75,1,1,0.9605479926074978,0.6402567163526784,0.4341043746596408,1,0,0,False,False,False,True,False,False,True,False,False,True,False,False,False,False,False,False,0,4.819313355105002,0.013157894736842105
D103378,171.26,75,2,1,0.3237532495432513,0.217124522774714,0.8111580067660988,0,1,0,False,False,True,False,False,False,False,True,False,False,False,True,False,False,False,False,1,5.149004963361028,0.02631578947368421
D103123,1110.18,75,3,0,0.7674578955164857,0.4702087545041453,0.7996541519327237,1,1,1,False,False,True,False,False,False,False,True,False,False,True,False,False,False,False,False,0,7.013177792718043,0.039473684210526314
D101240,245.17,75,3,0,0.8648013850771097,0.1969648788119165,0.251423547123992,1,0,0,False,False,False,True,False,True,False,False,False,False,True,False,False,False,False,False,0,5.506022354173055,0.039473684210526314
D101915,203.6,75,4,0,0.0689413875442695,0.3488091479417578,0.0483668330406548,0,0,0,False,True,False,False,False,True,False,False,False,False,True,False,False,False,False,False,0,5.321056853517526,0.05263157894736842
D100562,319.94,75,3,0,0.126380624309996,0.23152993171776,0.361975632337342,0,0,0,False,False,False,True,False,False,True,False,False,False,False,False,True,False,False,False,1,5.771254189771214,0.039473684210526314
D103452,147.33,75,1,0,0.1616487137820289,0.2747419675183743,0.4692512470348027,0,0,0,True,False,False,False,False,True,False,False,False,False,False,False,True,False,False,False,1,4.999439521335521,0.013157894736842105
D102491,468.48,75,7,0,0.1744872176192488,0.8108280036680399,0.3105014438152683,0,1,1,False,True,False,False,False,True,False,False,False,False,False,False,False,False,False,True,0,6.151625699231923,0.09210526315789473
D100156,288.09,75,2,1,0.5338434709846951,0.4175232303858322,0.6195916365200339,0,1,1,False,True,False,False,False,False,False,True,False,False,False,False,False,False,True,False,0,5.666738058316819,0.02631578947368421
D103751,301.18,75,1,0,0.6992730574750379,0.3164425649973743,0.1727244731193938,0,0,0,False,False,True,False,False,False,True,False,False,False,True,False,False,False,False,False,0,5.711022866311695,0.013157894736842105
D102402,407.49,75,2,1,0.5732647479226648,0.3367593139186932,0.7482112232306869,1,0,1,False,False,False,True,False,False,False,True,False,False,False,False,False,True,False,False,0,6.012467434196261,0.02631578947368421
D102409,151.54,75,2,0,0.6406602907058659,0.0326043844218978,0.2209967330167847,0,0,0,False,False,False,False,True,True,False,False,False,True,False,False,False,False,False,False,0,5.027426856736093,0.02631578947368421
D101789,171.17,75,3,0,0.5133987338025469,0.4555124089253909,0.1618770713343715,0,0,1,True,False,False,False,False,False,False,True,False,False,False,False,False,False,True,False,0,5.148482360788381,0.039473684210526314
D103905,465.65,75,5,1,0.5269679300813223,0.101135971698696,0.3927805840295676,0,0,1,False,False,True,False,False,False,True,False,False,False,False,False,False,False,False,True,0,6.145579512011755,0.06578947368421052
D100767,803.37,75,2,0,0.4158747782691571,0.2313958178695508,0.1904132228306267,0,0,0,True,False,False,False,False,False,True,False,False,False,False,False,False,False,False,True,0,6.690059362324856,0.02631578947368421
D103293,475.83,75,3,1,0.6763969195296398,0.5084492244434929,0.4836043219108272,1,1,0,False,False,True,False,False,True,False,False,False,False,True,False,False,False,False,False,0,6.167160033234881,0.039473684210526314
D102481,357.56,75,2,0,0.5362866256480413,0.8386023562894996,0.5194656045738382,0,1,1,False,True,False,False,False,False,False,True,False,False,False,False,True,False,False,False,1,5.882096010052617,0.02631578947368421
D100551,296.16,75,3,1,0.6713709556785709,0.5193993624984473,0.4732400580452833,1,0,1,False,True,False,False,False,False,True,False,False,False,False,False,True,False,False,False,1,5.694270714283606,0.039473684210526314
D100212,136.86,75,3,0,0.7290730730409745,0.6269029078201325,0.5058424289762814,1,1,0,False,True,False,False,False,False,False,False,True,False,False,False,False,False,False,True,0,4.926238677457506,0.039473684210526314
D101032,341.57,75,1,0,0.6081242608398336,0.0437356801335037,0.6792858665212406,1,0,1,False,False,True,False,False,True,False,False,False,True,False,False,False,False,False,False,0,5.836476016381666,0.013157894736842105
D102866,85.54,75,4,0,0.8399108159340596,0.4310418805715239,0.2717585036190711,1,0,0,False,True,False,False,False,False,True,False,False,False,False,False,False,True,False,False,0,4.460606734796738,0.05263157894736842
D103489,553.82,75,0,0,0.1459415941024693,0.6728922883347037,0.6255445162132702,0,0,0,False,False,True,False,False,False,True,False,False,False,False,False,False,True,False,False,0,6.318643736817602,0.0
D100639,748.86,75,2,1,0.3126153483321457,0.3288594601904189,0.570033210261482,0,0,1,False,False,False,True,False,False,False,True,False,False,False,False,False,False,True,False,0,6.619886522439299,0.02631578947368421
D100136,102.89,75,3,0,0.2379883506601423,0.2201996887044598,0.8084652039595314,0,0,1,False,False,False,False,True,False,False,False,True,False,False,False,False,True,False,False,0,4.64333264708244,0.039473684210526314
D102838,185.64,75,0,1,0.6478160558289531,0.6694403338793654,0.1878486941252484,1,0,0,False,True,False,False,False,False,False,True,False,True,False,False,False,False,False,False,0,5.229181627713174,0.0
D102207,904.05,75,4,0,0.2025077728798729,0.437409555318123,0.2434713330841975,0,1,0,False,True,False,False,False,False,True,False,False,True,False,False,False,False,False,False,0,6.8079901907925615,0.05263157894736842
D101905,541.89,75,2,0,0.7940036711414079,0.1446804422578695,0.0864669837676939,1,0,0,False,True,False,False,False,True,False,False,False,False,False,True,False,False,False,False,1,6.296906721143309,0.02631578947368421
D102655,163.06,75,1,1,0.8077566776452577,0.7063336171009664,0.955098415122707,0,1,1,False,False,False,False,True,True,False,False,False,True,False,False,False,False,False,False,0,5.1002322145746035,0.013157894736842105
D100063,298.11,74,5,1,0.4078321388762839,0.2466135103466585,0.6596596682852714,1,0,1,False,False,False,True,False,False,True,False,False,False,False,False,False,False,False,True,0,5.700811398711247,0.06666666666666667
D103971,484.51,74,2,1,0.3359049852930767,0.8523331073797056,0.6147642585999787,0,1,1,True,False,False,False,False,False,True,False,False,False,True,False,False,False,False,False,0,6.185199884841606,0.02666666666666667
D100093,547.68,74,4,0,0.0989928222563432,0.6649096423262143,0.1591339708417161,0,0,0,False,True,False,False,False,False,True,False,False,True,False,False,False,False,False,False,0,6.307515393610206,0.05333333333333334
D100510,340.48,74,3,0,0.3567934252438099,0.8593470173211151,0.2525423865170847,0,1,0,True,False,False,False,False,True,False,False,False,False,False,False,False,False,True,False,0,5.833289112142106,0.04
D100485,106.61,74,3,0,0.5581039475656064,0.4234789971175212,0.3890399192559078,1,0,0,False,True,False,False,False,False,False,False,True,True,False,False,False,False,False,False,0,4.678513580212301,0.04
D101652,1056.07,74,2,1,0.2599649574001088,0.0872796500366196,0.8225000262581186,0,0,1,False,True,False,False,False,True,False,False,False,False,False,False,False,True,False,False,0,6.963256208843011,0.02666666666666667
D100416,105.65,74,1,0,0.4861734344950439,0.5980318741701794,0.1642073521523213,0,0,0,True,False,False,False,False,True,False,False,False,False,False,False,False,False,False,True,0,4.669552444917359,0.013333333333333334
D103076,91.92,74,1,1,0.5734081387515948,0.3085220629566046,0.1733201796118996,1,0,0,False,True,False,False,False,True,False,False,False,False,False,False,True,False,False,False,1,4.531738907902208,0.013333333333333334
D103702,227.41,74,2,1,0.8447905317176256,0.3421048724090445,0.3968260838952845,1,0,0,False,False,True,False,False,False,True,False,False,False,False,False,False,True,False,False,0,5.431142259660542,0.02666666666666667
D103587,951.29,74,2,1,0.8352412744057953,0.4924366906441713,0.1690316515936766,1,1,0,False,False,True,False,False,False,False,True,False,False,True,False,False,False,False,False,0,6.85886961025229,0.02666666666666667
D103004,453.3,74,2,1,0.3713176485727232,0.4444261151236534,0.0664199046936636,0,1,0,True,False,False,False,False,False,False,False,True,False,False,False,False,False,True,False,0,6.118757772765358,0.02666666666666667
D100607,577.76,74,0,0,0.5317433702442131,0.6676512779808453,0.2426089251472303,0,1,1,True,False,False,False,False,True,False,False,False,False,False,False,False,True,False,False,0,6.360887883868881,0.0
D100932,289.66,74,5,0,0.1957707147253818,0.3231371640356811,0.0812517539462585,0,0,1,False,True,False,False,False,True,False,False,False,False,False,True,False,False,False,False,1,5.672154199198024,0.06666666666666667
D100990,322.9,74,1,1,0.893985313911066,0.4508548932056486,0.5714289075805591,1,1,0,False,False,True,False,False,True,False,False,False,False,False,False,False,True,False,False,0,5.7804348261772835,0.013333333333333334
D102963,694.31,74,2,0,0.654000048617422,0.3034730300537125,0.7818665239654392,1,0,1,False,False,True,False,False,False,False,True,False,False,False,False,True,False,False,False,1,6.544357789282578,0.02666666666666667
D101844,668.74,74,0,0,0.4337556665343505,0.6910767918413303,0.0833646053891607,1,1,0,False,True,False,False,False,False,True,False,False,False,False,False,False,False,True,False,0,6.506889577368868,0.0
D100321,552.49,74,3,1,0.813374364800934,0.5588639402089276,0.3675259276060499,0,0,0,False,False,True,False,False,True,False,False,False,False,False,False,False,False,True,False,0,6.316243685138149,0.04
D100469,217.22,74,2,1,0.6995713713622418,0.4838989259659104,0.5305029285856915,1,0,1,False,False,True,False,False,True,False,False,False,False,False,False,False,False,True,False,0,5.3855037282269524,0.02666666666666667
D101851,20.0,74,3,1,0.5433018116459127,0.2111451193248165,0.5777657673745137,0,0,1,False,False,False,True,False,False,False,True,False,False,True,False,False,False,False,False,0,3.044522437723423,0.04
D100222,611.22,74,2,1,0.652107981769938,0.3468314861259554,0.3549820340970849,0,1,0,False,False,True,False,False,False,True,False,False,False,True,False,False,False,False,False,0,6.417091695040088,0.02666666666666667
D102828,1220.01,74,1,1,0.535493227578627,0.7572604779885295,0.8167828538495423,0,1,0,False,False,False,True,False,False,True,False,False,False,False,False,False,False,True,False,0,7.107433664085357,0.013333333333333334
D101572,447.44,74,5,1,0.9530094102691622,0.1874087070093367,0.5630766886671787,1,0,1,False,False,True,False,False,False,True,False,False,False,True,False,False,False,False,False,0,6.105774893285393,0.06666666666666667
D101763,346.38,74,1,0,0.95691414571584,0.833867389805224,0.1165493526450853,1,1,0,True,False,False,False,False,False,True,False,False,False,False,False,False,False,False,True,0,5.850419281625866,0.013333333333333334
D101303,476.37,74,4,0,0.1828749822524599,0.7003028728001365,0.1988604020742655,0,1,1,False,True,False,False,False,False,False,False,True,False,False,False,False,False,True,False,0,6.168291871544769,0.05333333333333334
D101175,200.59,74,5,1,0.9485017363680852,0.1657911571076115,0.8005377140863618,1,1,1,False,False,False,True,False,False,True,False,False,False,False,False,False,False,True,False,0,5.306235931792332,0.06666666666666667
D102247,1610.66,74,1,0,0.1519863740583128,0.0569773650609058,0.1390328860380205,1,0,0,False,False,True,False,False,False,True,False,False,False,False,False,True,False,False,False,1,7.385019982706076,0.013333333333333334
D101986,250.41,74,2,1,0.4531240271377842,0.6415328992372712,0.1221840261962316,0,1,1,False,True,False,False,False,False,True,False,False,False,False,False,False,True,False,False,0,5.527085072612468,0.02666666666666667
D101741,254.62,74,5,0,0.5314669061261128,0.6963912652785911,0.2704495305127638,1,0,1,False,True,False,False,False,False,True,False,False,False,False,False,False,False,False,True,0,5.543691966703569,0.06666666666666667
D101054,307.69,74,2,0,0.5511955067848846,0.4261767621379229,0.8183139456754752,1,0,1,False,True,False,False,False,True,False,False,False,False,False,False,True,False,False,False,1,5.732337537073475,0.02666666666666667
D102730,479.72,74,1,0,0.1667887456870824,0.4728556537955194,0.31112987490379,0,0,0,True,False,False,False,False,True,False,False,False,False,False,False,False,False,False,True,0,6.175284980025673,0.013333333333333334
D103549,145.84,74,1,0,0.7753581173592637,0.2302615299514921,0.4254259498634545,1,0,1,False,False,False,True,False,False,False,True,False,False,False,False,False,False,True,False,0,4.989343558628634,0.013333333333333334
D100627,340.26,74,1,1,0.2901934740476011,0.3771225302241426,0.4054282659845912,0,1,1,True,False,False,False,False,False,True,False,False,False,False,False,False,False,True,False,0,5.832644650099119,0.013333333333333334
D102305,295.24,74,1,0,0.5321998374800225,0.7046090808620717,0.4697326030516106,0,0,0,False,True,False,False,False,True,False,False,False,True,False,False,False,False,False,False,0,5.691169936605357,0.013333333333333334
D102295,205.65,74,3,1,0.4023999998971413,0.6993108208903894,0.5440020370341851,0,0,0,True,False,False,False,False,False,True,False,False,False,False,False,False,True,False,False,0,5.331026540957741,0.04
D101786,442.76,74,3,1,0.671124742262392,0.2243848909193598,0.4448671046316683,1,0,1,False,True,False,False,False,True,False,False,False,False,True,False,False,False,False,False,0,6.095283875746979,0.04
D101780,420.17,74,2,1,0.4530542913778743,0.7288013342249142,0.6650597310955978,1,0,1,False,True,False,False,False,False,False,False,True,False,False,False,False,False,False,True,0,6.043036552651969,0.02666666666666667
D101417,1058.99,74,2,1,0.4603537603090635,0.4887097156061158,0.633891247326548,1,1,1,False,False,True,False,False,False,True,False,False,False,False,False,False,False,True,False,0,6.966014753099349,0.02666666666666667
D100406,238.46,74,2,0,0.6112621765623149,0.702607009250397,0.5382727963053566,0,1,0,False,True,False,False,False,True,False,False,False,False,True,False,False,False,False,False,0,5.478386388288698,0.02666666666666667
D103769,139.27,74,3,0,0.5173937607495543,0.0497410421634119,0.0873682664368106,1,0,0,False,False,True,False,False,True,False,False,False,False,False,False,False,False,True,False,0,4.94356913673158,0.04
D100758,791.47,74,1,0,0.5202764180842986,0.7652749736654764,0.6496165965461417,1,1,1,True,False,False,False,False,False,True,False,False,False,True,False,False,False,False,False,0,6.675154650145331,0.013333333333333334
D100761,120.51,74,1,0,0.5494560671145164,0.7630306391496422,0.6734476715338914,0,1,1,False,True,False,False,False,False,True,False,False,False,False,False,False,False,True,False,0,4.79999656392052,0.013333333333333334
D102467,278.38,74,6,0,0.8412777613091935,0.3148712035119246,0.6220527808674393,1,1,1,False,False,True,False,False,True,False,False,False,False,False,False,False,False,False,True,0,5.632572862299405,0.08
D101375,554.15,73,0,1,0.6280581052780754,0.6058916818821998,0.3791628927417327,1,1,0,True,False,False,False,False,False,True,False,False,False,False,False,True,False,False,False,1,6.319238347500274,0.0
D101949,240.04,73,2,0,0.9161233998904658,0.3900797681748011,0.7584192280565052,1,0,1,False,False,False,False,True,False,False,True,False,False,False,False,False,False,False,True,0,5.484962894822046,0.02702702702702703
D100849,527.92,73,4,1,0.4258036489884666,0.6957680197919428,0.6360439793136138,0,1,1,False,False,False,False,True,False,True,False,False,False,False,True,False,False,False,False,1,6.270837191688622,0.05405405405405406
D103902,374.06,73,3,1,0.7503726091723687,0.7641015700526799,0.5512212347416661,1,1,0,False,False,True,False,False,False,False,True,False,False,True,False,False,False,False,False,0,5.927086013171776,0.04054054054054054
D103771,124.6,73,1,0,0.5374621465157051,0.5361883753925136,0.6637381905021065,0,0,1,False,False,False,False,True,False,True,False,False,False,False,False,False,False,False,True,0,4.833102254034098,0.013513513513513514
D103539,751.96,73,3,0,0.7291858009072211,0.659596380940068,0.2126316336153082,1,0,0,False,True,False,False,False,False,True,False,False,False,False,False,False,False,False,True,0,6.6240121055389976,0.04054054054054054
D103536,221.73,73,3,1,0.7703290428224665,0.3076725822667052,0.3004564629260597,1,0,0,False,True,False,False,False,False,True,False,False,False,False,False,False,False,False,True,0,5.405960275563393,0.04054054054054054
D100235,173.72,73,5,0,0.4763559494756664,0.6422441387576482,0.5075699513570031,0,0,1,False,False,False,True,False,True,False,False,False,False,False,True,False,False,False,False,1,5.16318469255654,0.06756756756756757
D101988,410.95,73,0,0,0.5611821220952526,0.1307146089381091,0.9488773839138168,0,0,1,False,False,False,False,True,False,True,False,False,True,False,False,False,False,False,False,0,6.020901982761599,0.0
D102013,1137.54,73,1,1,0.6894210179362262,0.1813526930786941,0.5838810971583897,1,0,1,False,True,False,False,False,True,False,False,False,True,False,False,False,False,False,False,0,7.037502018834789,0.013513513513513514
D101971,693.95,73,3,1,0.8156441871309796,0.59626819154991,0.8650986292614918,1,1,1,False,False,False,False,True,True,False,False,False,False,False,False,False,False,True,False,0,6.5438399005307675,0.04054054054054054
D100868,113.86,73,3,0,0.3809731329507724,0.36683272459557,0.1506919649125189,1,0,0,True,False,False,False,False,False,True,False,False,False,False,False,False,False,False,True,0,4.74371399543615,0.04054054054054054
D103437,45.99,73,1,0,0.7018559764503007,0.5720888000473744,0.3738686246113048,1,0,1,False,True,False,False,False,False,True,False,False,False,True,False,False,False,False,False,0,3.849934813114724,0.013513513513513514
D101611,100.61,73,2,0,0.3607707257807144,0.4996884812118803,0.4628311592066681,1,1,1,False,False,False,True,False,False,False,False,True,False,False,False,False,False,False,True,0,4.62114195549779,0.02702702702702703
D103217,389.46,73,2,0,0.7837932628752804,0.8575172052548288,0.098348581726863,1,1,0,True,False,False,False,False,False,True,False,False,False,False,False,False,True,False,False,0,5.967325531254656,0.02702702702702703
D102531,877.89,73,1,0,0.3725487888719688,0.4660247466846272,0.7914322534809407,1,1,1,False,False,True,False,False,False,True,False,False,True,False,False,False,False,False,False,0,6.778659747647184,0.013513513513513514
D101546,127.38,73,6,0,0.093462136842616,0.4401750478881968,0.1665546681875376,0,0,0,False,True,False,False,False,False,False,False,True,False,False,False,True,False,False,False,1,4.854994615883632,0.08108108108108109
D103840,76.05,73,3,1,0.6698022941765391,0.5679240162429261,0.5422148111756376,1,1,0,False,False,True,False,False,False,False,True,False,True,False,False,False,False,False,False,0,4.344454561766125,0.04054054054054054
D102571,195.81,73,2,0,0.7409448126732504,0.4929957401661454,0.6606269937889593,1,0,1,False,False,True,False,False,False,True,False,False,True,False,False,False,False,False,False,0,5.282238796335346,0.02702702702702703
D103921,165.86,73,2,0,0.639574209791798,0.6415219715364967,0.8180883763395678,1,0,1,False,False,False,True,False,False,True,False,False,False,False,True,False,False,False,False,1,5.117155137473929,0.02702702702702703
D103689,92.35,73,4,0,0.2445230846218622,0.4560947074947917,0.2064017584666437,1,0,0,False,True,False,False,False,False,False,False,True,False,False,True,False,False,False,False,1,4.536355869987732,0.05405405405405406
D101152,95.24,73,1,0,0.3412033574273507,0.2202471793649966,0.5000975433659027,0,1,0,True,False,False,False,False,True,False,False,False,False,False,False,False,True,False,False,0,4.566845071666424,0.013513513513513514
D101046,672.36,73,2,0,0.649290849298234,0.2084712212098822,0.5303013484098836,1,0,1,False,True,False,False,False,False,True,False,False,True,False,False,False,False,False,False,0,6.51228010490332,0.02702702702702703
D103478,457.92,73,4,1,0.3087061266228266,0.1265711513310653,0.907231384932651,0,0,1,False,False,False,False,True,False,False,True,False,False,True,False,False,False,False,False,0,6.128875902930942,0.05405405405405406
D103107,134.91,73,3,1,0.3242353752641884,0.8417447072476151,0.3914892339301121,0,0,1,False,False,True,False,False,False,False,True,False,True,False,False,False,False,False,False,0,4.911992901967256,0.04054054054054054
D102853,172.6,73,2,0,0.3921906282919019,0.6316318426551654,0.05524005722004,0,0,0,False,True,False,False,False,False,False,False,True,False,False,False,False,False,False,True,0,5.15675380222625,0.02702702702702703
D102842,457.79,73,3,0,0.5000770322449495,0.6458140360840599,0.2483048018992982,1,0,0,False,True,False,False,False,True,False,False,False,True,False,False,False,False,False,False,0,6.128592589028142,0.04054054054054054
D101835,440.68,73,2,1,0.2762396331734202,0.8842304725607804,0.1914737714567893,0,1,0,True,False,False,False,False,False,False,False,True,False,True,False,False,False,False,False,0,6.0905856379757894,0.02702702702702703
D101808,242.96,73,2,0,0.3622990999278617,0.680224109108336,0.0410564936376975,0,1,0,False,True,False,False,False,False,False,True,False,False,True,False,False,False,False,False,0,5.497004277428256,0.02702702702702703
D103701,240.91,73,5,0,0.1054984958319877,0.208738403891612,0.3450232509520148,1,0,0,False,True,False,False,False,True,False,False,False,False,False,False,False,False,False,True,0,5.4885657561579775,0.06756756756756757
D100334,95.23,73,1,1,0.5533876118620358,0.5984492417832867,0.1126765896219279,1,1,0,True,False,False,False,False,True,False,False,False,False,False,False,True,False,False,False,1,4.566741159368309,0.013513513513513514
D101320,340.51,73,2,1,0.2810356004680864,0.1163510572083068,0.7411222707831078,0,0,1,False,False,True,False,False,False,False,True,False,False,False,True,False,False,False,False,1,5.833376961158986,0.02702702702702703
D102034,444.48,73,4,0,0.6969980245576402,0.3737922962804787,0.4649075594121833,0,0,0,True,False,False,False,False,True,False,False,False,False,True,False,False,False,False,False,0,6.099152352524899,0.05405405405405406
D103355,167.63,73,4,1,0.4490361247723531,0.8978507546026067,0.2546117803709822,1,0,0,False,True,False,False,False,False,True,False,False,False,False,False,False,False,True,False,0,5.127706965682093,0.05405405405405406
D102924,560.24,73,1,1,0.6786277538263383,0.5455450820655385,0.2055145884270689,1,1,0,True,False,False,False,False,False,False,True,False,False,False,False,False,False,False,True,0,6.330148621525796,0.013513513513513514
D103352,261.26,73,2,0,0.3865237158087919,0.739379092589719,0.3243515137074628,1,1,1,True,False,False,False,False,False,True,False,False,True,False,False,False,False,False,False,0,5.569336378103278,0.02702702702702703
D100754,407.59,72,4,1,0.521684503387603,0.3127124218936404,0.4286918467583538,0,0,1,False,False,True,False,False,False,False,True,False,False,False,False,True,False,False,False,1,6.0127122082710125,0.0547945205479452
D103302,186.77,72,4,0,0.5379292904888615,0.7805920284209229,0.5042247364257064,0,1,1,False,True,False,False,False,False,False,False,True,True,False,False,False,False,False,False,0,5.23521780960472,0.0547945205479452
D103967,464.52,72,0,1,0.1918296690281746,0.4798317134982158,0.2729989325111714,0,1,0,False,True,False,False,False,True,False,False,False,True,False,False,False,False,False,False,0,6.143155060348414,0.0
D100064,302.21,72,4,0,0.6733545487951234,0.5748006435635581,0.06180408144374,1,1,0,False,False,True,False,False,False,True,False,False,False,False,False,False,True,False,False,0,5.714425634754681,0.0547945205479452
D100755,130.95,72,0,0,0.5216426197315338,0.957682357615834,0.2370204703933098,1,1,1,False,True,False,False,False,True,False,False,False,False,False,False,False,True,False,False,0,4.882423062949333,0.0
D102628,85.26,72,0,1,0.8180429098027293,0.5408483274133176,0.5406345203491014,1,1,0,False,True,False,False,False,False,True,False,False,False,True,False,False,False,False,False,0,4.457365991219697,0.0
D102470,327.38,72,2,0,0.7386995256904211,0.7584369912712376,0.7477191935314748,1,1,1,False,True,False,False,False,True,False,False,False,False,False,False,True,False,False,False,1,5.794171474383882,0.0273972602739726
D102430,757.5,72,1,1,0.4097955290701966,0.146337307689692,0.6539791666092126,1,0,1,False,False,False,True,False,False,True,False,False,True,False,False,False,False,False,False,0,6.631342798788587,0.0136986301369863
D102823,223.53,72,5,0,0.2250862065413582,0.338866005205678,0.7649853964597058,0,0,0,False,False,False,False,True,False,True,False,False,False,False,False,False,False,False,True,0,5.414009328544109,0.0684931506849315
D100516,99.14,72,2,0,0.0943382002194966,0.4871185304317162,0.238767536881098,0,0,0,False,True,False,False,False,False,False,False,True,False,False,False,True,False,False,False,1,4.606569206901798,0.0273972602739726
D102990,96.53,72,2,0,0.4596614656412822,0.3633435385911159,0.7354892914013983,1,0,1,False,False,False,True,False,False,False,True,False,False,False,False,False,True,False,False,0,4.580160022983923,0.0273972602739726
D103134,35.27,72,3,0,0.2169378775423857,0.6502178189368396,0.5394612278015121,0,1,0,False,False,True,False,False,False,True,False,False,False,True,False,False,False,False,False,0,3.590990953294811,0.0410958904109589
D103099,59.04,72,2,1,0.7603190807684432,0.9789495046033542,0.7811846903492183,1,1,1,False,True,False,False,False,False,True,False,False,True,False,False,False,False,False,False,0,4.095011006765261,0.0273972602739726
D102070,148.65,72,2,0,0.287084749093135,0.6282390531996916,0.6789372365563574,0,1,0,False,False,False,True,False,True,False,False,False,False,False,False,False,True,False,False,0,5.008299234298708,0.0273972602739726
D100175,175.29,72,6,0,0.0297697627555376,0.3091610615987697,0.3931331453151072,0,0,1,True,False,False,False,False,True,False,False,False,False,False,True,False,False,False,False,1,5.172130366297652,0.0821917808219178
D100906,286.39,72,2,1,0.6923364503139177,0.7838914082238941,0.0238203280171129,1,1,0,False,False,True,False,False,False,False,True,False,False,False,False,False,True,False,False,0,5.66084017832837,0.0273972602739726
D103678,465.99,72,2,1,0.6788967424879582,0.8779361776572433,0.05909794004186,1,0,0,False,True,False,False,False,False,False,True,False,False,False,False,True,False,False,False,1,6.146307844163399,0.0273972602739726
D101489,704.94,72,2,1,0.5139743703221995,0.3660563515779442,0.7196764072635784,0,0,0,False,False,True,False,False,True,False,False,False,True,False,False,False,False,False,False,0,6.559530248046047,0.0273972602739726
D100941,250.16,72,1,0,0.5064312590311986,0.2847722529663593,0.7758583392969306,0,0,1,False,False,False,True,False,True,False,False,False,False,False,False,False,False,True,False,0,5.526090186245908,0.0136986301369863
D100300,671.77,72,3,0,0.1176872565146671,0.3290979607800286,0.7112907961481145,0,1,0,False,False,False,True,False,False,True,False,False,False,False,True,False,False,False,False,1,6.511403517890506,0.0410958904109589
D103285,102.29,72,3,0,0.3539672668687055,0.3526753474970371,0.2767043211786197,0,1,0,False,False,True,False,False,False,True,False,False,False,False,False,False,True,False,False,0,4.637540566018542,0.0410958904109589
D103904,101.7,72,2,0,0.2122025849119929,0.8822172580203749,0.2899255678858333,1,0,0,False,True,False,False,False,True,False,False,False,False,True,False,False,False,False,False,0,4.631812116934513,0.0273972602739726
D103247,526.07,72,0,0,0.5274002944567456,0.5433277051711001,0.7630778218799729,1,1,1,False,False,False,True,False,True,False,False,False,True,False,False,False,False,False,False,0,6.267333367045072,0.0
D100453,331.99,72,2,1,0.9059732195919832,0.7850323331096949,0.2837377734653115,1,1,0,False,True,False,False,False,False,False,True,False,False,False,False,False,False,False,True,0,5.808112459499504,0.0273972602739726
D102965,216.46,72,0,1,0.7358557527315632,0.4910372518628502,0.4919164780344227,0,0,1,False,False,True,False,False,False,True,False,False,False,False,False,False,False,False,True,0,5.382014925569603,0.0
D100248,338.69,72,1,1,0.7470421497495351,0.976276193600047,0.5816466275316376,1,1,0,False,True,False,False,False,False,False,True,False,False,True,False,False,False,False,False,0,5.828033436994058,0.0136986301369863
D101665,427.98,72,1,0,0.2499586339844288,0.5891746583035155,0.5089294372263363,1,0,0,False,False,False,True,False,False,True,False,False,True,False,False,False,False,False,False,0,6.061410297794649,0.0136986301369863
D101237,270.81,72,6,0,0.0888665963402848,0.0536321014560192,0.4938560051907102,0,0,0,False,True,False,False,False,False,False,False,True,False,False,False,False,False,True,False,0,5.605103292798889,0.0821917808219178
D100501,53.1,72,1,1,0.4191008132748989,0.7801552565285771,0.6174805230584218,0,1,0,False,False,False,True,False,False,False,False,True,False,True,False,False,False,False,False,0,3.9908341858524357,0.0136986301369863
D103071,58.87,72,1,0,0.5079156325208819,0.3248465769662955,0.2014695855743058,0,0,0,False,False,False,False,True,True,False,False,False,False,False,False,False,False,False,True,0,4.092175544937261,0.0136986301369863
D102931,222.93,72,1,1,0.7264055033910526,0.5918565516955623,0.5533189321903996,1,1,1,False,True,False,False,False,True,False,False,False,False,True,False,False,False,False,False,0,5.41133350301674,0.0136986301369863
D103388,199.85,72,3,0,0.3794416043927344,0.20568218294704,0.5518289238925761,1,0,0,False,True,False,False,False,True,False,False,False,False,False,False,False,False,False,True,0,5.302558360805291,0.0410958904109589
D101300,171.66,72,4,0,0.4571823764329911,0.3497239240183589,0.6289087724342078,0,0,1,False,True,False,False,False,True,False,False,False,False,False,False,False,False,True,False,0,5.151324342807377,0.0547945205479452
D102701,138.99,72,3,0,0.4771966543099998,0.4827159685509272,0.115300363768478,1,0,0,False,False,True,False,False,False,False,True,False,False,False,False,False,False,True,False,0,4.941570991486734,0.0410958904109589
D102380,261.6,72,1,0,0.3510779350461379,0.2238439408408097,0.9150764848877224,0,0,1,False,False,False,True,False,False,True,False,False,False,False,False,True,False,False,False,1,5.5706319618686955,0.0136986301369863
D101560,341.92,72,2,1,0.890558080523544,0.235643066227664,0.6469562955670943,1,0,1,False,False,False,False,True,True,False,False,False,False,True,False,False,False,False,False,0,5.837497183810555,0.0273972602739726
D101376,320.09,72,2,0,0.8200400588205947,0.159416400712639,0.3038260677154802,1,0,0,False,False,True,False,False,True,False,False,False,False,False,False,False,False,False,True,0,5.771721457664394,0.0273972602739726
D100740,285.15,72,2,0,0.4089867327620125,0.501185192118228,0.7343767996253022,0,1,1,True,False,False,False,False,True,False,False,False,False,False,False,False,False,False,True,0,5.656516148855111,0.0273972602739726
D103943,750.45,72,2,0,0.8545912150168313,0.3164852774711988,0.5188139540870744,1,0,0,False,False,True,False,False,False,False,True,False,False,False,True,False,False,False,False,1,6.622004673380103,0.0273972602739726
D100061,96.42,72,1,1,0.945792849741184,0.558025689526358,0.4572996971610842,1,1,0,False,False,True,False,False,False,False,True,False,False,True,False,False,False,False,False,0,4.579031528378397,0.0136986301369863
D100739,122.91,72,1,0,0.7119969265938313,0.9058777380970886,0.3145687900676475,1,1,0,False,True,False,False,False,False,False,True,False,False,False,False,False,False,False,True,0,4.819555495628402,0.0136986301369863
D100030,260.16,71,2,0,0.352454334725458,0.3474555536692937,0.83291788049929,0,0,0,False,False,False,True,False,False,True,False,False,False,False,False,True,False,False,False,1,5.565133246318433,0.027777777777777776
D101329,331.05,71,3,1,0.0994880036239977,0.8833604416479195,0.1822850088060921,0,1,0,False,True,False,False,False,False,False,False,True,False,False,False,False,False,False,True,0,5.805285559986722,0.041666666666666664
D101493,472.65,71,0,1,0.8735453331473424,0.5432518972816056,0.5816732460555504,1,1,1,False,False,False,True,False,True,False,False,False,False,False,True,False,False,False,False,1,6.160468652321543,0.0
D101431,677.41,71,2,0,0.2465720472049384,0.0164226330805458,0.5479651174416854,0,0,1,False,False,True,False,False,False,False,True,False,True,False,False,False,False,False,False,0,6.51975182493509,0.027777777777777776
D103732,177.92,71,2,0,0.6969276967132219,0.6112945791315597,0.4316148333766705,1,0,0,False,False,True,False,False,True,False,False,False,False,False,False,True,False,False,False,1,5.186938778564647,0.027777777777777776
D103653,141.37,71,2,0,0.8341257133174679,0.5174021008490878,0.7732900238318264,1,1,1,False,True,False,False,False,False,True,False,False,True,False,False,False,False,False,False,0,4.958429302625654,0.027777777777777776
D103658,136.14,71,1,1,0.3590333260788866,0.3350259695220297,0.8591974172849683,0,1,1,False,False,False,True,False,True,False,False,False,False,False,False,False,False,False,True,0,4.921002301856218,0.013888888888888888
D100800,118.38,71,1,0,0.4003618384496629,0.0878103691303309,0.6909936067833907,0,0,1,False,False,False,True,False,False,False,True,False,False,False,False,True,False,False,False,1,4.782311682740504,0.013888888888888888
D100749,260.72,71,1,0,0.7936166905749817,0.3904645452197192,0.2383609530575159,1,0,1,False,False,False,True,False,False,False,True,False,False,False,False,False,False,False,True,0,5.567275230001538,0.013888888888888888
D101301,73.53,71,1,1,0.8555569290473641,0.5963649849003174,0.6465432977247471,1,1,0,False,False,True,False,False,False,False,False,True,False,False,False,False,True,False,False,0,4.311201728893603,0.013888888888888888
D101518,132.14,71,3,0,0.7579779174345388,0.50608368664242,0.419766782585553,0,1,1,False,True,False,False,False,False,False,True,False,False,False,False,True,False,False,False,1,4.891401206172557,0.041666666666666664
D101294,105.41,71,5,1,0.5586018931458403,0.9057137130114242,0.1520723476240949,1,1,0,False,True,False,False,False,False,False,True,False,False,False,False,False,True,False,False,0,4.6672995574536404,0.06944444444444445
D100773,267.95,71,3,1,0.3937038272031405,0.0872454853155636,0.8080181176278918,1,0,1,False,False,False,True,False,False,False,True,False,False,False,False,False,False,False,True,0,5.594525488719252,0.041666666666666664
D100742,104.57,71,5,0,0.2214873445373024,0.1430906308870108,0.3342917220239553,0,0,0,False,False,False,True,False,False,False,True,False,False,False,False,True,False,False,False,1,4.659374240001603,0.06944444444444445
D101351,303.46,71,1,0,0.8429583018736214,0.3845756693846832,0.6111725596793753,0,0,1,False,False,False,True,False,True,False,False,False,False,False,False,False,False,True,False,0,5.718539715631108,0.013888888888888888
D102226,474.59,71,0,1,0.728194235754104,0.1730692480820077,0.024420656262055,0,0,0,False,False,True,False,False,False,True,False,False,False,True,False,False,False,False,False,0,6.164556138523246,0.0
D100671,485.34,71,2,1,0.6518758981921697,0.3193961064486227,0.1351263750122951,1,1,0,False,False,True,False,False,False,True,False,False,False,False,False,True,False,False,False,1,6.186907967779913,0.027777777777777776
D100649,370.98,71,1,0,0.3728021878993147,0.4177433114963172,0.4854001497714688,0,0,0,True,False,False,False,False,False,False,False,True,False,False,False,True,False,False,False,1,5.918840089386981,0.013888888888888888
D100595,501.32,71,1,0,0.6994796294516652,0.750960954313863,0.3223231260883118,0,0,0,False,True,False,False,False,True,False,False,False,False,False,False,False,True,False,False,0,6.219237366805854,0.013888888888888888
D103754,139.87,71,0,0,0.6498506961956061,0.3116667571876035,0.6304154608874635,0,1,0,False,False,True,False,False,True,False,False,False,False,True,False,False,False,False,False,0,4.9478374792722155,0.0
D101185,244.43,71,5,1,0.9357047535748786,0.6284584862666742,0.5599609249608699,1,0,1,False,False,False,True,False,False,True,False,False,False,False,False,False,False,False,True,0,5.503011774193717,0.06944444444444445
D103457,262.75,71,3,1,0.8409274973628875,0.6145954067521127,0.3345736217605558,1,0,0,False,False,False,True,False,False,True,False,False,False,False,False,False,False,True,False,0,5.575001684790276,0.041666666666666664
D101794,419.45,71,3,1,0.7465373690428025,0.4244625483573052,0.8447799615330993,1,1,1,False,False,False,True,False,False,False,True,False,False,False,False,False,False,True,False,0,6.041325566278907,0.041666666666666664
D100290,38.99,71,2,0,0.8689794161391584,0.4448797983066745,0.4506440416190908,1,0,0,False,False,False,True,False,False,True,False,False,False,True,False,False,False,False,False,0,3.688629422858727,0.027777777777777776
D100234,316.27,71,3,1,0.627270287364204,0.1078072041999443,0.8852154738362389,0,0,1,False,False,False,False,True,False,True,False,False,False,False,True,False,False,False,False,1,5.759753146372618,0.041666666666666664
D103591,48.84,71,5,1,0.6671080666836237,0.3465799526438113,0.6604412291156097,1,0,1,False,True,False,False,False,False,False,True,False,False,False,False,True,False,False,False,1,3.908817874479198,0.06944444444444445
D103831,405.72,71,3,1,0.5228032246051231,0.7339870034823839,0.5528123852892811,0,0,1,False,False,True,False,False,False,False,True,False,False,True,False,False,False,False,False,0,6.008124988001089,0.041666666666666664
D102259,22.19,71,2,0,0.6116136456871946,0.5575605137434666,0.4088542397174167,1,0,0,False,True,False,False,False,False,False,True,False,False,False,False,False,False,True,False,0,3.1437211512674406,0.027777777777777776
D102022,393.88,71,1,0,0.2277319746762238,0.2721205555687729,0.3885038619246593,0,0,1,True,False,False,False,False,False,False,False,True,False,False,False,False,False,True,False,0,5.978581921276969,0.013888888888888888
D103223,279.54,71,2,1,0.8240331375068841,0.2652432407591905,0.8954137215155097,0,1,1,False,False,True,False,False,True,False,False,False,False,False,False,True,False,False,False,1,5.636716317291525,0.027777777777777776
D103074,163.64,71,3,0,0.3256958160952167,0.2122970417286897,0.65806499967321,1,0,1,False,False,False,True,False,False,True,False,False,False,False,False,False,False,False,True,0,5.103761272085739,0.041666666666666664
D103213,284.11,71,2,0,0.6846702361512405,0.4132676775079792,0.1331634377611197,1,1,1,False,False,True,False,False,True,False,False,False,False,False,False,False,False,True,False,0,5.652875070715635,0.027777777777777776
D100901,230.62,71,0,0,0.8458510777932828,0.4916697579431254,0.6111296670948665,1,0,1,False,True,False,False,False,False,True,False,False,False,False,False,True,False,False,False,1,5.445098097756231,0.0
D100905,236.09,71,2,1,0.7029202289837027,0.0891149813441695,0.1257589307189046,1,0,0,False,False,True,False,False,False,True,False,False,False,False,False,False,False,True,False,0,5.468439815884993,0.027777777777777776
D100507,112.15,71,0,1,0.3865577714701155,0.5664328057404553,0.5605059580485481,0,0,0,False,False,False,True,False,False,False,True,False,False,False,False,False,False,True,False,0,4.728714372079547,0.0
D103057,320.62,71,3,0,0.2825000754336034,0.7294575636049825,0.2569881331816148,0,1,0,False,True,False,False,False,False,True,False,False,False,False,False,True,False,False,False,1,5.773370724425878,0.041666666666666664
D101956,141.63,71,5,0,0.6153512053084033,0.5673246790858489,0.2563315121371274,1,0,0,False,False,True,False,False,False,False,True,False,False,True,False,False,False,False,False,0,4.960253864535331,0.06944444444444445
D100354,160.76,71,1,0,0.6747549096012283,0.6852960766696168,0.6666726047614373,1,1,1,False,False,True,False,False,False,False,True,False,False,False,False,False,False,True,False,0,5.086113755272161,0.013888888888888888
D100386,261.73,71,2,0,0.3840020422440355,0.5571032706827757,0.3110692187887479,1,1,0,False,False,True,False,False,True,False,False,False,True,False,False,False,False,False,False,0,5.571126888877067,0.027777777777777776
D103260,71.49,71,0,0,0.7337230800038698,0.1913064252143005,0.4755940607322638,1,0,0,True,False,False,False,False,False,False,True,False,False,True,False,False,False,False,False,0,4.283448621312786,0.0
D103287,757.38,71,4,0,0.1873753141810503,0.2222586109564512,0.2114756244775978,0,0,0,False,True,False,False,False,False,False,True,False,False,True,False,False,False,False,False,0,6.631184579285066,0.05555555555555555
D102742,511.56,71,3,1,0.7800479332352155,0.6014590565565462,0.5576612381889978,1,1,1,False,True,False,False,False,False,False,True,False,False,False,False,False,False,True,False,0,6.239417777330766,0.041666666666666664
D100695,404.1,71,2,0,0.5236495347550624,0.2988441858859557,0.6162384061681182,1,0,0,False,False,True,False,False,True,False,False,False,False,False,False,True,False,False,False,1,6.004133950208645,0.027777777777777776
D101806,62.96,71,0,0,0.2512782476834223,0.5569273373973131,0.2563385131388229,0,1,0,True,False,False,False,False,True,False,False,False,False,False,False,False,True,False,False,0,4.158257887965753,0.0
D100935,87.77,71,4,0,0.4322154217697568,0.569721872182029,0.3080231100348175,0,0,0,False,True,False,False,False,False,True,False,False,False,False,True,False,False,False,False,1,4.486048755080228,0.05555555555555555
D102260,230.42,71,3,0,0.3337246966759031,0.458072331691351,0.1654705281803875,1,1,0,False,False,True,False,False,True,False,False,False,False,False,False,False,True,False,False,0,5.444234241448191,0.041666666666666664
D103916,94.08,71,0,0,0.6988034556771365,0.5902881195803809,0.1560679369383449,1,1,0,False,False,True,False,False,False,True,False,False,False,False,False,False,False,False,True,0,4.554718642491993,0.0
D101290,142.59,70,1,1,0.5602527091422016,0.7954005212865288,0.3818034916870951,0,0,1,False,False,True,False,False,False,True,False,False,False,False,False,False,True,False,False,0,4.966962016306286,0.014084507042253521
D101485,116.08,70,2,0,0.8211712689102186,0.3137505020953872,0.586061970721266,1,0,1,True,False,False,False,False,False,True,False,False,False,False,True,False,False,False,False,1,4.762857461823685,0.028169014084507043
D100050,138.93,70,6,1,0.1589184987562205,0.7342328243523076,0.5137659153278373,0,1,0,False,True,False,False,False,True,False,False,False,True,False,False,False,False,False,False,0,4.941142297567622,0.08450704225352113
D101411,307.37,70,4,0,0.6034885207637043,0.1255633077190801,0.635449504473459,1,1,1,False,False,False,False,True,False,False,False,True,False,False,True,False,False,False,False,1,5.7313003606929405,0.056338028169014086
D101408,484.51,70,2,1,0.2285608188414678,0.5547481072993232,0.6453018037037546,0,1,0,False,False,False,True,False,False,False,False,True,False,False,False,False,False,False,True,0,6.185199884841606,0.028169014084507043
D101405,208.61,70,3,1,0.7593211474507361,0.9724788200960776,0.7301321970653283,1,1,1,False,True,False,False,False,False,True,False,False,False,False,False,False,True,False,False,0,5.3452486612324694,0.04225352112676056
D102514,22.08,70,1,1,0.844811944552564,0.585282417793639,0.0565075218955599,0,0,0,False,True,False,False,False,False,False,True,False,False,False,False,True,False,False,False,1,3.138966441639899,0.014084507042253521
D101293,159.09,70,2,0,0.1418615817060567,0.2930189157212189,0.0775101454222565,0,0,0,False,True,False,False,False,False,False,False,True,False,False,True,False,False,False,False,1,5.075736157090003,0.028169014084507043
D101782,1249.05,70,2,1,0.602679773903076,0.3173943461342552,0.3090130296823708,1,0,0,False,True,False,False,False,True,False,False,False,False,False,False,True,False,False,False,1,7.130938829496368,0.028169014084507043
D103416,802.02,70,1,0,0.3612005748647486,0.2804871733971094,0.0457603392369122,0,0,0,False,False,True,False,False,False,False,True,False,False,False,False,False,False,True,False,0,6.688379620236846,0.014084507042253521
D103430,158.14,70,0,0,0.8035737744001233,0.6320201167829499,0.6183046327175014,0,1,0,False,False,True,False,False,False,True,False,False,False,False,False,False,True,False,False,0,5.069784317949389,0.0
D102508,832.39,70,0,0,0.6300234718092185,0.3646637758502671,0.1041213384612542,1,0,0,False,False,True,False,False,False,True,False,False,False,False,False,False,False,True,False,0,6.725501719876287,0.0
D102626,66.34,70,1,0,0.9516377997453318,0.4231460586099879,0.5012475024323205,1,1,1,False,False,True,False,False,True,False,False,False,False,False,False,False,False,True,False,0,4.209754413732928,0.014084507042253521
D101624,235.31,70,3,0,0.2232608518314109,0.8983476316027532,0.6592174560306124,0,1,1,False,True,False,False,False,False,False,True,False,False,False,True,False,False,False,False,1,5.4651445023833425,0.04225352112676056
D101221,263.29,70,9,0,0.2910819907253065,0.7392557154866877,0.393430253925024,0,0,0,False,True,False,False,False,False,True,False,False,False,False,False,False,True,False,False,0,5.577046985101792,0.1267605633802817
D102397,1616.08,70,4,0,0.5938242207868879,0.603110033195278,0.2177024074142451,1,0,0,False,True,False,False,False,False,False,True,False,False,False,False,True,False,False,False,1,7.3883773326884805,0.056338028169014086
D101577,500.84,70,1,1,0.7418305667128592,0.6592108031325687,0.4448737717078525,1,1,1,False,False,False,True,False,False,True,False,False,False,False,False,False,False,False,True,0,6.218281343788488,0.014084507042253521
D100128,1770.4,70,0,1,0.4771340652464272,0.3295369970123533,0.7377817643210915,1,0,1,True,False,False,False,False,False,True,False,False,False,False,False,False,True,False,False,0,7.479525473375483,0.0
D101601,358.94,70,0,1,0.7747136837986092,0.870420472627749,0.1570968811227424,1,0,0,True,False,False,False,False,True,False,False,False,False,True,False,False,False,False,False,0,5.885937350893057,0.0
D101274,231.76,70,2,1,0.5244225163692734,0.4758246644327237,0.5712476445299575,1,0,1,True,False,False,False,False,True,False,False,False,False,False,True,False,False,False,False,1,5.450007879788469,0.028169014084507043
D101273,227.72,70,4,0,0.5381777016620971,0.2412309628285112,0.5122535323290488,1,0,0,False,False,True,False,False,True,False,False,False,False,False,False,False,False,False,True,0,5.432498548014056,0.056338028169014086
D102406,1193.7,70,4,0,0.0833190877045425,0.0498422816920772,0.1463513559780515,0,0,0,False,False,True,False,False,False,True,False,False,False,False,True,False,False,False,False,1,7.085650386823178,0.056338028169014086
D101685,348.57,70,3,1,0.7224752726667447,0.5341475090964168,0.2741242356395602,1,0,0,False,True,False,False,False,True,False,False,False,False,False,False,False,False,False,True,0,5.85670382774231,0.04225352112676056
D100820,327.79,70,0,0,0.6161185835812327,0.6994257686594094,0.4336293399004728,0,1,1,True,False,False,False,False,False,False,False,True,False,False,False,False,True,False,False,0,5.795419249094217,0.0
D102647,259.31,70,3,1,0.2133872663287296,0.6956333286362222,0.3322030664034857,0,1,0,False,False,False,True,False,False,False,False,True,False,False,False,False,False,True,False,0,5.561873228473508,0.04225352112676056
D103681,1449.18,70,3,0,0.1058668723940416,0.1492729947133464,0.1285853776610058,0,0,0,False,True,False,False,False,False,False,False,True,True,False,False,False,False,False,False,0,7.279442965641179,0.04225352112676056
D100762,24.42,70,2,0,0.6671058381303809,0.6458625003677058,0.1200219334462203,0,1,0,True,False,False,False,False,False,False,True,False,True,False,False,False,False,False,False,0,3.2355362657613083,0.028169014084507043
D102593,901.48,70,2,0,0.5359745929395082,0.5090971335860209,0.4898850217950649,1,1,1,True,False,False,False,False,True,False,False,False,False,False,False,False,True,False,False,0,6.805146529296665,0.028169014084507043
D101566,311.77,70,3,1,0.7386914815581249,0.5465025186715691,0.9068340382197642,1,1,1,True,False,False,False,False,True,False,False,False,False,True,False,False,False,False,False,0,5.745468096143307,0.04225352112676056
D100239,1472.9,70,1,0,0.0448047143191712,0.1735329257182519,0.1863365784521063,0,0,0,True,False,False,False,False,False,True,False,False,False,False,True,False,False,False,False,1,7.295667227842713,0.014084507042253521
D103531,703.6,70,2,0,0.4358874389329481,0.7212357423181708,0.5579362906514932,0,0,1,True,False,False,False,False,True,False,False,False,False,True,False,False,False,False,False,0,6.557630265907138,0.028169014084507043
D102273,523.8,70,1,0,0.5072281305063547,0.9849797215720136,0.2766722319840156,0,1,0,False,False,False,True,False,True,False,False,False,False,True,False,False,False,False,False,0,6.263017237629879,0.014084507042253521
D101903,372.35,70,1,0,0.2440420855052829,0.2279013113221225,0.1701566556429315,0,0,0,False,True,False,False,False,True,False,False,False,False,False,False,False,True,False,False,0,5.922516317481711,0.014084507042253521
D102252,316.69,70,2,1,0.3905218099867873,0.7555516740505981,0.4333147635703008,0,1,1,False,True,False,False,False,False,False,False,True,False,False,False,False,True,False,False,0,5.761076064544641,0.028169014084507043
D102253,137.98,70,3,0,0.8183276180226908,0.2900061247893634,0.4777038960345804,0,0,0,False,False,True,False,False,True,False,False,False,False,True,False,False,False,False,False,0,4.934330037886181,0.04225352112676056
D102040,628.93,70,2,0,0.2674907857711727,0.8187399189278033,0.1433441282912953,1,1,0,False,True,False,False,False,True,False,False,False,False,False,False,False,False,False,True,0,6.44560870210117,0.028169014084507043
D100667,339.11,70,1,1,0.8169861718774618,0.0995830513347367,0.4430787222586469,1,0,0,False,False,False,False,True,False,False,True,False,False,False,False,False,True,False,False,0,5.829269094697617,0.014084507042253521
D102303,729.1,70,2,0,0.1586985234892356,0.2592491331456088,0.2691526565383582,0,0,0,False,False,True,False,False,False,False,True,False,False,False,True,False,False,False,False,1,6.59318151106204,0.028169014084507043
D101923,295.24,70,6,1,0.2491316228014831,0.5637157882724414,0.7114721218675825,0,1,1,False,True,False,False,False,False,True,False,False,True,False,False,False,False,False,False,0,5.691169936605357,0.08450704225352113
D102233,336.92,70,3,1,0.5220201863757281,0.0542276902362947,0.5694851380051231,0,0,1,False,False,False,False,True,False,True,False,False,False,False,False,True,False,False,False,1,5.822809181077842,0.04225352112676056
D103978,140.53,70,3,1,0.6964167217640971,0.4977465254847063,0.6829862212065243,1,1,1,False,False,True,False,False,False,True,False,False,False,False,False,False,False,False,True,0,4.952511708745748,0.04225352112676056
D101169,260.59,70,5,1,0.0498504851247759,0.4596131069361659,0.0784768504076573,0,0,0,True,False,False,False,False,True,False,False,False,False,False,False,False,False,False,True,0,5.566778392552706,0.07042253521126761
D103045,462.08,70,0,1,0.7465148445279062,0.2809609492684973,0.5384247944317299,1,0,1,False,False,False,False,True,False,False,False,True,True,False,False,False,False,False,False,0,6.137899825337528,0.0
D102788,188.59,70,1,0,0.0973761641013048,0.5523497280673921,0.4501877265030589,0,1,0,False,False,False,False,True,False,True,False,False,False,False,False,True,False,False,False,1,5.244863845813947,0.014084507042253521
D100442,204.45,70,1,1,0.9135937071686966,0.7574773725838679,0.5846891020003149,1,1,1,False,False,False,True,False,False,True,False,False,True,False,False,False,False,False,False,0,5.325202695329419,0.014084507042253521
D101176,463.7,70,2,1,0.7312020544303242,0.6089356494991799,0.6919116892256781,1,1,1,False,False,True,False,False,False,False,True,False,True,False,False,False,False,False,False,0,6.141392036090933,0.028169014084507043
D101756,602.95,70,2,0,0.179257311510194,0.2947935666248342,0.3465636205281444,1,1,0,True,False,False,False,False,False,True,False,False,True,False,False,False,False,False,False,0,6.403491413051287,0.028169014084507043
D103611,63.27,70,4,1,0.6836675721378147,0.5307539952608011,0.1738245522228794,1,0,0,False,True,False,False,False,True,False,False,False,False,False,False,False,False,True,False,0,4.163092959383195,0.056338028169014086
D103634,170.32,70,6,0,0.3098121678914667,0.1422142488604015,0.4777845849386306,0,0,1,False,False,True,False,False,False,True,False,False,False,False,False,False,False,True,False,0,5.14353315274717,0.08450704225352113
D101433,293.07,69,1,0,0.6610398245181812,0.5593195062148387,0.5514378066093073,1,1,1,False,True,False,False,False,True,False,False,False,False,False,False,False,False,True,False,0,5.683817834236604,0.014285714285714285
D101492,184.77,69,2,1,0.9959073622874098,0.2658028390396971,0.3219398862425998,1,0,0,False,False,True,False,False,True,False,False,False,False,True,False,False,False,False,False,0,5.224509349403313,0.02857142857142857
D101573,151.49,69,2,1,0.382839233052679,0.7333433250438294,0.3430378644967332,1,1,0,False,False,False,True,False,False,False,True,False,False,True,False,False,False,False,False,0,5.027099020126921,0.02857142857142857
D103673,570.16,69,1,0,0.1372934891548419,0.5131262230064926,0.677893818868901,0,1,1,False,True,False,False,False,True,False,False,False,False,False,False,False,True,False,False,0,6.3476693805620945,0.014285714285714285
D102497,519.69,69,3,1,0.8615810000429516,0.857945863087807,0.1964277926833072,0,1,1,False,True,False,False,False,True,False,False,False,False,False,False,False,True,False,False,0,6.255154855067978,0.04285714285714286
D102604,355.0,69,2,0,0.2600207659150891,0.5138688158363345,0.0811928992003682,0,0,0,True,False,False,False,False,True,False,False,False,False,False,False,False,True,False,False,0,5.87493073085203,0.02857142857142857
D101543,111.8,69,3,0,0.7108304940440224,0.7943237493888432,0.0080396714202108,1,1,0,False,True,False,False,False,False,True,False,False,True,False,False,False,False,False,False,0,4.725616339063959,0.04285714285714286
D100765,280.44,69,4,0,0.1488367302278502,0.8631887701434521,0.0662917866076923,0,0,0,True,False,False,False,False,True,False,False,False,False,False,False,False,True,False,False,0,5.639919280989248,0.05714285714285714
D102665,87.07,69,2,0,0.8002107589161753,0.2746075596888646,0.2536104039100559,1,0,1,False,False,False,True,False,False,False,True,False,False,False,True,False,False,False,False,1,4.478131952817368,0.02857142857142857
D103571,145.98,69,0,0,0.3778371946457418,0.9290992378343916,0.71452467772912,0,1,1,True,False,False,False,False,True,False,False,False,False,False,False,True,False,False,False,1,4.990296523100725,0.0
D103718,323.0,69,4,0,0.0780984997829508,0.1628862450489517,0.4153552422803319,1,0,0,False,False,False,False,True,False,False,False,True,True,False,False,False,False,False,False,0,5.780743515792329,0.05714285714285714
D100190,362.36,69,2,1,0.4138905838755551,0.5183223467065552,0.7514333235922149,0,1,0,False,False,False,False,True,False,False,True,False,False,False,False,False,True,False,False,0,5.895394078357248,0.02857142857142857
D101149,172.29,69,4,1,0.9834348120782846,0.2031507799795335,0.5735215580208364,1,0,0,False,False,False,True,False,False,False,False,True,False,False,False,False,False,True,False,0,5.154966491652154,0.05714285714285714
D101170,524.83,69,5,1,0.4480102355019583,0.6805147549823747,0.1189584433802371,0,1,0,False,True,False,False,False,True,False,False,False,False,False,False,False,True,False,False,0,6.264977966582951,0.07142857142857142
D103415,516.65,69,2,1,0.3517501287436865,0.8960602640390469,0.5531920115858436,1,1,0,False,True,False,False,False,True,False,False,False,False,False,False,True,False,False,False,1,6.249299338212122,0.02857142857142857
D101153,503.52,69,2,1,0.939634570666507,0.7683695921552982,0.8236532279252944,1,1,1,False,True,False,False,False,True,False,False,False,False,True,False,False,False,False,False,0,6.223607482218992,0.02857142857142857
D101161,733.6,69,2,1,0.6386826578230526,0.2609188134125117,0.6087299860167075,1,0,0,False,False,True,False,False,False,False,False,True,False,False,False,False,True,False,False,0,6.599326133385567,0.02857142857142857
D101734,456.08,69,5,1,0.3636427138020091,0.2712772102296263,0.4131398471191473,0,0,0,False,False,False,True,False,False,False,True,False,False,True,False,False,False,False,False,0,6.124858430278513,0.07142857142857142
D101710,251.75,69,1,0,0.2784335016583988,0.8144157792716504,0.9184987648732632,0,1,1,False,False,False,True,False,False,False,True,False,False,False,False,True,False,False,False,1,5.532400857900581,0.014285714285714285
D103572,581.1,69,3,1,0.6744762761788649,0.2514876416189156,0.1133284525726303,0,0,0,False,True,False,False,False,False,True,False,False,False,False,False,True,False,False,False,1,6.36664225427769,0.04285714285714286
D102424,195.67,69,2,0,0.368985427671386,0.3733443659715415,0.4210245634834487,1,0,1,False,False,False,True,False,False,False,False,True,False,False,False,False,True,False,False,0,5.281527197240562,0.02857142857142857
D100686,483.67,69,1,0,0.6164824142227738,0.5761018965036032,0.3534202174389216,1,1,0,False,True,False,False,False,False,False,True,False,False,False,False,False,False,False,True,0,6.183468246980797,0.014285714285714285
D102712,215.67,69,2,0,0.4796383649237278,0.4161535909048743,0.7884746184443332,1,0,1,False,True,False,False,False,True,False,False,False,False,False,True,False,False,False,False,1,5.378375458718616,0.02857142857142857
D102433,114.49,69,5,0,0.306653973474829,0.9119802059695882,0.1609742960812369,0,1,0,False,True,False,False,False,False,False,True,False,False,False,False,True,False,False,False,1,4.749183946126996,0.07142857142857142
D103345,223.39,69,4,1,0.7759420189670652,0.9089162042726772,0.5230369029434075,1,1,1,False,False,True,False,False,False,True,False,False,False,False,False,False,False,True,False,0,5.413385609375712,0.05714285714285714
D100309,376.03,69,1,0,0.4347024425658679,0.3204945171275243,0.0292247084611266,0,0,0,True,False,False,False,False,False,False,True,False,False,False,False,False,False,True,False,0,5.932324759878858,0.014285714285714285
D103086,457.87,69,1,1,0.7882893928148432,0.7458917862570473,0.6361976607364002,1,1,0,False,True,False,False,False,False,False,True,False,False,False,False,False,False,True,False,0,6.1287669455440685,0.014285714285714285
D100352,318.18,69,1,1,0.869681633277526,0.267547937931346,0.2592870075118418,1,0,1,False,False,True,False,False,False,False,True,False,False,False,False,True,False,False,False,1,5.765755206971041,0.014285714285714285
D100434,227.47,69,0,1,0.7319143103871312,0.4768303462463705,0.2860819934227407,1,0,0,True,False,False,False,False,False,False,False,True,False,False,False,False,True,False,False,0,5.431404910686392,0.0
D100454,175.44,69,1,1,0.5569939401809588,0.5329894980724245,0.5488498766250424,1,1,0,True,False,False,False,False,False,False,False,True,False,False,False,False,False,True,False,0,5.172980875236739,0.014285714285714285
D102251,595.56,69,1,0,0.7682283982445405,0.2617489136192569,0.6635046614088667,0,0,1,False,False,False,True,False,False,True,False,False,False,False,False,False,True,False,False,0,6.3911798232355395,0.014285714285714285
D102218,494.51,69,3,1,0.8525770320443171,0.1514167313852419,0.7071892296034681,1,0,1,False,False,False,False,True,False,False,True,False,True,False,False,False,False,False,False,0,6.205587535201109,0.04285714285714286
D102153,111.78,69,2,0,0.5327039285030606,0.5254444344905792,0.5008185272118525,0,0,1,False,False,False,True,False,False,False,True,False,False,True,False,False,False,False,False,0,4.725439018379036,0.02857142857142857
D102170,1550.96,69,0,0,0.5156260649723874,0.6243404818795345,0.505750791493946,0,1,0,False,True,False,False,False,True,False,False,False,False,False,False,False,False,False,True,0,7.347273927215153,0.0
D102206,363.19,69,3,1,0.3642293643710234,0.433496799738493,0.337794802751187,1,1,1,False,False,True,False,False,False,True,False,False,True,False,False,False,False,False,False,0,5.897675709475578,0.04285714285714286
D100987,225.59,69,2,1,0.6486050646764538,0.9082359803913806,0.2868084531536401,0,1,0,True,False,False,False,False,True,False,False,False,True,False,False,False,False,False,False,0,5.423142216993466,0.02857142857142857
D102792,120.69,69,0,1,0.3113942210014896,0.1295526591820638,0.6279429175479,0,0,0,False,False,False,True,False,False,True,False,False,False,False,False,True,False,False,False,1,4.801476827348709,0.0
D102262,807.16,69,5,0,0.3116913727530805,0.2274178441229343,0.1554075775489219,1,1,0,False,False,True,False,False,False,True,False,False,False,False,False,False,True,False,False,0,6.6947600587197424,0.07142857142857142
D102973,198.8,69,2,0,0.5668366813996262,0.3784495178539732,0.2748632562792681,1,0,1,False,False,False,False,True,False,True,False,False,False,False,True,False,False,False,False,1,5.297316866214453,0.02857142857142857
D100073,194.4,69,3,1,0.5379726635748254,0.6106804424074815,0.4378800963996976,1,1,0,False,True,False,False,False,False,True,False,False,False,False,False,False,False,True,False,0,5.275048739608683,0.04285714285714286
D100770,105.05,69,1,1,0.8649951252048682,0.4656882616353492,0.4462270262514105,1,0,1,False,True,False,False,False,False,False,False,True,False,False,False,False,False,False,True,0,4.663910681010692,0.014285714285714285
D100799,178.8,69,4,1,0.9259004385632564,0.5593609129710517,0.7378192432360355,1,0,0,False,False,True,False,False,False,True,False,False,False,False,False,False,True,False,False,0,5.19184512203752,0.05714285714285714
D102535,225.47,69,3,0,0.6718448756450743,0.2841410106970277,0.2667754463571835,1,0,0,False,False,True,False,False,True,False,False,False,False,False,False,True,False,False,False,1,5.422612485819643,0.04285714285714286
D103999,68.75,69,2,0,0.6902569284503508,0.6767098537587959,0.7435151490124511,1,1,1,False,True,False,False,False,True,False,False,False,False,True,False,False,False,False,False,0,4.244917420701475,0.02857142857142857
D100008,184.06,68,1,1,0.6330854842773066,0.814497000310982,0.5834785482217767,1,1,1,True,False,False,False,False,True,False,False,False,False,False,True,False,False,False,False,1,5.220680096820884,0.014492753623188406
D102608,87.14,68,2,1,0.3891885991085136,0.6224864708084384,0.580853328886352,0,0,0,False,False,True,False,False,True,False,False,False,False,True,False,False,False,False,False,0,4.478926459413841,0.028985507246376812
D103998,410.51,68,1,0,0.964346860483775,0.6359848571632569,0.84843235309162,1,0,1,False,True,False,False,False,True,False,False,False,False,True,False,False,False,False,False,0,6.019833321158425,0.014492753623188406
D101265,103.46,68,3,0,0.6726707830935322,0.8134672726379804,0.1706192074062963,0,1,0,False,False,False,True,False,False,False,True,False,False,False,False,True,False,False,False,1,4.6488042230081525,0.043478260869565216
D100677,372.73,68,2,0,0.904123181483336,0.1672223845114652,0.7043817426238013,1,0,1,False,False,True,False,False,False,False,True,False,True,False,False,False,False,False,False,0,5.923533611567408,0.028985507246376812
D100665,362.82,68,2,1,0.9181374423851548,0.1846660285844074,0.2353486921208568,1,0,0,False,False,True,False,False,False,False,True,False,False,True,False,False,False,False,False,0,5.8966592398340705,0.028985507246376812
D100591,155.99,68,2,0,0.1574492121716393,0.2304570799338226,0.254893025690249,0,0,0,False,True,False,False,False,True,False,False,False,False,False,True,False,False,False,False,1,5.0561821090522265,0.028985507246376812
D100531,102.9,68,3,0,0.4268401565896345,0.5229495446094634,0.6080930302629027,0,1,0,False,False,True,False,False,False,False,False,True,False,True,False,False,False,False,False,0,4.6434288981051814,0.043478260869565216
D102264,184.55,68,1,0,0.7304542198828228,0.3621538390972769,0.6486808723016453,0,0,1,False,False,True,False,False,False,False,True,False,False,False,False,False,False,True,False,0,5.223324387506607,0.014492753623188406
D102660,175.17,68,1,0,0.9239554934015076,0.0701010561500449,0.6714286331635859,1,0,0,False,False,False,True,False,False,True,False,False,False,False,False,False,False,True,False,0,5.1714494379390485,0.014492753623188406
D100734,540.68,68,5,1,0.2415161748415203,0.8094954947791473,0.8890400965950072,0,1,1,True,False,False,False,False,False,False,True,False,False,False,False,False,False,True,False,0,6.29467542117739,0.07246376811594203
D102388,79.35,68,2,0,0.5071497614642212,0.5309092481413168,0.5996423141157389,0,1,0,False,False,False,True,False,True,False,False,False,False,False,False,False,False,True,False,0,4.386392092183521,0.028985507246376812
D100112,291.73,68,1,1,0.2474811006287982,0.5662926563507206,0.3532037416372475,0,0,0,False,True,False,False,False,False,False,False,True,False,True,False,False,False,False,False,0,5.679250682466869,0.014492753623188406
D101028,308.31,68,3,1,0.4939994892562765,0.7145375731077608,0.610667801247968,0,0,1,False,False,False,True,False,False,False,True,False,False,True,False,False,False,False,False,0,5.734344010238544,0.043478260869565216
D102525,977.13,68,3,1,0.3146243294742874,0.907531546399993,0.4171011078818227,1,1,1,False,True,False,False,False,True,False,False,False,False,True,False,False,False,False,False,0,6.885642585536539,0.043478260869565216
D102533,284.54,68,3,0,0.3422300541549626,0.7612234324193398,0.8084492492090399,1,1,1,True,False,False,False,False,False,False,True,False,True,False,False,False,False,False,False,0,5.654382124361074,0.043478260869565216
D101440,385.21,68,2,1,0.4604949202814771,0.702316174536738,0.3633598985010489,1,1,1,False,True,False,False,False,True,False,False,False,False,False,False,False,True,False,False,0,5.956381262978711,0.028985507246376812
D102282,209.68,68,2,1,0.6498846984549754,0.5689465462921784,0.3262282323808996,0,1,0,False,True,False,False,False,False,False,False,True,True,False,False,False,False,False,False,0,5.350340394615189,0.028985507246376812
D102339,156.69,68,3,0,0.4271629875761961,0.5531310646511378,0.2935239628294874,1,0,0,True,False,False,False,False,True,False,False,False,False,False,False,True,False,False,False,1,5.060631080417496,0.043478260869565216
D102774,70.41,68,2,1,0.3015134633540852,0.1468535362057859,0.8880109044108871,0,0,1,False,False,False,True,False,False,True,False,False,False,False,False,False,False,False,True,0,4.268437915561019,0.028985507246376812
D101849,206.56,68,0,1,0.5523771285003666,0.232260907974327,0.8069765653559411,1,0,1,False,False,False,True,False,True,False,False,False,False,False,False,False,False,False,True,0,5.3354204544995385,0.0
D103358,150.51,68,2,0,0.8922929797337247,0.4636608189318306,0.5913463737803504,1,0,1,False,False,True,False,False,False,True,False,False,False,False,False,False,True,False,False,0,5.020651629371744,0.028985507246376812
D103912,248.41,68,0,0,0.2032171529257741,0.6402901304366443,0.2484245876876268,0,1,0,False,False,False,True,False,True,False,False,False,False,False,False,False,False,False,True,0,5.519098128673058,0.0
D101536,696.15,68,3,1,0.3769942356020031,0.6410055776262066,0.590880927540865,1,1,0,False,False,False,True,False,False,False,True,False,True,False,False,False,False,False,False,0,6.5470005956410295,0.043478260869565216
D100446,97.08,68,2,1,0.5841636806632833,0.4209506777414797,0.6792027137852309,0,1,0,False,False,False,False,True,True,False,False,False,False,False,False,True,False,False,False,1,4.585783472187901,0.028985507246376812
D100404,254.45,68,1,0,0.4754492256530227,0.1022037958268296,0.3141694699166964,0,0,0,False,False,False,False,True,True,False,False,False,True,False,False,False,False,False,False,0,5.543026695776807,0.014492753623188406
D100313,398.72,68,1,1,0.6614589523443374,0.5527137123053498,0.4824556801755126,1,0,1,False,True,False,False,False,False,False,True,False,False,False,False,True,False,False,False,1,5.990764301993589,0.014492753623188406
D103119,292.15,68,1,1,0.7232289514961128,0.7527300304776374,0.3952695785978948,1,1,0,False,True,False,False,False,False,False,True,False,False,False,False,False,True,False,False,0,5.680684423410224,0.014492753623188406
D100998,495.99,68,4,0,0.7091970828826922,0.2558338951822768,0.372934963244387,0,0,0,False,False,False,False,True,False,True,False,False,False,True,False,False,False,False,False,0,6.208569905169858,0.057971014492753624
D102416,314.77,68,3,1,0.450792292800783,0.1473262161086326,0.6057042246533932,1,0,0,False,True,False,False,False,False,True,False,False,False,False,True,False,False,False,False,1,5.755014100475618,0.043478260869565216
D101746,149.4,68,3,1,0.6259783878914859,0.4668045332860462,0.664534735515585,0,1,1,False,False,False,True,False,False,True,False,False,False,False,False,False,False,True,False,0,5.0132984115157395,0.043478260869565216
D101683,285.23,68,2,0,0.7354947181448662,0.904529910294062,0.8164061978801028,1,1,1,False,True,False,False,False,True,False,False,False,False,False,False,True,False,False,False,1,5.656795683431865,0.028985507246376812
D101268,1642.65,67,3,1,0.1035707500144377,0.1265505211302192,0.7012348513870099,0,0,1,False,False,True,False,False,False,False,False,True,False,True,False,False,False,False,False,0,7.404674657573558,0.04411764705882353
D101011,587.29,67,1,0,0.8933493230174814,0.3912342201044037,0.592498001157357,1,0,0,False,False,True,False,False,True,False,False,False,False,True,False,False,False,False,False,0,6.377220023595735,0.014705882352941176
D102173,33.7,67,3,1,0.8999838636552212,0.5761942971031838,0.0973671773030667,1,0,0,False,True,False,False,False,True,False,False,False,False,False,True,False,False,False,False,1,3.5467396869528134,0.04411764705882353
D102169,109.42,67,3,0,0.0586485190424808,0.686489330755192,0.1871137491992066,1,1,0,False,False,True,False,False,False,False,False,True,True,False,False,False,False,False,False,0,4.704291276855899,0.04411764705882353
D102976,199.88,67,3,1,0.4512097932804896,0.2978464962908807,0.3286021753235816,1,1,0,False,False,True,False,False,False,True,False,False,False,False,False,True,False,False,False,1,5.30270771484933,0.04411764705882353
D100220,201.85,67,2,0,0.4186462095054855,0.9232826544495204,0.342153251399608,1,1,0,False,True,False,False,False,True,False,False,False,False,False,False,True,False,False,False,1,5.312466789652456,0.029411764705882353
D103058,897.77,67,4,0,0.1628252972436384,0.3575795807847421,0.3122929670007698,1,1,0,False,True,False,False,False,True,False,False,False,False,False,True,False,False,False,False,1,6.8010271619170055,0.058823529411764705
D101635,82.8,67,2,0,0.2094479778783361,0.4546390249846946,0.2318504571806975,0,0,0,False,True,False,False,False,True,False,False,False,False,False,False,False,True,False,False,0,4.428433007488037,0.029411764705882353
D102671,380.19,67,2,0,0.2394149817294163,0.3624244956089938,0.4042751836628758,0,0,1,False,True,False,False,False,False,False,False,True,False,False,False,False,True,False,False,0,5.943297938487373,0.029411764705882353
D102998,97.18,67,0,0,0.2618543028292456,0.5179265237060108,0.5778132470118137,0,0,0,False,False,False,False,True,True,False,False,False,True,False,False,False,False,False,False,0,4.586802528629907,0.0
D101952,720.0,67,2,0,0.3637191923300101,0.2580861603417866,0.3947793082405367,0,0,0,False,False,False,True,False,False,True,False,False,False,False,False,False,False,False,True,0,6.580639137284949,0.029411764705882353
D100382,164.4,67,2,0,0.4756277206464783,0.114643987466625,0.6679116736854351,0,1,0,False,False,False,True,False,False,False,True,False,False,False,False,False,False,False,True,0,5.108366782589591,0.029411764705882353
D103502,507.15,67,3,0,0.4492070658294175,0.8323649609597296,0.2378925410965468,1,1,0,True,False,False,False,False,False,True,False,False,False,False,False,False,True,False,False,0,6.230776679583776,0.04411764705882353
D100351,175.47,67,3,0,0.1897379020674085,0.2364954671525167,0.1542922635178059,0,0,0,False,True,False,False,False,True,False,False,False,False,False,False,True,False,False,False,1,5.173150890255142,0.04411764705882353
D101270,51.07,67,3,0,0.7501994287228002,0.0951669405784492,0.483306364635802,1,0,0,False,False,False,False,True,False,True,False,False,False,False,True,False,False,False,False,1,3.952588967174808,0.04411764705882353
D100001,63.62,67,3,1,0.7023098145924545,0.4527086547965153,0.9231554466564112,0,0,1,False,True,False,False,False,True,False,False,False,True,False,False,False,False,False,False,0,4.168523960396352,0.04411764705882353
D102215,192.88,67,1,1,0.8367444710064963,0.9652525107282032,0.2520057455757019,1,1,0,True,False,False,False,False,True,False,False,False,False,False,False,False,True,False,False,0,5.267239410977175,0.014705882352941176
D100159,228.77,67,4,0,0.7752720397939267,0.162365820052148,0.7316304677265582,0,0,1,False,False,False,True,False,False,True,False,False,True,False,False,False,False,False,False,0,5.437078808589612,0.058823529411764705
D103947,125.46,67,0,1,0.5498608190973074,0.7144502487761868,0.371635808305841,0,1,1,True,False,False,False,False,False,False,True,False,False,False,True,False,False,False,False,1,4.839926052630467,0.0
D103766,250.63,67,0,0,0.5434731826579077,0.2807812249918039,0.6365926503029982,1,1,0,False,False,True,False,False,False,False,True,False,False,False,True,False,False,False,False,1,5.527959754602076,0.0
D100152,305.04,67,1,0,0.1886652802270432,0.9312762507855668,0.4176095775625086,0,1,1,True,False,False,False,False,True,False,False,False,False,False,False,False,False,False,True,0,5.723715812363651,0.014705882352941176
D102566,51.16,67,4,0,0.4813314044253927,0.6161651015220379,0.1614114479099471,0,1,0,True,False,False,False,False,True,False,False,False,False,False,True,False,False,False,False,1,3.9543159176183975,0.058823529411764705
D101442,147.18,67,1,0,0.1358703675988057,0.6927797088832962,0.5866665285941917,1,1,0,False,True,False,False,False,True,False,False,False,False,False,False,True,False,False,False,1,4.998427750988511,0.014705882352941176
D101767,154.89,67,3,0,0.7262449210965648,0.3416031938528043,0.0238271382167591,1,0,0,True,False,False,False,False,False,True,False,False,False,False,True,False,False,False,False,1,5.04915063032459,0.04411764705882353
D103496,3053.42,67,2,1,0.2383521209014445,0.377827702143327,0.0910707597888792,0,0,0,False,False,True,False,False,False,False,True,False,False,False,False,False,True,False,False,0,8.0243450008809,0.029411764705882353
D103284,610.39,67,0,0,0.2699881796725121,0.4508079387443665,0.7445643589214843,0,1,1,False,True,False,False,False,False,False,True,False,False,True,False,False,False,False,False,0,6.415735053418493,0.0
D103309,175.16,67,2,1,0.5199051530433907,0.6488197329916269,0.6625869234981825,1,0,1,True,False,False,False,False,False,False,True,False,False,True,False,False,False,False,False,0,5.1713926729743696,0.029411764705882353
D100084,185.97,67,3,0,0.3995664358985062,0.8598675096836333,0.4495716086093255,1,1,1,True,False,False,False,False,False,True,False,False,False,False,True,False,False,False,False,1,5.230948176177183,0.04411764705882353
D101343,883.33,67,5,1,0.4709955666742125,0.1889105024510448,0.4949480718491453,0,1,1,False,False,True,False,False,False,True,False,False,False,False,False,True,False,False,False,1,6.784830296144773,0.07352941176470588
D100320,134.08,67,5,1,0.6320558512003812,0.1585819138822836,0.6623908179826412,1,0,1,False,False,False,False,True,True,False,False,False,False,False,False,False,False,False,True,0,4.905867195517367,0.07352941176470588
D102765,55.61,67,0,0,0.3550270360699744,0.177778179252699,0.8334562859291658,1,0,1,False,False,False,False,True,True,False,False,False,False,False,False,False,False,True,False,0,4.036185648048568,0.0
D100889,524.03,67,3,0,0.5220922537447459,0.4343864297733619,0.3621980551149793,0,0,1,False,False,True,False,False,False,True,False,False,False,True,False,False,False,False,False,0,6.263455403816176,0.04411764705882353
D102751,47.97,67,3,1,0.7564563017364095,0.6392152224284192,0.5097086835839799,1,0,1,False,False,True,False,False,False,True,False,False,False,False,False,False,True,False,False,0,3.891207865714226,0.04411764705882353
D102446,992.69,67,1,1,0.1163853568364864,0.7674906231655784,0.1453077494859474,0,1,0,True,False,False,False,False,False,False,True,False,False,False,False,False,True,False,False,0,6.901425286787265,0.014705882352941176
D103209,87.34,67,7,1,0.1916715284334334,0.627602858404015,0.7479856832096641,0,0,0,True,False,False,False,False,False,False,True,False,False,False,False,True,False,False,False,1,4.481193006168381,0.10294117647058823
D103569,287.95,67,1,0,0.261205062919311,0.565531508956016,0.3713743657687972,0,1,0,False,True,False,False,False,True,False,False,False,False,False,False,True,False,False,False,1,5.666253662763787,0.014705882352941176
D103578,371.95,67,1,0,0.5485625900502984,0.2722916579867991,0.3103868653836083,1,0,1,False,False,False,True,False,False,False,False,True,False,False,False,False,True,False,False,0,5.921444362401172,0.014705882352941176
D102108,616.06,67,0,0,0.5161366701393498,0.4867522581114307,0.1295637354179461,0,1,0,False,True,False,False,False,True,False,False,False,False,False,False,False,True,False,False,0,6.424966263910002,0.0
D100306,219.63,67,5,1,0.3928231221815004,0.778292389812848,0.6438053850387832,0,1,0,False,True,False,False,False,False,True,False,False,False,False,True,False,False,False,False,1,5.396487090320281,0.07352941176470588
D102072,124.54,67,2,0,0.1722636403798621,0.3161369659057127,0.2701180447249092,0,1,0,False,True,False,False,False,True,False,False,False,False,False,False,False,False,True,False,0,4.832624432889386,0.029411764705882353
D100274,68.35,67,4,0,0.5707229671112061,0.8120514033045501,0.3840892029909716,1,0,0,False,False,True,False,False,False,True,False,False,True,False,False,False,False,False,False,0,4.239166146760841,0.058823529411764705
D100405,305.32,67,6,0,0.2882703727109336,0.3227843810856097,0.3978104971648418,0,1,1,False,False,False,True,False,False,False,True,False,False,False,False,False,False,True,False,0,5.724630307169039,0.08823529411764706
D102200,791.96,67,3,0,0.0629093067093439,0.7314861829607375,0.3070687684288105,0,1,1,True,False,False,False,False,False,False,False,True,False,False,False,False,False,False,True,0,6.675772779000723,0.04411764705882353
D103688,241.68,67,1,0,0.5912477508007131,0.5028086641225245,0.2999109012417216,1,1,0,False,False,True,False,False,True,False,False,False,False,False,False,True,False,False,False,1,5.491743703074097,0.014705882352941176
D103044,575.97,67,1,1,0.2429002921847989,0.6256490586314031,0.7009367201229636,0,1,0,False,False,False,True,False,True,False,False,False,True,False,False,False,False,False,False,0,6.357790272088822,0.014705882352941176
D101649,381.59,67,0,0,0.6306587407340685,0.6663060536735035,0.5544823003330975,0,0,1,False,False,False,True,False,False,True,False,False,False,False,False,False,True,False,False,0,5.946963919706918,0.0
D100853,3202.62,67,1,1,0.47202024388651,0.1550085004880048,0.9472883095380292,1,0,1,False,False,False,False,True,True,False,False,False,False,False,False,False,True,False,False,0,8.072036699406691,0.014705882352941176
D101243,227.01,67,0,1,0.6684559796634558,0.7212363983049445,0.6230394779915006,1,1,1,True,False,False,False,False,False,True,False,False,False,False,True,False,False,False,False,1,5.429389487641758,0.0
D101639,595.02,67,2,1,0.6332299198089181,0.481151179705068,0.1319354122053155,0,1,0,False,False,True,False,False,False,False,True,False,False,True,False,False,False,False,False,0,6.390274223549304,0.029411764705882353
D103709,517.45,67,1,1,0.7103019485576892,0.3773193246020984,0.7054763256599934,0,0,0,False,False,False,True,False,False,False,True,False,False,False,False,False,False,True,False,0,6.250843591004287,0.014705882352941176
D101581,127.75,67,3,0,0.593324352914079,0.6005517706727815,0.2024534440615264,1,1,0,False,True,False,False,False,True,False,False,False,False,False,True,False,False,False,False,1,4.857872539543846,0.04411764705882353
D101622,128.1,67,2,0,0.648561898784086,0.1217642309805894,0.552304831977287,1,0,0,False,False,False,True,False,False,True,False,False,False,False,True,False,False,False,False,1,4.860587297852597,0.029411764705882353
D103656,157.12,67,2,1,0.7255342389023547,0.6222477753804692,0.3969413515302736,1,1,0,False,True,False,False,False,False,False,False,True,False,False,False,False,True,False,False,0,5.063354238428484,0.029411764705882353
D102944,240.86,67,2,1,0.8048396311555733,0.6827371182237733,0.5716222162209502,1,1,1,False,True,False,False,False,False,True,False,False,False,False,False,False,False,True,False,0,5.48835904635713,0.029411764705882353
D103859,66.68,67,1,1,0.6481216499458728,0.9056104856556856,0.4758029266547923,1,1,0,True,False,False,False,False,False,True,False,False,False,False,False,True,False,False,False,1,4.214790715297968,0.014705882352941176
D102165,317.68,67,2,0,0.3189687599551858,0.3783231061968195,0.2427381746928046,0,0,1,False,True,False,False,False,False,True,False,False,False,False,False,False,True,False,False,0,5.764187464512165,0.029411764705882353
D103988,74.45,67,0,1,0.8476203833744179,0.2609093745920883,0.2949262289613463,1,1,0,False,False,False,False,True,False,False,True,False,False,True,False,False,False,False,False,0,4.323470185213858,0.0
D102194,147.83,66,1,1,0.896359710475234,0.1965615559155791,0.4581083932413655,1,0,0,False,False,True,False,False,True,False,False,False,False,False,False,False,False,False,True,0,5.0028047149810675,0.014925373134328358
D100490,98.23,66,3,0,0.9186029836779804,0.4832466294360451,0.4711140937818857,1,0,1,False,False,True,False,False,True,False,False,False,False,False,False,False,False,False,True,0,4.5974403879261505,0.04477611940298507
D100502,884.93,66,3,0,0.3757935993322092,0.3094892498998521,0.3336478455418474,1,1,0,False,False,False,False,True,True,False,False,False,False,False,False,False,True,False,False,0,6.786637940711873,0.04477611940298507
D103043,1294.36,66,3,0,0.2710978865532836,0.7459078981759029,0.5713690205564484,1,0,1,False,True,False,False,False,True,False,False,False,False,False,False,False,True,False,False,0,7.166543927778936,0.04477611940298507
D100840,95.05,66,2,0,0.1788826839734842,0.5302408927638893,0.2315987870307877,0,1,0,True,False,False,False,False,False,False,False,True,False,True,False,False,False,False,False,0,4.564868889214566,0.029850746268656716
D100911,70.79,66,3,0,0.5095726394201452,0.375129296560335,0.517607927216143,1,0,0,False,False,False,True,False,False,False,True,False,True,False,False,False,False,False,False,0,4.273745190588392,0.04477611940298507
D102227,240.22,66,3,0,0.0474451283927006,0.280474465179674,0.3012847354408871,0,0,0,True,False,False,False,False,False,False,False,True,False,False,False,True,False,False,False,1,5.485709380155097,0.04477611940298507
D102631,183.76,66,1,1,0.2842607414695619,0.4462248529161384,0.1245639820838266,1,1,0,False,False,True,False,False,False,False,True,False,False,True,False,False,False,False,False,0,5.2190576855624045,0.014925373134328358
D100026,349.62,66,1,0,0.4152412145077299,0.6678357733182952,0.2140017215858585,1,1,1,False,False,True,False,False,False,True,False,False,False,False,False,False,False,True,False,0,5.859703015925728,0.014925373134328358
D103913,599.56,66,1,1,0.7889132111638065,0.6357053336215411,0.1087278227092118,0,0,0,False,True,False,False,False,False,True,False,False,False,False,False,False,True,False,False,0,6.397862553264747,0.014925373134328358
D102330,96.25,66,2,0,0.4542436127775518,0.2318678006842298,0.6325596231729806,1,0,0,False,False,True,False,False,False,False,False,True,False,True,False,False,False,False,False,0,4.577284982498556,0.029850746268656716
D103339,359.33,66,2,0,0.6003834978538994,0.6038396496375327,0.290325772174672,1,1,0,False,False,True,False,False,False,True,False,False,False,False,False,False,False,True,False,0,5.887020278234509,0.029850746268656716
D100894,241.56,66,1,1,0.7380823960470134,0.8180556187609082,0.6229975561159785,1,1,0,False,False,False,True,False,False,True,False,False,False,False,False,False,False,True,False,0,5.491249102454007,0.014925373134328358
D102516,234.14,66,4,1,0.6282663276344002,0.598446093137075,0.2730307372406626,1,1,0,True,False,False,False,False,False,True,False,False,False,False,False,True,False,False,False,1,5.460181081439595,0.05970149253731343
D101443,319.43,66,1,0,0.1202641781113812,0.4873914557443077,0.264880445500876,0,0,0,True,False,False,False,False,True,False,False,False,False,True,False,False,False,False,False,0,5.769663843769714,0.014925373134328358
D102585,235.37,66,2,1,0.9236879480039776,0.657075832281965,0.3973804275108054,1,1,0,False,True,False,False,False,False,True,False,False,False,False,False,False,False,True,False,0,5.465398373925707,0.029850746268656716
D100865,440.78,66,0,0,0.3267377704314644,0.4375566123416622,0.8473246675121586,1,0,0,False,False,False,True,False,False,False,False,True,False,True,False,False,False,False,False,0,6.090812020608681,0.0
D100893,398.78,66,2,1,0.1069044800416871,0.8238994420327383,0.7365612273965688,0,1,1,True,False,False,False,False,False,True,False,False,False,False,False,True,False,False,False,1,5.990914395802501,0.029850746268656716
D100872,178.83,66,2,0,0.3682395872456792,0.0783919524035575,0.925394899088764,1,0,1,False,False,False,False,True,False,False,False,True,False,False,False,False,False,True,False,0,5.192011960177106,0.029850746268656716
D102494,250.05,66,0,1,0.2956860160203449,0.6009744358357025,0.6134998513735996,0,1,1,False,False,False,True,False,False,True,False,False,False,False,True,False,False,False,False,1,5.5256521224807145,0.0
D101262,470.48,66,6,1,0.5638228495539938,0.821391132891598,0.1774919681055658,0,1,1,False,True,False,False,False,False,False,True,False,True,False,False,False,False,False,False,0,6.155876683358369,0.08955223880597014
D101400,825.42,66,4,1,0.3045170957623994,0.7337842373721516,0.3573018498227743,0,0,0,False,True,False,False,False,False,False,True,False,False,False,False,False,False,True,False,0,6.717103118867857,0.05970149253731343
D101383,109.11,66,1,1,0.5380172254748311,0.3631131412826019,0.6687096995027735,0,1,1,False,False,False,False,True,True,False,False,False,False,False,True,False,False,False,False,1,4.7014798661255,0.014925373134328358
D101945,66.08,66,0,1,0.1518184077328624,0.7040812954693965,0.5750140434436339,0,1,1,False,False,False,False,True,False,False,False,True,True,False,False,False,False,False,False,0,4.205885936955008,0.0
D103321,559.15,66,5,1,0.6328422927495215,0.3007229670036818,0.2910492177062931,1,0,0,False,True,False,False,False,True,False,False,False,False,True,False,False,False,False,False,0,6.328204605004732,0.07462686567164178
D103254,168.26,66,1,0,0.3669374031301459,0.5117544302866822,0.222859848364924,0,1,0,True,False,False,False,False,True,False,False,False,True,False,False,False,False,False,False,0,5.13143599424196,0.014925373134328358
D101070,674.58,66,3,1,0.2981212808614059,0.2645413151287811,0.6231067057823398,0,0,1,False,False,False,True,False,False,False,True,False,False,False,True,False,False,False,False,1,6.515571581179887,0.04477611940298507
D100432,39.07,66,4,0,0.3467084229674824,0.6932603741120629,0.6494259690092297,1,0,1,False,False,True,False,False,True,False,False,False,False,False,False,False,True,False,False,0,3.6906279246480533,0.05970149253731343
D100374,501.74,66,2,0,0.4896098895629935,0.2117700299870256,0.7185829454806767,0,1,1,False,True,False,False,False,True,False,False,False,False,True,False,False,False,False,False,0,6.22007313785325,0.029850746268656716
D100377,1122.24,66,0,1,0.1695493305627967,0.3900405054783634,0.4346111756671408,0,0,1,False,True,False,False,False,False,False,True,False,False,False,False,False,False,True,False,0,7.023972645173048,0.0
D103314,411.25,66,0,1,0.8757322042725647,0.881259954853559,0.7819541265678998,1,1,1,False,True,False,False,False,False,True,False,False,True,False,False,False,False,False,False,0,6.021629961439708,0.0
D101166,746.18,66,2,1,0.3891931854216329,0.3046584887173727,0.8084020502694708,0,0,1,False,False,False,True,False,False,False,False,True,False,False,False,True,False,False,False,1,6.616306119961112,0.029850746268656716
D101974,233.72,66,5,0,0.5239228375193904,0.0248889376516076,0.0892049751187065,0,0,0,False,True,False,False,False,False,False,True,False,False,False,True,False,False,False,False,1,5.458393314394671,0.07462686567164178
D103436,403.68,66,1,1,0.5831888298844454,0.6291452896184693,0.6952242639130891,1,1,0,False,True,False,False,False,True,False,False,False,False,True,False,False,False,False,False,0,6.00309663133769,0.014925373134328358
D102059,226.67,66,4,0,0.4592691943010794,0.7943214335325582,0.4365284894792861,0,0,0,True,False,False,False,False,True,False,False,False,True,False,False,False,False,False,False,0,5.4278972120839315,0.05970149253731343
D103181,235.58,66,1,1,0.1958032065708831,0.35278042229552,0.3422389147355098,0,0,1,False,True,False,False,False,False,True,False,False,True,False,False,False,False,False,False,0,5.4662864171175904,0.014925373134328358
D102020,416.6,66,1,1,0.7663132833598052,0.4280251974104389,0.3672573163041098,1,0,0,False,False,True,False,False,False,False,True,False,False,True,False,False,False,False,False,0,6.034524036568429,0.014925373134328358
D103127,82.13,66,1,0,0.3517781795440902,0.5900844492800128,0.5687315182887828,1,1,1,True,False,False,False,False,False,False,False,True,True,False,False,False,False,False,False,0,4.420405647542997,0.014925373134328358
D100475,131.26,66,2,0,0.2439850452461468,0.4946964568235363,0.1155524360077776,0,1,0,False,True,False,False,False,False,False,True,False,False,False,False,False,False,True,False,0,4.8847696822465165,0.029850746268656716
D102437,713.02,66,5,0,0.6246392964335923,0.4995119863617402,0.2503435736786547,1,1,0,False,False,True,False,False,True,False,False,False,False,False,False,False,False,True,False,0,6.57091097315176,0.07462686567164178
D101326,139.29,66,3,0,0.256426976070335,0.1182951025870935,0.3200228947325517,0,0,0,False,True,False,False,False,False,False,True,False,False,False,False,False,False,False,True,0,4.943711708730681,0.04477611940298507
D102162,92.25,66,4,0,0.7431084736498972,0.6506559141810241,0.6078296303128994,1,1,0,False,True,False,False,False,False,True,False,False,False,True,False,False,False,False,False,0,4.535284058523925,0.05970149253731343
D103038,1422.17,66,3,0,0.1535075721020229,0.1101559394162248,0.1470138109091924,0,0,1,False,True,False,False,False,True,False,False,False,False,False,False,False,False,False,True,0,7.260642056871444,0.04477611940298507
D100549,192.29,65,1,0,0.3946680887238786,0.1911572223433603,0.6907530440665495,0,1,1,False,True,False,False,False,True,False,False,False,False,False,False,True,False,False,False,1,5.264191651818661,0.015151515151515152
D101365,416.25,65,6,1,0.7632245437552705,0.4067616567391635,0.6044773114630353,1,0,0,False,False,True,False,False,True,False,False,False,True,False,False,False,False,False,False,0,6.033685562541945,0.09090909090909091
D102234,1430.54,65,1,0,0.7174037646319446,0.3561724360885935,0.7018145148860043,1,1,0,False,False,False,True,False,True,False,False,False,False,False,False,False,False,True,False,0,7.266506066865208,0.015151515151515152
D102503,261.29,65,1,1,0.4637923256587211,0.5229849774872168,0.7546146581669467,0,0,1,False,False,False,True,False,True,False,False,False,False,True,False,False,False,False,False,0,5.569450761860909,0.015151515151515152
D100023,482.86,65,3,0,0.3824200529140012,0.4606789339132388,0.5066114274903034,0,1,1,False,False,False,True,False,False,True,False,False,True,False,False,False,False,False,False,0,6.181795608675642,0.045454545454545456
D101278,426.18,65,4,0,0.8245971697306628,0.4035046448367432,0.5248708241728428,1,0,0,False,False,False,True,False,False,False,True,False,False,True,False,False,False,False,False,0,6.057205470070659,0.06060606060606061
D103035,338.27,65,3,0,0.968567546274552,0.4051304591871061,0.4144583222782402,1,0,0,False,False,True,False,False,False,True,False,False,True,False,False,False,False,False,False,0,5.826796250551345,0.045454545454545456
D100003,2165.06,65,1,0,0.1122754739626123,0.1567977096395209,0.7251723139734523,0,0,1,False,False,True,False,False,True,False,False,False,False,False,False,True,False,False,False,1,7.6806651280083,0.015151515151515152
D101282,269.3,65,3,1,0.8169862532374161,0.4059235905647597,0.6268529243695505,1,1,0,False,True,False,False,False,True,False,False,False,False,False,False,False,False,False,True,0,5.599532453282402,0.045454545454545456
D101283,387.71,65,1,0,0.7550160412449088,0.6900973109596569,0.1291953226414184,1,1,1,False,False,True,False,False,False,True,False,False,False,True,False,False,False,False,False,0,5.962833564308829,0.015151515151515152
D103835,363.48,65,2,0,0.7497591350259806,0.6428358502731084,0.1614646025066006,1,1,0,False,True,False,False,False,True,False,False,False,False,False,False,True,False,False,False,1,5.898471680258817,0.030303030303030304
D101471,597.78,65,1,0,0.3815024086942481,0.2698176987413766,0.1328773427066002,1,0,0,False,True,False,False,False,False,True,False,False,False,False,False,False,False,False,True,0,6.394894251854076,0.015151515151515152
D101650,145.29,65,4,1,0.4945419227714507,0.8576530429084122,0.617348565665163,0,0,1,False,True,False,False,False,False,True,False,False,True,False,False,False,False,False,False,0,4.985590952989995,0.06060606060606061
D102977,283.2,65,2,0,0.8268601507856055,0.5680826226838988,0.3565641184826923,1,1,1,False,False,True,False,False,True,False,False,False,False,False,False,False,True,False,False,0,5.649678215663,0.030303030303030304
D102813,671.64,65,4,0,0.8845023532352096,0.1888539628870175,0.0853509617243011,1,0,0,True,False,False,False,False,False,True,False,False,False,False,True,False,False,False,False,1,6.511210268248532,0.06060606060606061
D100188,401.54,65,3,0,0.6848907118863997,0.5379973667577027,0.3401846491853795,0,0,0,False,False,False,True,False,True,False,False,False,False,False,False,False,True,False,False,0,5.997794470802852,0.045454545454545456
D102993,830.15,65,2,0,0.8668124189695452,0.116467479473387,0.7444831820298023,1,0,1,False,False,True,False,False,False,True,False,False,False,False,False,False,True,False,False,0,6.7228102839814685,0.030303030303030304
D103737,737.44,65,0,1,0.5426171304884578,0.9717754762095142,0.8297120270734972,0,1,1,False,False,True,False,False,True,False,False,False,True,False,False,False,False,False,False,0,6.604539852902369,0.0
D103861,231.85,65,0,0,0.3754345839255452,0.72832609962504,0.1492357066055041,0,1,0,True,False,False,False,False,True,False,False,False,False,False,False,False,False,False,True,0,5.450394469428386,0.0
D103648,200.67,65,3,1,0.6023371745118598,0.5086402228377656,0.5668841999618821,1,0,1,False,True,False,False,False,False,False,False,True,False,False,False,False,False,False,True,0,5.30663269815175,0.045454545454545456
D103672,650.01,65,2,1,0.7003282473382582,0.2217679116939789,0.2096656438955705,0,0,0,False,True,False,False,False,False,True,False,False,False,True,False,False,False,False,False,0,6.478525003073694,0.030303030303030304
D102798,157.41,65,2,1,0.2127771249997719,0.5884704388348265,0.3295397732123639,1,1,1,False,False,True,False,False,True,False,False,False,False,False,True,False,False,False,False,1,5.065186608700759,0.030303030303030304
D101241,75.67,65,2,1,0.6513630158073913,0.7961498982837591,0.3900454491156992,1,1,0,False,True,False,False,False,False,False,True,False,True,False,False,False,False,False,False,0,4.339510497570803,0.030303030303030304
D103039,484.64,65,6,0,0.5555382368037023,0.2948162152455005,0.171656943203343,0,0,0,False,False,True,False,False,True,False,False,False,False,False,False,True,False,False,False,1,6.185467608675775,0.09090909090909091
D101019,327.22,65,0,0,0.5085553322156863,0.9089434209332666,0.1676642832423768,1,1,0,False,True,False,False,False,True,False,False,False,False,False,False,False,True,False,False,0,5.793684115251482,0.0
D103062,295.39,65,2,0,0.5806912017681455,0.4483703539905533,0.6489543873483331,1,0,0,False,True,False,False,False,False,True,False,False,False,False,False,False,True,False,False,0,5.691676154661153,0.030303030303030304
D100854,320.86,65,1,1,0.6288753597154142,0.6892853840859772,0.5139978164278782,1,1,1,False,True,False,False,False,True,False,False,False,False,False,True,False,False,False,False,1,5.774116668390349,0.015151515151515152
D103077,351.84,65,1,0,0.9257450571896508,0.563479849549272,0.3902364418551028,1,0,0,False,False,True,False,False,False,True,False,False,True,False,False,False,False,False,False,0,5.866014696390566,0.015151515151515152
D100500,232.77,65,1,0,0.2744409054489773,0.3054448165543245,0.7022553043782516,0,0,1,False,False,False,True,False,False,True,False,False,False,False,True,False,False,False,False,1,5.454337726005947,0.015151515151515152
D103817,1049.92,65,1,1,0.3388395324366307,0.8822902258014388,0.4402784263023742,1,1,1,False,True,False,False,False,False,False,True,False,False,False,False,False,False,False,True,0,6.957421249996957,0.015151515151515152
D103790,156.93,65,0,0,0.5664157691262204,0.2292090778737126,0.8244264856985657,1,1,0,False,True,False,False,False,False,True,False,False,False,False,False,False,False,True,False,0,5.062151896881963,0.0
D101502,492.5,65,2,0,0.6571863914543589,0.2325991075409744,0.3553286846151662,1,1,1,False,True,False,False,False,True,False,False,False,True,False,False,False,False,False,False,0,6.2015228588735365,0.030303030303030304
D102320,134.75,65,3,0,0.5933845717534326,0.7464013609116213,0.364959937955049,0,1,0,True,False,False,False,False,False,False,True,False,False,False,True,False,False,False,False,1,4.910814958814044,0.045454545454545456
D100333,114.01,65,3,0,0.6578175781102653,0.399237810292049,0.1967157299655508,1,0,1,False,False,False,True,False,True,False,False,False,False,True,False,False,False,False,False,0,4.74501908110449,0.045454545454545456
D102390,591.23,65,1,1,0.2928554963111938,0.5069518183235159,0.6612526269588438,1,0,0,False,False,True,False,False,True,False,False,False,False,False,True,False,False,False,False,1,6.383895072945686,0.015151515151515152
D100035,460.69,65,1,1,0.406751245484624,0.648607129129026,0.3061129815520835,1,0,0,False,True,False,False,False,False,False,True,False,False,True,False,False,False,False,False,0,6.134893670192395,0.015151515151515152
D101454,1381.97,65,3,1,0.2128191315426446,0.1679806081120921,0.5714617987940884,0,0,1,False,True,False,False,False,True,False,False,False,False,False,True,False,False,False,False,1,7.231988639455515,0.045454545454545456
D101845,687.9,65,0,1,0.8505885393282803,0.81662623115769,0.6731018186343668,1,1,1,False,False,True,False,False,False,True,False,False,False,False,False,True,False,False,False,1,6.53509612259915,0.0
D102338,113.55,65,1,1,0.924318160208234,0.3647188914631892,0.790898815003484,1,0,0,False,False,True,False,False,False,False,False,True,False,False,False,False,False,True,False,0,4.741011408899505,0.015151515151515152
D100343,165.66,65,0,1,0.7587045319327239,0.6623800579101327,0.9303109584613288,0,0,1,False,False,True,False,False,True,False,False,False,False,False,False,False,False,True,False,0,5.115955808954061,0.0
D100301,179.62,65,2,0,0.8102246015800828,0.5308329568526119,0.3722990967167617,1,0,0,True,False,False,False,False,False,True,False,False,False,False,False,False,True,False,False,0,5.196395376822653,0.030303030303030304
D103237,164.71,65,3,0,0.2014483410559374,0.7129900364081924,0.5331305684284102,0,1,1,False,True,False,False,False,False,True,False,False,False,False,False,False,True,False,False,0,5.110239272641702,0.045454545454545456
D101147,240.79,65,4,0,0.5040720463759464,0.1591268696612336,0.8535302984807651,0,0,1,False,False,False,True,False,False,False,False,True,False,True,False,False,False,False,False,0,5.488069580832519,0.06060606060606061
D103403,1060.27,65,2,0,0.3009002187101185,0.0232983701745821,0.5616946805409905,0,0,0,False,False,False,True,False,False,True,False,False,False,False,False,False,True,False,False,0,6.967221583148803,0.030303030303030304
D101297,198.05,65,3,1,0.8572891878888331,0.5060625146776924,0.1962703676522085,1,1,0,False,True,False,False,False,False,False,True,False,False,False,False,False,False,False,True,0,5.293556049446326,0.045454545454545456
D102104,486.39,65,3,0,0.9032093202736644,0.4937351803117334,0.2523275072568283,1,1,0,False,False,True,False,False,False,True,False,False,False,False,True,False,False,False,False,1,6.189064623951494,0.045454545454545456
D101691,181.31,65,1,0,0.3987186217932139,0.2306554417358302,0.4632184862587493,0,0,1,False,False,False,False,True,False,True,False,False,False,False,True,False,False,False,False,1,5.205708534815374,0.015151515151515152
D100228,849.45,65,4,1,0.5819902619802071,0.7809726255655325,0.9080880429963776,0,1,1,False,False,True,False,False,True,False,False,False,True,False,False,False,False,False,False,0,6.745765621160101,0.06060606060606061
D101706,489.74,65,2,0,0.0981706472498464,0.87239631950336,0.3916353071416354,0,1,1,True,False,False,False,False,False,True,False,False,False,False,False,False,True,False,False,0,6.195914455974938,0.030303030303030304
D101035,123.81,65,0,0,0.4858890705289631,0.4421828100423152,0.6008257962151745,1,0,1,False,False,True,False,False,False,False,True,False,False,False,False,False,False,True,False,0,4.826792580930363,0.0
D101286,872.49,65,0,0,0.8532801406764192,0.4175752849798571,0.4025856382435511,1,1,0,False,True,False,False,False,False,True,False,False,False,True,False,False,False,False,False,0,6.772496681311671,0.0
D101434,272.9,65,3,0,0.7593137949286375,0.262350589630436,0.0697761873070054,1,0,1,False,True,False,False,False,False,True,False,False,True,False,False,False,False,False,False,0,5.612763076269032,0.045454545454545456
D103362,407.37,65,2,0,0.5294250150448163,0.2505806909137817,0.4999987467322132,1,1,1,False,False,True,False,False,False,True,False,False,False,False,False,False,False,True,False,0,6.012173626197673,0.030303030303030304
D101796,99.94,65,2,1,0.5656691932423348,0.4190175468990067,0.245915083009315,1,0,1,False,False,True,False,False,False,True,False,False,False,False,False,True,False,False,False,1,4.614526280912116,0.030303030303030304
D103170,107.65,65,3,0,0.7676555220778531,0.4474273904786278,0.7514917978746057,1,0,1,False,False,False,False,True,False,True,False,False,False,False,False,False,True,False,False,0,4.688131706702439,0.045454545454545456
D102005,213.11,65,1,1,0.4786000025683876,0.7224194899105579,0.1766328986949034,1,0,0,False,False,False,True,False,False,False,True,False,False,False,False,True,False,False,False,1,5.366489901651086,0.015151515151515152
D102007,324.59,65,2,0,0.8312521990923128,0.6840949739179715,0.3384035246526123,1,1,0,True,False,False,False,False,False,False,True,False,True,False,False,False,False,False,False,0,5.785638921126033,0.030303030303030304
D100938,551.22,64,0,1,0.9371316126582236,0.8042070149148085,0.6585416349285882,0,1,1,False,False,False,True,False,False,False,True,False,False,False,False,True,False,False,False,1,6.313946517601489,0.0
D102943,1337.57,64,2,0,0.1974217471893639,0.3697557693786929,0.1156756403766735,0,1,0,False,True,False,False,False,False,True,False,False,True,False,False,False,False,False,False,0,7.1993571589407255,0.03076923076923077
D102957,377.31,64,3,1,0.8441460330486531,0.9239614910213996,0.1932400527889677,1,1,0,True,False,False,False,False,False,True,False,False,False,False,True,False,False,False,False,1,5.935713965336663,0.046153846153846156
D103955,176.92,64,2,0,0.591043806202959,0.6651607016405465,0.0225466427521575,0,1,0,False,False,True,False,False,False,False,True,False,True,False,False,False,False,False,False,0,5.1813340110622175,0.03076923076923077
D100590,303.8,64,1,1,0.5270297263737022,0.2088042322074348,0.9264229973102932,1,0,0,False,False,False,False,True,False,False,True,False,False,False,False,False,True,False,False,0,5.7196558238124915,0.015384615384615385
D100676,187.6,64,0,0,0.23777452322168,0.6840405879678024,0.3990134792325888,0,1,0,False,False,False,False,True,False,False,True,False,False,False,False,False,False,True,False,0,5.239628370199357,0.0
D101217,928.49,64,1,1,0.9041923874174744,0.6539096528460695,0.5083584469631446,1,1,1,False,False,True,False,False,True,False,False,False,False,False,False,False,True,False,False,0,6.834636048631329,0.015384615384615385
D102658,701.39,64,0,1,0.4533913802158833,0.8207823391469992,0.3677335201286344,1,1,1,True,False,False,False,False,False,True,False,False,False,True,False,False,False,False,False,0,6.554488805317511,0.0
D101223,247.33,64,3,1,0.2553605089760384,0.5653983810078954,0.5724916369868461,1,1,0,False,False,True,False,False,False,True,False,False,False,False,False,False,False,False,True,0,5.514758506802571,0.046153846153846156
D100208,674.69,64,2,0,0.6613079341242228,0.5906327600564036,0.4141224856100857,1,1,1,True,False,False,False,False,False,True,False,False,False,False,False,True,False,False,False,1,6.515734390981397,0.03076923076923077
D102134,72.97,64,2,0,0.2491821217730239,0.8831366467974279,0.1801583701186157,0,1,1,False,False,True,False,False,False,False,False,True,False,True,False,False,False,False,False,0,4.303659605599776,0.03076923076923077
D101606,169.6,64,3,1,0.5644526366973158,0.0979440593062746,0.5129306520202798,1,0,1,False,False,False,False,True,False,False,False,True,False,False,False,True,False,False,False,1,5.139321635057579,0.046153846153846156
D102484,346.12,64,1,0,0.338123814101248,0.1164266933912233,0.3908397683959939,0,0,0,False,False,False,True,False,False,True,False,False,False,False,False,False,True,False,False,0,5.849670541490095,0.015384615384615385
D102610,355.31,64,5,1,0.4162176896554619,0.7875628526325535,0.3231469618275167,0,0,0,False,False,False,True,False,True,False,False,False,False,False,False,False,False,False,True,0,5.875801138454259,0.07692307692307693
D103953,95.87,64,2,1,0.8196384944471184,0.8611807086387027,0.344734601990593,1,1,0,False,False,True,False,False,False,True,False,False,False,False,False,False,False,False,True,0,4.573369873438294,0.03076923076923077
D103642,313.6,64,3,1,0.4113592636030431,0.3033938769023039,0.5148852535933295,1,1,0,False,False,False,True,False,True,False,False,False,False,False,False,False,False,False,True,0,5.751301990624177,0.046153846153846156
D103601,122.02,64,3,0,0.3113106322796771,0.3570821105949433,0.3893623180021534,0,1,0,True,False,False,False,False,False,True,False,False,False,False,True,False,False,False,False,1,4.812346943780222,0.046153846153846156
D101753,304.85,64,1,1,0.3322181403302299,0.5943368915132966,0.852978711130228,0,1,1,False,False,False,True,False,False,False,False,True,False,False,True,False,False,False,False,1,5.723094785688574,0.015384615384615385
D103544,486.39,64,2,1,0.5453083564981611,0.8994606136955219,0.5095325745042679,0,1,1,False,True,False,False,False,False,False,True,False,False,False,False,False,False,False,True,0,6.189064623951494,0.03076923076923077
D102087,65.18,64,3,0,0.7848005044420677,0.7676572092800752,0.5502782008888876,1,1,1,False,True,False,False,False,False,False,True,False,False,False,True,False,False,False,False,1,4.192378302493466,0.046153846153846156
D102003,293.84,64,2,0,0.7667986623345752,0.1461454569003799,0.0438379690176483,0,0,0,False,False,True,False,False,False,True,False,False,False,False,False,False,False,True,False,0,5.686432836321088,0.03076923076923077
D101752,344.12,64,4,0,0.9066327066823596,0.1857593064915657,0.4717469922522267,1,1,1,False,False,False,True,False,False,True,False,False,True,False,False,False,False,False,False,0,5.843892182640846,0.06153846153846154
D101732,168.93,64,4,1,0.2998245780766687,0.7941735918710043,0.5434341592754648,0,0,1,False,False,False,True,False,False,False,True,False,False,False,False,False,False,False,True,0,5.135386587546014,0.06153846153846154
D103341,155.84,64,3,0,0.3599097981371961,0.7351768605643662,0.3974056122718156,0,1,1,False,False,False,True,False,True,False,False,False,True,False,False,False,False,False,False,0,5.055226177424131,0.046153846153846156
D102327,197.57,64,1,0,0.2574712602780535,0.5551008374151168,0.703190806373634,0,1,1,False,True,False,False,False,False,False,False,True,True,False,False,False,False,False,False,0,5.2911416827989415,0.015384615384615385
D100611,51.17,64,2,0,0.7125540278581293,0.178887455514421,0.5418152009148979,0,0,1,False,False,True,False,False,False,False,True,False,False,False,False,True,False,False,False,1,3.9545076170343014,0.03076923076923077
D102755,224.13,64,4,1,0.3213644103096711,0.564113927706982,0.5006307862593965,1,1,1,False,False,False,True,False,False,False,False,True,True,False,False,False,False,False,False,0,5.416678013132882,0.06153846153846154
D102748,170.24,64,0,0,0.7045672024576908,0.44477803216742,0.3978932903093146,1,0,0,False,False,True,False,False,False,False,True,False,False,False,False,False,False,True,False,0,5.1430660812767455,0.0
D100342,192.3,64,1,1,0.831198471303451,0.1336380398836364,0.694304702972413,1,0,0,False,False,False,True,False,False,True,False,False,False,True,False,False,False,False,False,0,5.264243386214285,0.015384615384615385
D101932,144.88,64,3,1,0.8866069295555653,0.6063096718602518,0.7132492135791964,1,1,1,False,False,False,True,False,True,False,False,False,False,False,False,False,True,False,False,0,4.982784365940479,0.046153846153846156
D101557,379.0,64,4,0,0.1642084440415061,0.0899093877296446,0.0394282035747838,0,0,0,False,False,True,False,False,False,True,False,False,False,True,False,False,False,False,False,0,5.940171252720432,0.06153846153846154
D101449,232.34,64,4,0,0.1159213950238319,0.7545746301710109,0.3274402374198321,0,1,0,False,True,False,False,False,False,False,False,True,False,False,True,False,False,False,False,1,5.452496617395711,0.06153846153846154
D103799,85.95,64,2,0,0.7279850329141712,0.837916569920907,0.6651059632119144,1,1,1,False,True,False,False,False,True,False,False,False,False,False,False,False,False,True,False,0,4.465333240800292,0.03076923076923077
D103797,169.18,64,2,0,0.4480446663676175,0.3115693906670336,0.7924774464073365,0,0,1,False,False,False,True,False,True,False,False,False,False,False,True,False,False,False,False,1,5.136856700421411,0.03076923076923077
D103888,145.56,64,3,0,0.6332759627314077,0.3845362157932951,0.8304674486894121,0,0,1,False,False,False,False,True,False,False,True,False,False,False,False,False,False,True,False,0,4.9874349009258205,0.046153846153846156
D103972,145.2,64,2,0,0.656923075098072,0.6256795421869821,0.3912738646312915,1,0,0,False,False,True,False,False,False,False,True,False,True,False,False,False,False,False,False,0,4.9849755473156785,0.03076923076923077
D100775,139.87,63,3,0,0.7163909719375392,0.2697561567094375,0.7212388270040486,1,0,1,False,False,False,True,False,True,False,False,False,False,True,False,False,False,False,False,0,4.9478374792722155,0.046875
D102529,654.31,63,1,0,0.5395933628869142,0.3731488834177139,0.3637070630285536,1,0,0,False,False,True,False,False,True,False,False,False,False,True,False,False,False,False,False,0,6.48510840611519,0.015625
D103895,70.87,63,3,1,0.9612134278608676,0.7519580326974599,0.8078023124621565,1,1,1,False,False,True,False,False,False,False,True,False,True,False,False,False,False,False,False,0,4.274858931480352,0.046875
D103872,311.33,63,1,0,0.3761402444263744,0.695914123121935,0.4876167485519231,0,1,0,True,False,False,False,False,False,False,False,True,False,True,False,False,False,False,False,0,5.744060321154771,0.015625
D103804,925.4,63,2,0,0.1500348980987949,0.5710898776984373,0.0893024071869911,0,1,1,True,False,False,False,False,False,True,False,False,False,True,False,False,False,False,False,0,6.83130610681873,0.03125
D103749,168.72,63,5,1,0.7800833489595476,0.7441351351533781,0.2838255266948996,1,0,1,False,True,False,False,False,False,False,True,False,False,True,False,False,False,False,False,0,5.134150020334124,0.078125
D101880,127.08,63,1,1,0.4298375490915552,0.8953332551220208,0.6212718908371488,0,1,1,False,False,True,False,False,False,False,True,False,False,True,False,False,False,False,False,0,4.852655068688459,0.015625
D101833,677.96,63,2,0,0.6838707187857012,0.6266763497900034,0.4673742091720594,0,1,1,False,True,False,False,False,False,True,False,False,False,False,True,False,False,False,False,1,6.520562215661421,0.03125
D101882,674.48,63,4,0,0.75135852698757,0.6169870068300536,0.5712824832394031,1,0,0,False,True,False,False,False,False,False,True,False,False,False,False,True,False,False,False,1,6.515423549263936,0.0625
D100041,236.02,63,1,1,0.8041721644216465,0.6386460237084208,0.8911598218884621,1,1,1,False,False,False,True,False,False,True,False,False,True,False,False,False,False,False,False,0,5.4681445257603025,0.015625
D102381,113.07,63,1,0,0.930837851454492,0.1497812984508035,0.3551544143185192,1,0,0,False,True,False,False,False,True,False,False,False,False,False,False,False,False,True,False,0,4.736812295039806,0.015625
D102344,605.81,63,1,1,0.8574491792868822,0.6436491214847078,0.6255769812851114,1,1,0,False,False,True,False,False,False,False,True,False,True,False,False,False,False,False,False,0,6.408215727233114,0.015625
D103256,249.43,63,4,0,0.1568176188137204,0.3574358437074508,0.1070183969331687,0,0,0,True,False,False,False,False,False,True,False,False,True,False,False,False,False,False,False,0,5.523179440356211,0.0625
D100397,244.75,63,1,0,0.4638796262304123,0.3844610880397041,0.6222120124239489,0,0,1,False,True,False,False,False,False,False,True,False,False,True,False,False,False,False,False,0,5.504314759027276,0.015625
D101807,196.91,63,1,0,0.6053307633302344,0.9839020263213372,0.3930084356447578,1,1,0,False,True,False,False,False,False,True,False,False,False,False,False,False,False,True,False,0,5.2878123819028895,0.015625
D103440,395.11,63,1,0,0.4138705789914973,0.4271671154059031,0.3827144252617065,1,0,0,False,True,False,False,False,False,False,False,True,False,False,False,False,False,True,False,0,5.981691950459155,0.015625
D102301,139.88,63,3,1,0.4647818522111953,0.1492694744936514,0.4962712929841685,0,1,0,False,False,False,True,False,False,True,False,False,False,False,True,False,False,False,False,1,4.94790846418795,0.046875
D102321,218.41,63,2,0,0.5549141873516978,0.6226416859792371,0.1094319660163605,0,0,1,True,False,False,False,False,False,True,False,False,False,False,False,False,True,False,False,0,5.390942125653859,0.03125
D103461,438.38,63,4,1,0.5568874828546718,0.2447942082530567,0.6961827730263195,1,1,1,False,False,False,True,False,False,True,False,False,False,False,False,False,False,False,True,0,6.085364642301033,0.0625
D103463,422.25,63,3,1,0.2013303239712794,0.72864312306958,0.5184257220567393,0,0,1,False,True,False,False,False,True,False,False,False,False,False,False,False,False,False,True,0,6.047963021013245,0.046875
D102080,287.97,63,3,0,0.3373482182685664,0.4947704487844918,0.5258357944067148,1,1,0,False,True,False,False,False,False,False,True,False,False,False,False,True,False,False,False,1,5.666322876495819,0.046875
D103151,250.66,63,0,1,0.7782112310242685,0.7438488777390361,0.6124556127771049,1,1,0,False,False,True,False,False,True,False,False,False,False,False,False,True,False,False,False,1,5.528078970163822,0.0
D100462,60.39,63,4,1,0.5146581294201464,0.1664849052406051,0.9173770132790904,1,1,1,False,False,False,False,True,False,True,False,False,False,True,False,False,False,False,False,0,4.117246955439405,0.0625
D101721,1375.19,63,2,0,0.5540735685291014,0.3191733789646769,0.4118905866501864,1,0,1,False,True,False,False,False,False,False,True,False,False,False,False,False,False,True,False,0,7.22707409035628,0.03125
D103112,273.59,63,2,0,0.86018697414034,0.4391431125158456,0.1742385476302807,0,1,0,False,False,True,False,False,True,False,False,False,False,False,False,False,True,False,False,0,5.615279076064797,0.03125
D101568,110.67,63,3,1,0.7824878322341201,0.5203378630770645,0.7184089282644137,1,1,0,False,False,True,False,False,True,False,False,False,False,True,False,False,False,False,False,0,4.7155480934577,0.046875
D102618,559.74,63,4,1,0.411320557189443,0.3717786623729249,0.7644454581914957,0,0,1,False,False,False,True,False,True,False,False,False,False,False,False,False,True,False,False,0,6.329257339982275,0.0625
D102613,481.8,63,2,0,0.6311093424715218,0.3164602148861829,0.526458909589935,1,0,0,False,False,False,True,False,True,False,False,False,False,False,False,False,False,True,False,0,6.1796024892233765,0.03125
D102220,778.52,63,0,0,0.6889000347117277,0.4994156704348266,0.5945157652089665,0,1,1,False,True,False,False,False,True,False,False,False,False,False,False,False,False,True,False,0,6.658678345641423,0.0
D102605,216.17,63,1,0,0.3889875591126876,0.4034091603077406,0.1820838618703738,0,0,0,True,False,False,False,False,True,False,False,False,False,False,True,False,False,False,False,1,5.38068045697316,0.015625
D103675,49.01,63,5,1,0.7368037645193372,0.4417095825562253,0.7186239409329241,1,1,1,False,False,False,True,False,False,True,False,False,True,False,False,False,False,False,False,0,3.9122229854308124,0.078125
D100216,479.22,63,1,1,0.8710552886266227,0.8866316668462256,0.0600291104245539,1,1,0,True,False,False,False,False,False,True,False,False,False,False,False,False,False,False,True,0,6.174244332232631,0.015625
D100138,210.87,63,3,0,0.6638317172603714,0.3525720029651931,0.4379109590660278,1,1,0,False,False,False,True,False,True,False,False,False,False,False,False,False,True,False,False,0,5.355972879036199,0.046875
D102184,180.99,63,4,0,0.4982828676288903,0.7163735516453849,0.2806857872297729,1,1,1,False,False,True,False,False,False,False,True,False,False,False,False,False,True,False,False,0,5.2039517405123155,0.0625
D102685,730.04,63,2,0,0.1160403209492582,0.3765721168902194,0.4286207895734942,0,0,1,False,False,False,True,False,False,True,False,False,False,False,True,False,False,False,False,1,6.594468177814961,0.03125
D102681,253.14,63,2,0,0.9070535935669864,0.3991066920988939,0.6852982483408054,1,0,1,False,False,False,True,False,True,False,False,False,False,False,False,False,False,False,True,0,5.5378852962763885,0.03125
D100714,260.01,63,3,1,0.6032078840017723,0.205314993115012,0.497223728557176,0,0,1,False,False,False,True,False,True,False,False,False,False,False,False,False,False,True,False,0,5.564558720764969,0.046875
D101654,366.02,63,3,0,0.7513212357684798,0.2678193142142132,0.6045532216817099,1,1,1,False,False,False,False,True,False,False,True,False,False,False,False,True,False,False,False,1,5.905416342482528,0.046875
D101020,940.24,63,0,0,0.482756405765711,0.3986054939318829,0.6640029385389576,1,1,0,False,False,False,True,False,False,False,False,True,False,True,False,False,False,False,False,0,6.84719815488768,0.0
D101628,109.41,63,1,0,0.2314376436477604,0.4964162261433191,0.220734356195176,1,0,1,False,True,False,False,False,True,False,False,False,False,False,False,False,True,False,False,0,4.704200709451046,0.015625
D100518,285.31,63,2,0,0.7034838104700385,0.7848589072906629,0.0357169986853084,0,1,0,True,False,False,False,False,True,False,False,False,False,True,False,False,False,False,False,0,5.657075139890874,0.03125
D103047,235.76,63,4,0,0.5781253541536112,0.4703253540898859,0.5026331593676119,0,0,0,False,False,True,False,False,False,False,True,False,True,False,False,False,False,False,False,0,5.467046969822524,0.0625
D100583,108.51,63,2,1,0.6175271127946718,0.6733745823544486,0.1450244486656181,1,1,0,False,True,False,False,False,True,False,False,False,False,False,False,False,False,False,True,0,4.696015869287668,0.03125
D102908,150.48,63,1,0,0.836338104520242,0.4377062014984382,0.7465121614310608,1,1,1,False,False,False,False,True,False,True,False,False,False,False,False,False,False,False,True,0,5.0204536030335944,0.015625
D100903,172.77,63,2,1,0.7690857711326983,0.816694642726391,0.258841270202256,1,1,1,False,False,True,False,False,False,False,True,False,False,False,True,False,False,False,False,1,5.157732585734163,0.03125
D102873,237.83,63,3,1,0.521040099166149,0.4482397896951184,0.4851253349950861,1,0,1,False,True,False,False,False,False,True,False,False,False,False,False,False,True,False,False,0,5.475752001768597,0.046875
D100496,227.22,63,2,0,0.2550545739024707,0.3229982405318908,0.5885510291036175,1,0,1,False,True,False,False,False,False,True,False,False,False,False,False,False,False,False,True,0,5.430310076006534,0.03125
D103524,897.87,63,2,0,0.2505301886862638,0.2069774706475413,0.2071405283514259,1,0,0,False,False,True,False,False,True,False,False,False,False,False,False,False,True,False,False,0,6.801138418898496,0.03125
D103607,217.06,63,1,0,0.6632193444447619,0.3290423527578826,0.3819346481120791,1,0,0,False,True,False,False,False,False,False,True,False,False,True,False,False,False,False,False,0,5.384770254278235,0.015625
D100202,404.6,63,2,1,0.5086226738032834,0.4184988422946859,0.818892847021011,0,0,0,False,False,True,False,False,True,False,False,False,False,False,False,True,False,False,False,1,6.005367452276974,0.03125
D101614,118.46,63,4,0,0.645521568113674,0.1119704064704287,0.1450551495369537,0,0,0,False,False,False,True,False,True,False,False,False,False,False,False,True,False,False,False,1,4.7829815873041595,0.0625
D101579,129.87,63,3,1,0.756154341345156,0.8257528479803976,0.6785174687729946,1,1,1,False,False,False,True,False,False,False,True,False,False,True,False,False,False,False,False,0,4.87420446406739,0.046875
D101580,100.76,63,4,0,0.3887351388119125,0.3954559946725465,0.0208540149952112,1,1,0,False,False,False,True,False,True,False,False,False,False,True,False,False,False,False,False,0,4.622617099591812,0.0625
D100249,815.97,62,4,0,0.301500420380113,0.2432301402746884,0.4250229672067485,0,0,1,False,True,False,False,False,True,False,False,False,True,False,False,False,False,False,False,0,6.705602374479576,0.06349206349206349
D100851,149.65,62,1,1,0.702935181774216,0.4136963045741264,0.6886133587886183,1,0,1,False,True,False,False,False,True,False,False,False,False,False,False,True,False,False,False,1,5.01495926557631,0.015873015873015872
D101226,150.57,62,2,0,0.5669996402651135,0.7093795115244322,0.5784040164594749,1,1,0,False,False,True,False,False,True,False,False,False,True,False,False,False,False,False,False,0,5.021047564443566,0.031746031746031744
D102797,244.47,62,1,0,0.914877561106126,0.3522618607654489,0.3139051979047097,0,1,1,False,True,False,False,False,True,False,False,False,False,True,False,False,False,False,False,0,5.503174740174929,0.015873015873015872
D103353,709.67,62,3,1,0.6973275744273499,0.6412169475548397,0.4546621338071392,1,0,0,False,True,False,False,False,False,False,False,True,False,False,False,False,False,False,True,0,6.5662081870381455,0.047619047619047616
D103946,172.5,62,1,0,0.8070660801049622,0.5126884633843275,0.8435504705427345,0,1,1,False,True,False,False,False,False,False,True,False,True,False,False,False,False,False,False,0,5.156177599386914,0.015873015873015872
D100051,116.05,62,4,1,0.3729045671214163,0.7595450933700096,0.5063760759676528,0,1,0,True,False,False,False,False,False,True,False,False,False,False,False,True,False,False,False,1,4.76260119393692,0.06349206349206349
D101202,206.6,62,3,0,0.5915213132567886,0.2945355586288765,0.2561361498443856,1,0,0,False,False,False,True,False,False,False,True,False,False,False,True,False,False,False,False,1,5.335613151291733,0.047619047619047616
D100449,176.56,62,1,0,0.9285155774736756,0.4437815838984899,0.2663329655463597,1,0,1,False,False,True,False,False,False,True,False,False,False,False,False,False,False,True,False,0,5.179308579965834,0.015873015873015872
D102067,245.51,62,2,1,0.8345862151323243,0.5504593095671978,0.8424671384308665,1,0,1,False,False,False,False,True,False,True,False,False,False,False,False,False,True,False,False,0,5.507402560611206,0.031746031746031744
D101155,201.06,62,2,0,0.5217133117181029,0.7183647012512767,0.1578376059960493,1,1,0,True,False,False,False,False,True,False,False,False,False,False,True,False,False,False,False,1,5.308564682999586,0.031746031746031744
D103499,144.85,62,2,1,0.3465176692560576,0.7739330883236181,0.9070273129299952,1,1,1,False,False,False,True,False,False,True,False,False,False,False,False,False,False,False,True,0,4.98257869631373,0.031746031746031744
D103558,170.68,62,1,0,0.1590980525556996,0.8061722186289061,0.6149766263615078,0,1,1,False,False,True,False,False,True,False,False,False,True,False,False,False,False,False,False,0,5.145632278882388,0.015873015873015872
D102500,88.52,62,1,0,0.3921752930601085,0.1477550862655066,0.2148594733904485,0,0,0,True,False,False,False,False,False,True,False,False,False,True,False,False,False,False,False,0,4.494462064003669,0.015873015873015872
D100933,99.24,62,2,0,0.7686916027409352,0.1398364762075264,0.7973798136010616,0,0,1,False,False,False,True,False,False,True,False,False,False,False,False,True,False,False,False,1,4.607567310587813,0.031746031746031744
D100005,74.56,62,1,0,0.3261301409747305,0.5080299312277201,0.4711540143349074,0,0,0,False,False,False,False,True,False,True,False,False,False,False,False,False,False,False,True,0,4.324927042633309,0.015873015873015872
D103969,390.17,62,2,0,0.3380682972327646,0.4664774035680463,0.5470040615677811,1,0,1,True,False,False,False,False,False,True,False,False,True,False,False,False,False,False,False,0,5.96914224810349,0.031746031746031744
D100766,313.54,62,0,0,0.563984595644007,0.5062903110928116,0.1211698162137815,0,1,0,False,True,False,False,False,True,False,False,False,False,True,False,False,False,False,False,0,5.75111125406258,0.0
D102891,961.12,62,4,0,0.174108185376567,0.1346586405709932,0.243984611600537,0,0,0,False,False,False,False,True,False,False,True,False,False,False,False,False,False,False,True,0,6.869139183011044,0.06349206349206349
D101687,326.45,62,2,0,0.7790020146291162,0.3945884821918979,0.6374421982005087,1,0,0,False,False,True,False,False,False,False,True,False,False,True,False,False,False,False,False,0,5.791335371664062,0.031746031746031744
D103593,34.64,62,5,0,0.2666065120981324,0.5152124340131701,0.4490365381062028,1,1,1,True,False,False,False,False,False,True,False,False,False,False,False,False,False,False,True,0,3.573468602602609,0.07936507936507936
D103019,198.94,62,6,0,0.3937811276965405,0.2068788223186001,0.4051945552864626,1,0,1,False,True,False,False,False,False,False,False,True,True,False,False,False,False,False,False,0,5.298017321539034,0.09523809523809523
D103030,205.76,62,1,0,0.7403262802792268,0.858529738566658,0.6104536638435782,0,1,1,False,False,False,True,False,False,True,False,False,False,False,False,False,False,False,True,0,5.331558700327839,0.015873015873015872
D102810,43.79,62,2,1,0.3802509119023906,0.4251501188569043,0.0506957455392393,0,1,0,True,False,False,False,False,False,False,False,True,False,True,False,False,False,False,False,0,3.8019849002192085,0.031746031746031744
D103001,1988.28,62,2,0,0.2666198571084767,0.0209675097863498,0.336952390728068,1,0,0,False,False,True,False,False,False,False,True,False,False,False,False,False,False,True,False,0,7.595528043204627,0.031746031746031744
D103650,159.16,62,5,1,0.1646028675706244,0.8561151437921809,0.9377620388562816,0,1,1,False,True,False,False,False,False,True,False,False,True,False,False,False,False,False,False,0,5.07617331556691,0.07936507936507936
D100139,147.0,62,3,1,0.2399984607608813,0.4757244279241703,0.8657288104059034,0,1,1,True,False,False,False,False,False,False,False,True,False,False,True,False,False,False,False,1,4.997212273764115,0.047619047619047616
D102493,103.37,62,8,0,0.4081768376887305,0.2113639095608229,0.8523166926807764,0,0,1,False,False,False,False,True,False,False,True,False,False,False,False,False,False,False,True,0,4.647942277831961,0.12698412698412698
D101602,351.47,62,2,0,0.6353539000476949,0.6939850580668411,0.2163402143345703,1,1,1,False,False,True,False,False,False,True,False,False,False,False,False,True,False,False,False,1,5.864965512247591,0.031746031746031744
D101813,501.47,62,0,1,0.6671206241390895,0.1960159629232613,0.3953334071971116,1,0,0,False,True,False,False,False,False,False,True,False,False,False,False,True,False,False,False,1,6.219535936658488,0.0
D101816,280.4,62,1,1,0.4780143103304589,0.7832019961399964,0.6602769300469071,1,1,1,False,False,False,True,False,False,True,False,False,False,False,False,False,False,True,False,0,5.639777144680289,0.015873015873015872
D103442,840.26,62,4,1,0.4190682294592233,0.3299699894963001,0.2900649653908382,0,0,0,True,False,False,False,False,True,False,False,False,False,True,False,False,False,False,False,0,6.734900767961095,0.06349206349206349
D101289,85.24,62,2,0,0.6926331239071154,0.1873644151393012,0.4211400447284422,1,0,0,False,False,True,False,False,True,False,False,False,False,False,False,False,True,False,False,0,4.457134107160687,0.031746031746031744
D103409,210.01,62,1,0,0.4626881853957716,0.4325742378419884,0.1129806085673767,1,0,0,True,False,False,False,False,True,False,False,False,False,False,False,False,False,True,False,0,5.3519055257179655,0.015873015873015872
D103333,104.8,62,2,0,0.5523286324578586,0.6229243245233972,0.4003257281813754,1,1,0,False,True,False,False,False,False,True,False,False,False,False,True,False,False,False,False,1,4.661550519424199,0.031746031746031744
D100409,150.22,62,2,0,0.490426288140994,0.2826650789536351,0.7836550885786757,1,0,1,False,False,False,False,True,False,True,False,False,False,False,False,False,False,True,False,0,5.018735730130124,0.031746031746031744
D102100,206.52,62,1,0,0.3038353652875392,0.4691992012287722,0.7793596119052383,1,0,0,False,False,False,True,False,False,True,False,False,True,False,False,False,False,False,False,0,5.335227720568134,0.015873015873015872
D103212,422.66,62,4,0,0.100250582052757,0.4628125093420827,0.5819511999727716,0,0,1,False,False,False,True,False,False,False,True,False,False,False,False,False,False,False,True,0,6.04893124675631,0.06349206349206349
D102048,107.71,62,1,1,0.4740119652340003,0.5512637431300341,0.1984311791467931,0,1,0,True,False,False,False,False,False,False,False,True,False,True,False,False,False,False,False,0,4.6886837862159085,0.015873015873015872
D101288,260.91,62,3,0,0.2313223604345264,0.5671988398772092,0.0964749917738822,1,0,0,False,False,True,False,False,False,True,False,False,False,False,True,False,False,False,False,1,5.568000933297142,0.047619047619047616
D101475,344.27,62,1,0,0.2840437848939551,0.6688339124080704,0.3783043080052351,1,0,0,False,False,True,False,False,False,True,False,False,False,False,False,True,False,False,False,1,5.844326719648509,0.015873015873015872
D103886,702.31,62,3,1,0.2746894801160485,0.5885530549286572,0.781534634600837,1,0,0,False,False,False,False,True,False,True,False,False,False,False,False,True,False,False,False,1,6.555797761896238,0.047619047619047616
D102541,913.11,62,2,0,0.8017459424828975,0.0797660328873478,0.6730574450284312,1,0,0,False,True,False,False,False,False,True,False,False,False,False,True,False,False,False,False,1,6.817950914322066,0.031746031746031744
D103901,343.58,62,2,1,0.5358498361443255,0.6067650588777099,0.8488215948099512,1,0,0,False,False,False,True,False,False,False,True,False,False,False,True,False,False,False,False,1,5.84232628410426,0.031746031746031744
D103460,824.18,62,2,1,0.8479137141743114,0.711863170269523,0.4300809569754463,1,1,0,False,False,True,False,False,False,True,False,False,False,False,False,True,False,False,False,1,6.715601544354671,0.031746031746031744
D101551,549.66,62,1,1,0.5193414024248506,0.907405011923648,0.4659016973200289,0,1,1,False,True,False,False,False,True,False,False,False,False,False,False,False,False,False,True,0,6.311117558801999,0.015873015873015872
D101043,115.95,61,2,1,0.3693209419849263,0.6651347481524664,0.4801184463369486,1,1,1,False,False,True,False,False,True,False,False,False,False,False,False,False,False,True,False,0,4.761746493030188,0.03225806451612903
D102016,78.77,61,1,0,0.6153053911322375,0.628548745660899,0.7811962789240297,1,0,1,False,True,False,False,False,False,False,False,True,False,False,True,False,False,False,False,1,4.379147493923038,0.016129032258064516
D100467,33.7,61,3,0,0.4603319560015682,0.1656403148658802,0.8673813179324817,0,0,1,False,False,False,False,True,False,True,False,False,False,False,False,False,True,False,False,0,3.5467396869528134,0.04838709677419355
D101044,228.22,61,2,1,0.1988729277453575,0.5017411928205956,0.4626400854610161,0,0,1,True,False,False,False,False,False,False,True,False,False,False,False,False,False,False,True,0,5.434682241068553,0.03225806451612903
D101704,132.32,61,2,0,0.6512078919759088,0.4744344753144777,0.7450798463346934,1,1,1,False,False,True,False,False,True,False,False,False,False,False,False,True,False,False,False,1,4.8927522534395385,0.03225806451612903
D100305,217.07,61,2,1,0.414850292553213,0.5054642336467898,0.3973592017323508,1,0,1,False,False,True,False,False,False,False,True,False,False,False,True,False,False,False,False,1,5.384816112164653,0.03225806451612903
D103224,206.1,61,1,1,0.6319251189568903,0.3096459384609577,0.5606433239787614,1,0,0,True,False,False,False,False,True,False,False,False,False,False,False,True,False,False,False,1,5.333201768401539,0.016129032258064516
D100385,775.26,61,1,1,0.7233746863634782,0.1865398943259237,0.5252453203723841,0,0,0,False,False,False,False,True,False,False,False,True,False,False,False,False,False,True,False,0,6.6544875156123755,0.016129032258064516
D103401,190.2,61,5,1,0.7761788256180079,0.7496225819572176,0.6453965002078113,1,1,0,False,False,False,True,False,False,False,True,False,False,True,False,False,False,False,False,0,5.2533200006173,0.08064516129032258
D101951,799.28,61,3,0,0.3134570908981791,0.1366695722494408,0.238557488544297,0,1,0,True,False,False,False,False,False,False,False,True,False,False,False,True,False,False,False,1,6.684961666432216,0.04838709677419355
D103758,217.13,61,0,0,0.5881218712035285,0.3150449233334612,0.7649100718458446,0,0,1,False,False,False,False,True,False,False,True,False,False,False,False,False,False,False,True,0,5.385091215330075,0.0
D101031,103.73,61,3,0,0.8571693371621557,0.2367740671193965,0.4920449273229192,1,0,0,False,False,True,False,False,False,True,False,False,False,False,False,False,False,False,True,0,4.651385609785055,0.04838709677419355
D103454,161.37,61,2,0,0.7427985446275659,0.1334031886811852,0.7518194424178052,1,0,1,False,False,False,False,True,False,True,False,False,False,False,False,False,True,False,False,0,5.089877681599023,0.03225806451612903
D101819,150.04,61,1,0,0.8014236534481651,0.2531412882152976,0.7364828321174065,1,1,1,False,False,True,False,False,False,True,False,False,False,False,False,False,True,False,False,0,5.01754470239719,0.016129032258064516
D101131,88.97,61,1,0,0.8414323315474408,0.7434343310797354,0.6985238486873261,1,1,1,False,False,True,False,False,True,False,False,False,False,False,True,False,False,False,False,1,4.499476281429027,0.016129032258064516
D100805,110.54,61,2,0,0.1145472491044982,0.6027763684900151,0.1983850762151893,0,0,1,True,False,False,False,False,False,False,True,False,True,False,False,False,False,False,False,0,4.714383270961408,0.03225806451612903
D100604,768.94,61,1,0,0.8240481465346395,0.2825677175073188,0.9231158031352892,0,0,1,False,False,False,False,True,False,False,True,False,False,False,False,False,False,False,True,0,6.646312589733725,0.016129032258064516
D100148,533.38,61,3,0,0.5006957641892558,0.3363455830648348,0.5661291391623963,1,1,1,False,True,False,False,False,False,True,False,False,False,False,False,False,False,True,False,0,6.281107196372397,0.04838709677419355
D103659,310.94,61,1,1,0.7967043954762524,0.5092472150283741,0.3210466787284426,1,1,0,True,False,False,False,False,True,False,False,False,False,True,False,False,False,False,False,0,5.7428108616236795,0.016129032258064516
D100116,110.1,61,1,0,0.5774952702336675,0.6164305260717711,0.6001402922285555,1,1,0,False,False,False,True,False,False,True,False,False,True,False,False,False,False,False,False,0,4.7104306966455844,0.016129032258064516
D102243,118.95,61,1,0,0.832473814031004,0.8910744693497895,0.6853040018486751,1,1,0,False,True,False,False,False,False,False,True,False,False,True,False,False,False,False,False,0,4.787074989285704,0.016129032258064516
D100129,240.85,61,3,1,0.2661164057257388,0.6361855108830886,0.2760153752211573,1,1,1,False,False,True,False,False,False,False,True,False,False,False,True,False,False,False,False,1,5.488317699268992,0.04838709677419355
D100948,65.41,61,3,0,0.4883645518044999,0.6599360820388736,0.7306597321932139,0,0,1,False,False,False,True,False,True,False,False,False,False,True,False,False,False,False,False,0,4.195847647552622,0.04838709677419355
D103705,152.57,61,2,1,0.5936620891403279,0.6021492594156308,0.4622175372615077,1,1,1,False,True,False,False,False,False,True,False,False,False,False,False,False,True,False,False,0,5.034156489137602,0.03225806451612903
D100691,1341.32,61,3,1,0.2110832482335974,0.3895939036288374,0.4482976786636852,0,0,0,False,False,False,True,False,True,False,False,False,False,False,True,False,False,False,False,1,7.2021547391814424,0.04838709677419355
D101341,111.24,61,1,0,0.917348060121322,0.4999894735303413,0.4205145364945024,1,1,1,False,False,False,True,False,True,False,False,False,False,False,True,False,False,False,False,1,4.720639435794205,0.016129032258064516
D101488,362.75,61,3,1,0.7265675971547977,0.3270930847032799,0.1782698447880485,0,1,1,False,False,False,True,False,True,False,False,False,True,False,False,False,False,False,False,0,5.8964668184857025,0.04838709677419355
D101940,408.6,61,2,0,0.8458991739970567,0.0859407730730597,0.3717432572466533,1,0,0,False,True,False,False,False,False,True,False,False,False,False,False,False,True,False,False,0,6.015181073725298,0.03225806451612903
D103836,26.53,61,2,0,0.6191355409803333,0.0844372939062913,0.3457103097388557,0,0,0,False,False,True,False,False,False,True,False,False,False,False,False,False,False,False,True,0,3.315276319154516,0.03225806451612903
D100100,115.1,61,0,0,0.8207084876897889,0.5015020127981665,0.3761535240309082,1,1,1,False,False,False,True,False,False,False,True,False,False,False,False,False,False,False,True,0,4.754451888703846,0.0
D100082,315.8,61,1,1,0.725314170195973,0.5252988410961504,0.3319837175596734,1,1,0,False,False,False,True,False,True,False,False,False,False,False,False,False,False,True,False,0,5.758270659940271,0.016129032258064516
D100617,84.05,61,0,1,0.3909723647859062,0.7010598516001247,0.3607652629490686,1,1,0,False,True,False,False,False,False,True,False,False,False,False,False,False,True,False,False,0,4.44323931884187,0.0
D100678,385.79,61,1,0,0.648937569731308,0.5549469331925039,0.7052631005252693,1,1,1,True,False,False,False,False,False,True,False,False,False,False,False,False,False,False,True,0,5.9578819100908555,0.016129032258064516
D102992,93.68,61,1,0,0.5848329320672662,0.6996620257541774,0.2659495962551296,0,1,1,False,True,False,False,False,True,False,False,False,False,True,False,False,False,False,False,0,4.550502784645783,0.016129032258064516
D100615,261.76,61,3,1,0.9036250852506176,0.2841926896938674,0.1377467667536543,1,0,0,False,False,False,True,False,False,True,False,False,False,False,False,True,False,False,False,1,5.571241068024272,0.04838709677419355
D102121,33.72,61,4,0,0.7323452320017511,0.7922314428257808,0.5409133628945011,1,1,1,True,False,False,False,False,False,False,False,True,False,False,False,True,False,False,False,1,3.5473158897921495,0.06451612903225806
D100732,960.61,61,1,0,0.0981938865512458,0.5916598595977497,0.1004228449600579,0,1,0,True,False,False,False,False,False,False,True,False,False,False,False,False,False,True,False,0,6.868608963061313,0.016129032258064516
D101644,405.24,61,1,0,0.2252194943180743,0.8128170825508886,0.3093265399188901,0,1,0,False,True,False,False,False,False,True,False,False,False,False,False,False,False,True,False,0,6.006944117956368,0.016129032258064516
D102951,376.32,61,1,1,0.8680850699555165,0.5886265678770702,0.3571925206325627,1,1,0,False,False,False,True,False,False,True,False,False,False,False,False,False,True,False,False,0,5.933093633781652,0.016129032258064516
D102653,51.1,61,4,0,0.5994903335854626,0.5655175845672353,0.366076769031594,0,1,0,False,False,False,True,False,True,False,False,False,True,False,False,False,False,False,False,0,3.9531649487593215,0.06451612903225806
D102502,1190.7,61,0,0,0.2346678822807671,0.5095444987367165,0.8719231640966633,0,0,1,False,False,False,False,True,False,True,False,False,True,False,False,False,False,False,False,0,7.08313613809676,0.0
D102505,184.33,61,0,0,0.7673069114990346,0.3236896991282913,0.5664885073588979,1,0,1,True,False,False,False,False,False,False,True,False,False,True,False,False,False,False,False,0,5.222138019809219,0.0
D100614,216.14,61,4,0,0.6871182656171299,0.3697845926693852,0.3533946681158455,1,0,1,False,True,False,False,False,False,True,False,False,False,False,False,True,False,False,False,1,5.380542306803706,0.06451612903225806
D102690,98.77,61,0,0,0.6965395512668419,0.0411772309066091,0.9333820942402096,0,0,1,False,False,False,False,True,False,True,False,False,False,False,True,False,False,False,False,1,4.602867536925416,0.0
D102271,92.16,61,1,1,0.8554052145900564,0.3760062704607073,0.2957994151273557,0,0,0,False,False,True,False,False,False,False,False,True,False,True,False,False,False,False,False,0,4.53431844501614,0.016129032258064516
D103060,2116.75,61,3,1,0.326617612410895,0.1490640616412414,0.6325357412465451,0,0,1,False,False,True,False,False,False,False,True,False,False,False,False,False,False,False,True,0,7.6581094833116605,0.04838709677419355
D102443,117.31,61,1,1,0.9644403759169784,0.6973326495219196,0.6929234222307643,1,0,1,False,False,True,False,False,False,False,True,False,False,False,False,False,False,True,False,0,4.7733082982655715,0.016129032258064516
D101089,494.04,61,2,0,0.4269081419259145,0.7513190160760469,0.3303636506639021,1,1,0,False,False,True,False,False,True,False,False,False,False,True,False,False,False,False,False,0,6.204638567384701,0.03225806451612903
D101933,190.26,60,1,1,0.312376029747455,0.3727311108973783,0.8293940440012796,1,0,1,False,False,False,True,False,False,False,False,True,False,False,False,True,False,False,False,1,5.253633758921397,0.01639344262295082
D101280,270.2,60,2,1,0.7292210573800046,0.4863889285863206,0.4606809787509687,1,1,0,False,True,False,False,False,True,False,False,False,False,True,False,False,False,False,False,0,5.60285655606624,0.03278688524590164
D103374,753.06,60,3,0,0.5126560774252487,0.2175520399621389,0.8994605198346552,1,0,1,False,False,True,False,False,False,False,False,True,False,False,False,False,False,False,True,0,6.625471940438803,0.04918032786885246
D101151,252.39,60,3,1,0.5125330983484464,0.1590449606825006,0.4901874860149192,0,0,1,False,False,False,True,False,False,True,False,False,False,False,True,False,False,False,False,1,5.53492980380921,0.04918032786885246
D102348,86.12,60,3,1,0.6366120329733006,0.8754325646153002,0.1488043041681783,0,1,0,True,False,False,False,False,False,True,False,False,False,True,False,False,False,False,False,0,4.467286478624705,0.04918032786885246
D102737,249.06,60,3,0,0.4725447610222539,0.4237930480830959,0.6120816375335922,0,1,1,False,False,True,False,False,False,True,False,False,False,False,False,True,False,False,False,1,5.521700889066854,0.04918032786885246
D102587,41.45,60,3,1,0.8165179533967711,0.91270713144231,0.2919536935972735,1,1,0,False,True,False,False,False,True,False,False,False,False,False,False,True,False,False,False,1,3.7483269127573564,0.04918032786885246
D101943,642.72,60,1,1,0.4066339300728894,0.8611274974221487,0.2052624311243898,0,1,0,False,True,False,False,False,False,True,False,False,False,False,False,False,False,True,False,0,6.467263848950294,0.01639344262295082
D103738,33.72,60,3,0,0.5057356010005174,0.2684440274560769,0.7325141634422081,1,0,1,False,False,False,True,False,False,False,True,False,False,False,False,False,False,False,True,0,3.5473158897921495,0.04918032786885246
D101250,139.53,60,4,0,0.6902090788347377,0.8754421132363767,0.6456856052792629,1,1,1,True,False,False,False,False,False,False,True,False,False,False,True,False,False,False,False,1,4.9454209891126535,0.06557377049180328
D101345,925.65,60,2,1,0.7836701475196021,0.3713212035444186,0.1626867579260728,1,1,0,False,False,True,False,False,False,True,False,False,False,False,False,False,False,False,True,0,6.831575932243319,0.03278688524590164
D102930,849.65,60,1,0,0.2685317686054461,0.8356719305898797,0.7228800586335639,0,1,1,False,False,True,False,False,False,False,False,True,False,False,False,False,False,False,True,0,6.746000763128147,0.01639344262295082
D102915,634.73,60,1,1,0.5809127067253437,0.1523942109414517,0.7084628213496222,0,0,1,False,True,False,False,False,True,False,False,False,True,False,False,False,False,False,False,0,6.454773944900584,0.01639344262295082
D100928,39.92,60,4,1,0.2874635880305337,0.7280807796850954,0.2464431276098175,1,1,0,False,False,True,False,False,False,True,False,False,False,True,False,False,False,False,False,0,3.711618941083426,0.06557377049180328
D102595,484.12,60,1,0,0.9744793308741084,0.3502783482713704,0.6070905754369653,1,1,0,False,False,False,False,True,False,True,False,False,False,False,False,False,False,False,True,0,6.184396283013952,0.01639344262295082
D100909,214.31,60,3,0,0.7346488748496139,0.5849514569150033,0.450193211830499,1,0,1,False,True,False,False,False,False,False,True,False,False,False,False,False,False,False,True,0,5.37207885011009,0.04918032786885246
D102889,345.84,60,3,0,0.5952638380062416,0.6640592617836493,0.0390105238534118,1,1,0,True,False,False,False,False,False,False,True,False,False,False,False,False,False,True,False,0,5.8488635785089595,0.04918032786885246
D100577,137.43,60,1,0,0.536530169085655,0.6157458468153059,0.3746391816440723,0,1,0,False,False,True,False,False,True,False,False,False,True,False,False,False,False,False,False,0,4.930364782699644,0.01639344262295082
D100509,323.85,60,3,0,0.68593645002958,0.4988228505497877,0.1281101360597877,0,0,0,True,False,False,False,False,False,True,False,False,False,False,False,False,True,False,False,0,5.78336353732654,0.04918032786885246
D103550,137.12,60,1,0,0.7081510803435759,0.4777081365692532,0.3183242517404965,0,0,0,False,False,False,True,False,False,True,False,False,False,False,False,False,False,False,True,0,4.928122872521792,0.01639344262295082
D103582,73.78,60,2,0,0.1563296951629995,0.800347342985186,0.4188081747405614,0,1,1,False,True,False,False,False,False,False,False,True,True,False,False,False,False,False,False,0,4.314550469548967,0.03278688524590164
D101709,223.09,60,3,1,0.6262142919528845,0.5988584131432453,0.2978543828499359,1,1,1,False,True,False,False,False,True,False,False,False,False,False,True,False,False,False,False,1,5.412047756875059,0.04918032786885246
D100389,135.16,60,3,1,0.6293847719411435,0.3022011298671221,0.2015775392746688,1,0,0,False,False,False,True,False,True,False,False,False,False,False,False,False,True,False,False,0,4.913830664825064,0.04918032786885246
D101154,101.62,60,3,1,0.5525953498822264,0.8214612256254005,0.4676680639028709,0,0,0,False,False,True,False,False,False,True,False,False,False,False,False,True,False,False,False,1,4.631032845513819,0.04918032786885246
D103420,96.2,60,1,0,0.4221347686581643,0.9187984137373962,0.6948793767748626,1,1,0,False,False,False,True,False,False,True,False,False,False,False,False,False,False,True,False,0,4.576770711466393,0.01639344262295082
D100411,3719.72,60,2,1,0.1479134984403853,0.2515677345557132,0.7957057178760665,0,0,1,False,False,True,False,False,False,True,False,False,False,False,False,False,False,False,True,0,8.221672476926216,0.03278688524590164
D102083,561.17,60,2,0,0.1079390906034042,0.8127366607169442,0.5862676296588721,0,1,1,False,True,False,False,False,False,True,False,False,False,False,False,False,False,True,False,0,6.331804295255684,0.03278688524590164
D103103,141.73,60,1,0,0.6444728441388583,0.4928688016661266,0.5667826062808451,1,1,1,False,False,False,True,False,False,False,True,False,False,False,False,False,True,False,False,0,4.960954733641677,0.01639344262295082
D103182,95.43,60,4,1,0.7089706342690859,0.4101355678949662,0.4356885019387407,1,1,1,False,False,True,False,False,False,False,True,False,False,False,False,True,False,False,False,1,4.568817356522293,0.06557377049180328
D101182,321.89,60,4,1,0.716505837944148,0.7651788976053557,0.4353494329391202,0,1,1,True,False,False,False,False,False,True,False,False,False,False,False,False,False,False,True,0,5.777311707944317,0.06557377049180328
D100273,262.77,60,1,0,0.6707767595866764,0.4229593952724377,0.3712282519889638,1,0,0,False,False,True,False,False,False,False,True,False,False,False,False,False,False,False,True,0,5.57507751129926,0.01639344262295082
D103977,64.81,60,2,1,0.6409671878525636,0.3962376896185503,0.2452777606193343,0,1,0,True,False,False,False,False,False,False,False,True,False,False,False,False,False,False,True,0,4.186771802468027,0.03278688524590164
D100210,129.58,60,2,0,0.5827831499231698,0.7707759504673346,0.7621303253940868,1,1,0,False,False,True,False,False,False,True,False,False,False,True,False,False,False,False,False,0,4.871986065758487,0.03278688524590164
D102917,702.68,60,4,0,0.8779387348591468,0.101635051185979,0.7617960413150469,1,0,0,False,False,False,True,False,False,True,False,False,False,False,True,False,False,False,False,1,6.5563237073663965,0.06557377049180328
D100177,240.38,60,2,1,0.6997287636264471,0.4323435069292117,0.2414118709536323,1,1,0,False,False,False,False,True,True,False,False,False,False,False,False,False,False,True,False,0,5.486372455189752,0.03278688524590164
D100170,171.39,60,1,1,0.8745234818002043,0.901102537037333,0.4081379366309267,1,1,1,False,True,False,False,False,False,True,False,False,False,False,False,False,True,False,False,0,5.149759351906887,0.01639344262295082
D100600,107.19,60,2,0,0.8069533944041474,0.1898479877857559,0.3166136718119164,1,0,0,False,False,True,False,False,False,True,False,False,False,False,True,False,False,False,False,1,4.683888940699482,0.03278688524590164
D102139,151.37,60,1,1,0.7524500621458181,0.1326267519669439,0.3578511087712114,1,1,0,False,False,False,True,False,True,False,False,False,False,False,False,False,True,False,False,0,5.026311773481264,0.01639344262295082
D102418,219.33,60,6,1,0.6335925424215453,0.5677420475619062,0.0723564777260031,0,0,0,True,False,False,False,False,False,False,True,False,False,False,False,False,True,False,False,0,5.395126422476097,0.09836065573770492
D100481,1030.01,60,1,0,0.6136139635720654,0.3367524315539418,0.6388438854323077,1,1,1,False,True,False,False,False,False,True,False,False,True,False,False,False,False,False,False,0,6.938294183290969,0.01639344262295082
D100127,283.01,60,3,0,0.2629134355309018,0.2960841676267065,0.1369985074945708,1,0,1,True,False,False,False,False,True,False,False,False,False,False,True,False,False,False,False,1,5.6490094488089095,0.04918032786885246
D100221,101.54,60,0,0,0.7613974669506416,0.3877778530555781,0.5634285781733283,1,0,1,False,False,True,False,False,False,True,False,False,True,False,False,False,False,False,False,0,4.630252966355554,0.0
D103070,1439.86,60,2,0,0.1227782226633677,0.6051533526372934,0.5490644473203012,0,1,0,True,False,False,False,False,False,False,True,False,False,True,False,False,False,False,False,0,7.27299543652605,0.03278688524590164
D101244,255.18,60,1,0,0.0732545355372025,0.2471398583346243,0.1737499613677513,0,0,1,False,True,False,False,False,False,False,True,False,False,False,True,False,False,False,False,1,5.54588032240299,0.01639344262295082
D102784,80.74,60,2,0,0.6956954399761883,0.6290803015405126,0.5054117985177551,0,0,1,False,True,False,False,False,False,True,False,False,False,True,False,False,False,False,False,0,4.403543478136132,0.03278688524590164
D102703,92.43,60,3,0,0.2563403401389115,0.0951502696758055,0.6369195742452625,0,0,0,False,False,False,True,False,False,False,True,False,False,False,False,True,False,False,False,1,4.537212492804865,0.04918032786885246
D103289,206.58,59,2,1,0.2551984241995249,0.7770034966708893,0.4465138097459729,0,1,0,False,True,False,False,False,False,True,False,False,False,False,False,False,False,True,False,0,5.335516807537143,0.03333333333333333
D101894,459.86,59,4,1,0.415262110720424,0.5441739735811959,0.3601073531314968,0,1,1,False,True,False,False,False,False,True,False,False,True,False,False,False,False,False,False,0,6.133094309238645,0.06666666666666667
D101941,236.74,59,1,0,0.689642920668581,0.3222853953413609,0.2350715663353119,1,0,0,False,False,True,False,False,True,False,False,False,False,False,False,False,False,False,True,0,5.4711776395524785,0.016666666666666666
D101371,1447.81,59,3,1,0.1197039658444644,0.1522548326260288,0.6213976762425734,0,0,1,False,False,False,False,True,False,True,False,False,False,False,True,False,False,False,False,1,7.278497808809326,0.05
D101458,149.15,59,4,1,0.5237184942252636,0.6988864168101259,0.8341134893217126,0,1,1,False,False,False,False,True,False,False,True,False,False,False,False,True,False,False,False,1,5.011634794429339,0.06666666666666667
D103883,60.65,59,2,1,0.9792754395383912,0.0976626519072593,0.1436120827651324,1,1,0,False,False,True,False,False,True,False,False,False,False,False,False,False,False,False,True,0,4.121473229610353,0.03333333333333333
D103744,240.39,59,1,1,0.7663468310995036,0.3569285570162108,0.3146234683003431,1,0,0,True,False,False,False,False,False,True,False,False,False,False,True,False,False,False,False,1,5.486413882784679,0.016666666666666666
D101323,58.69,59,4,0,0.720996309447096,0.5665369343490613,0.4264210557023954,0,0,0,False,False,False,True,False,False,True,False,False,False,False,False,True,False,False,False,1,4.089164502180559,0.06666666666666667
D100346,120.12,59,2,1,0.4318244871595057,0.4583020152054963,0.974386263667632,0,0,1,False,False,False,False,True,False,False,True,False,False,False,False,True,False,False,False,1,4.796781789689138,0.03333333333333333
D101977,990.5,59,4,0,0.5118946853918838,0.2154601477591868,0.7507239543096039,1,1,1,False,False,False,False,True,False,True,False,False,False,True,False,False,False,False,False,0,6.8992189479598505,0.06666666666666667
D101814,248.41,59,3,0,0.8315710103814891,0.4475238979821506,0.7561728715185542,1,0,0,False,False,False,True,False,True,False,False,False,False,False,False,False,False,True,False,0,5.519098128673058,0.05
D101804,345.35,59,2,0,0.555514309394292,0.2007147900125468,0.4045779470951998,1,0,1,False,False,True,False,False,False,True,False,False,False,False,False,False,True,False,False,0,5.847449824468614,0.03333333333333333
D103351,95.86,59,3,0,0.3184154611947345,0.518508741608136,0.389744052889079,0,0,1,True,False,False,False,False,False,True,False,False,False,False,True,False,False,False,False,1,4.573266636975083,0.05
D101110,83.8,59,3,0,0.837394909132326,0.588675251383268,0.0447350467831468,1,1,0,False,True,False,False,False,False,True,False,False,False,False,False,False,False,False,True,0,4.440295542797857,0.05
D103361,374.1,59,1,0,0.2986736563845421,0.6490574505615941,0.2538460841852096,0,1,0,False,True,False,False,False,False,True,False,False,False,False,False,False,False,False,True,0,5.927192657087842,0.016666666666666666
D100332,251.65,59,2,0,0.4538586223695984,0.8034318213705988,0.084601766113552,0,1,0,False,False,True,False,False,True,False,False,False,False,False,False,False,True,False,False,0,5.532005131737917,0.03333333333333333
D100325,868.69,59,2,1,0.7867531290800598,0.4111814126440747,0.778684611392199,0,0,0,False,False,True,False,False,False,True,False,False,False,False,True,False,False,False,False,1,6.768136826311839,0.03333333333333333
D101127,65.1,59,0,0,0.3702104828054374,0.4313117052122997,0.6243571015843759,1,0,1,False,False,True,False,False,False,False,False,True,True,False,False,False,False,False,False,0,4.191168746857641,0.0
D103509,124.32,59,1,0,0.8706021456403414,0.1981850023354508,0.887066779999768,1,0,0,False,True,False,False,False,True,False,False,False,False,False,True,False,False,False,False,1,4.830870466083991,0.016666666666666666
D100312,1054.35,59,0,0,0.2747146913248336,0.2243381552469773,0.6236626437441152,0,0,1,False,True,False,False,False,False,False,True,False,True,False,False,False,False,False,False,0,6.961627744446627,0.0
D100895,587.92,59,3,0,0.3190012837298044,0.6455475942735676,0.3881430746816859,1,1,0,False,False,False,True,False,True,False,False,False,False,False,True,False,False,False,False,1,6.378290350997208,0.05
D102274,42.64,59,2,0,0.4761956545615432,0.5249619232779013,0.3473979421854049,1,1,0,False,False,False,True,False,False,False,True,False,False,False,False,True,False,False,False,1,3.77597416096487,0.03333333333333333
D103275,307.06,59,3,0,0.1383073886486431,0.3707053491853201,0.5516840312312864,0,0,1,False,False,False,True,False,True,False,False,False,False,False,False,True,False,False,False,1,5.730294569196311,0.05
D100721,96.54,59,7,0,0.4171657366048689,0.5527978496275125,0.3886679897597763,0,1,0,False,True,False,False,False,False,True,False,False,False,False,False,True,False,False,False,1,4.5802625502819065,0.11666666666666667
D100713,235.63,59,1,0,0.4232714992110678,0.6449738659503602,0.9646085233098076,1,1,1,False,False,False,True,False,False,False,False,True,False,True,False,False,False,False,False,0,5.46649773978696,0.016666666666666666
D100588,159.07,59,2,0,0.2871075347249289,0.5327350802219812,0.4864334241825723,0,1,0,False,True,False,False,False,False,False,True,False,False,False,False,False,False,False,True,0,5.075611219558606,0.03333333333333333
D103541,246.4,59,2,1,0.7902015227610514,0.389412580496893,0.5445908574873483,0,1,0,False,False,True,False,False,False,False,False,True,False,False,False,False,False,True,False,0,5.511006459958388,0.03333333333333333
D101676,148.89,59,1,0,0.2858473637367031,0.8384138734233544,0.2596969489700544,0,1,0,False,False,True,False,False,False,True,False,False,False,False,False,False,True,False,False,0,5.009901691742504,0.016666666666666666
D101638,1144.68,59,1,1,0.3856907974123135,0.1369587661110807,0.715442112337371,1,0,1,False,True,False,False,False,False,True,False,False,False,False,False,False,False,True,False,0,7.043753626170447,0.016666666666666666
D103055,368.71,59,3,0,0.53340664685318,0.1500869545977839,0.7194837393181311,1,0,1,False,False,True,False,False,False,True,False,False,False,False,False,True,False,False,False,1,5.912718914535385,0.05
D100641,117.08,59,1,0,0.2948894386650534,0.6634816413706752,0.8483651834317774,1,1,1,False,False,False,True,False,False,False,False,True,False,True,False,False,False,False,False,0,4.771362360852162,0.016666666666666666
D100992,37.56,59,2,1,0.4913791351237003,0.7048720791055781,0.7656139163988919,1,1,1,False,False,False,True,False,True,False,False,False,False,False,False,False,False,True,False,0,3.652215469742345,0.03333333333333333
D101005,91.88,59,2,0,0.1513665871607145,0.8134760633933369,0.2654678087162656,0,1,1,False,True,False,False,False,False,False,False,True,False,False,False,False,False,True,False,0,4.531308337389636,0.03333333333333333
D102175,90.82,59,2,0,0.1804773891150641,0.3483472966881826,0.3325646398096253,1,1,0,False,False,True,False,False,False,False,True,False,False,False,True,False,False,False,False,1,4.519830138821076,0.03333333333333333
D102936,182.19,59,3,1,0.8108401055326461,0.6662202545885906,0.3451995682990033,1,1,0,False,True,False,False,False,False,True,False,False,False,False,False,True,False,False,False,1,5.210523865597367,0.05
D103864,196.87,59,2,0,0.7800751534071392,0.1756003043852564,0.5070132744901035,1,0,1,False,False,False,False,True,False,False,True,False,False,True,False,False,False,False,False,0,5.287610249404349,0.03333333333333333
D103649,970.06,59,1,1,0.5174943633799896,0.6247728427459179,0.3145771494895436,1,1,0,False,False,False,True,False,True,False,False,False,False,False,False,True,False,False,False,1,6.878388258349324,0.016666666666666666
D100556,594.4,59,1,1,0.5356884118296812,0.5846465003147641,0.5586323474830664,1,1,0,False,True,False,False,False,False,False,True,False,False,False,False,False,False,True,False,0,6.389233448581676,0.016666666666666666
D102465,274.14,59,3,0,0.4785728193343155,0.1211190063788544,0.5891936061433154,1,0,1,False,False,False,True,False,True,False,False,False,True,False,False,False,False,False,False,0,5.61728005903285,0.05
D103730,169.15,59,1,0,0.2293131328745561,0.2721678939493137,0.9168108182983256,1,1,1,False,False,False,False,True,False,False,False,True,False,True,False,False,False,False,False,0,5.136680400946915,0.016666666666666666
D100989,757.21,59,1,0,0.5876537648168388,0.2419344009664629,0.445385997569639,1,1,1,False,False,False,True,False,True,False,False,False,False,True,False,False,False,False,False,0,6.630960392127414,0.016666666666666666
D102616,295.51,59,0,0,0.4322430390237664,0.5927519261255938,0.5640614623880205,0,0,1,False,True,False,False,False,False,True,False,False,True,False,False,False,False,False,False,0,5.6920809446818605,0.0
D101279,244.35,59,3,1,0.8421716737476456,0.7534067150013712,0.4327112573550916,1,1,0,False,False,True,False,False,False,True,False,False,False,False,False,False,False,False,True,0,5.502685762535912,0.05
D102597,587.79,59,3,0,0.5183773728190507,0.6342638112229682,0.830386129676135,0,1,1,False,True,False,False,False,True,False,False,False,True,False,False,False,False,False,False,0,6.378069583574789,0.05
D102599,269.59,59,1,0,0.699711130682925,0.6202316438035226,0.6084645071420656,1,1,1,False,False,False,False,True,False,False,True,False,False,True,False,False,False,False,False,0,5.600604760138834,0.016666666666666666
D103987,126.22,59,1,1,0.7387381916531244,0.5914483671771773,0.4351431481707436,1,0,0,False,False,True,False,False,False,True,False,False,False,False,True,False,False,False,False,1,4.845917871250658,0.016666666666666666
D103976,86.6,59,1,1,0.7631635291830967,0.5555207477570047,0.6801728045920369,0,1,1,True,False,False,False,False,True,False,False,False,False,True,False,False,False,False,False,0,4.472780997942346,0.016666666666666666
D103965,147.45,59,1,1,0.5891500446145895,0.7129798309900708,0.6716846875790922,0,1,1,True,False,False,False,False,False,False,True,False,False,False,True,False,False,False,False,1,5.000248201209769,0.016666666666666666
D103908,438.73,59,2,1,0.8343976300259767,0.7882889868084064,0.3614851903428112,1,1,1,False,False,True,False,False,False,True,False,False,True,False,False,False,False,False,False,0,6.08616090219682,0.03333333333333333
D103960,537.21,58,3,1,0.6097736627442611,0.7694013835840731,0.1794497689749147,1,1,0,False,True,False,False,False,False,False,False,True,True,False,False,False,False,False,False,0,6.288248818573554,0.05084745762711865
D100057,118.66,58,1,0,0.3740089206351823,0.3519456039132721,0.712387172095608,0,0,1,False,False,True,False,False,False,True,False,False,False,False,True,False,False,False,False,1,4.7846543879618855,0.01694915254237288
D101068,279.6,58,4,1,0.4220638069522663,0.853760990921566,0.3719128236475662,1,1,1,True,False,False,False,False,True,False,False,False,False,False,False,True,False,False,False,1,5.6369301676683605,0.06779661016949153
D101829,443.7,58,2,0,0.5207997363171591,0.8361081971663873,0.5942421068851029,1,1,1,False,False,True,False,False,True,False,False,False,False,False,True,False,False,False,False,1,6.097399897516651,0.03389830508474576
D101095,359.83,58,6,0,0.3588683747499717,0.2985776080216896,0.4518781117817554,1,1,0,False,True,False,False,False,False,True,False,False,False,False,False,False,False,True,False,0,5.888406933290577,0.1016949152542373
D102904,255.95,58,4,0,0.1428342232013248,0.6115538439522312,0.3323472574410508,1,0,0,False,True,False,False,False,False,False,True,False,False,False,False,False,False,False,True,0,5.548881513438238,0.06779661016949153
D100018,498.23,58,2,0,0.7521753100885699,0.1239411147653604,0.5387768144001014,0,0,1,False,False,False,True,False,True,False,False,False,False,True,False,False,False,False,False,0,6.213066911403363,0.03389830508474576
D101724,20.19,58,1,0,0.6974203168961444,0.2202778473645079,0.1550336080588429,1,0,0,False,False,True,False,False,False,True,False,False,False,False,False,False,True,False,False,0,3.0535293722802077,0.01694915254237288
D101936,893.52,58,2,0,0.1634635997041057,0.2833709309019123,0.7058897521087191,0,0,1,False,False,True,False,False,False,False,False,True,False,False,False,False,False,True,False,0,6.796287261558517,0.03389830508474576
D100663,1072.71,58,0,0,0.1783390912011546,0.7668050955636542,0.3900089647544587,0,1,0,True,False,False,False,False,False,True,False,False,False,False,False,False,True,False,False,0,6.978875219985245,0.0
D100725,84.77,58,1,1,0.9383692254081908,0.511387483340809,0.3326242481382833,1,1,1,True,False,False,False,False,True,False,False,False,False,True,False,False,False,False,False,0,4.45166929500233,0.01694915254237288
D100719,496.89,58,4,1,0.8028906457091008,0.5352251854706971,0.901367318183318,1,1,1,False,False,False,False,True,True,False,False,False,True,False,False,False,False,False,False,0,6.210379169092156,0.06779661016949153
D102662,129.71,58,2,0,0.7782386375348627,0.3294983611101903,0.4735088706251122,1,0,0,False,True,False,False,False,False,False,True,False,False,False,False,False,True,False,False,0,4.872981128797461,0.03389830508474576
D103226,178.35,58,3,0,0.4519416416334991,0.2749388376588344,0.342402001642505,1,0,0,False,False,True,False,False,False,False,False,True,True,False,False,False,False,False,False,0,5.1893392039782915,0.05084745762711865
D102511,224.57,58,1,1,0.746743271295792,0.4002309317128593,0.5111113916154324,1,1,0,False,True,False,False,False,False,False,True,False,False,False,False,False,True,False,False,0,5.418630532058045,0.01694915254237288
D102474,471.04,58,2,0,0.4875860212981878,0.7034522805807168,0.3133215662573857,1,1,0,False,True,False,False,False,True,False,False,False,False,False,False,True,False,False,False,1,6.157063727757548,0.03389830508474576
D101012,180.6,58,5,1,0.2423220518775485,0.679520607003699,0.6126651193721736,0,0,0,False,False,True,False,False,False,False,False,True,False,True,False,False,False,False,False,0,5.201806466167193,0.0847457627118644
D103422,259.33,58,4,1,0.3733121886306488,0.3972897909255817,0.840044950949357,1,0,1,False,False,True,False,False,True,False,False,False,False,False,False,False,True,False,False,0,5.561950056992292,0.06779661016949153
D101535,233.3,58,6,0,0.454133667699451,0.4272555561456861,0.2478700120239847,1,1,1,False,False,True,False,False,True,False,False,False,True,False,False,False,False,False,False,0,5.45660234551375,0.1016949152542373
D101006,718.48,58,1,1,0.696079532120624,0.0890455500051665,0.851582990620665,0,0,1,False,False,False,False,True,False,False,True,False,False,False,False,False,False,False,True,0,6.57852872885977,0.01694915254237288
D102055,230.3,58,1,1,0.625826870818519,0.4023510466311016,0.3732421220588974,1,0,0,False,False,True,False,False,False,True,False,False,False,False,False,False,False,False,True,0,5.443715569237393,0.01694915254237288
D103690,171.42,58,2,1,0.6093179686674731,0.2118551552461789,0.4257848204101681,1,1,0,True,False,False,False,False,True,False,False,False,False,True,False,False,False,False,False,0,5.1499333607817785,0.03389830508474576
D102602,136.09,58,5,0,0.3716849823006435,0.3227909861311375,0.2447859995611641,0,0,0,False,False,True,False,False,False,True,False,False,False,False,False,True,False,False,False,1,4.920637644447809,0.0847457627118644
D103065,188.72,58,3,1,0.8025400191935503,0.6136112274679395,0.8757458382159085,1,1,1,False,True,False,False,False,True,False,False,False,False,True,False,False,False,False,False,0,5.2455493010093805,0.05084745762711865
D103016,238.13,58,6,0,0.5167726660171194,0.7179964193893029,0.5252197761851816,0,1,1,False,False,False,False,True,False,False,True,False,False,False,False,False,False,False,True,0,5.477007337107941,0.1016949152542373
D102615,423.08,58,3,1,0.7101348670489901,0.2580476787531073,0.6748053120216689,1,0,1,False,False,True,False,False,False,True,False,False,False,False,False,False,False,True,False,0,6.049922116679551,0.05084745762711865
D103855,376.61,58,1,0,0.8085530249975813,0.628466684006372,0.2633014802850101,1,0,0,False,True,False,False,False,False,False,False,True,False,False,False,False,False,True,False,0,5.933861916971523,0.01694915254237288
D100642,599.12,58,1,0,0.1291264569098231,0.4490236761320668,0.3222768596718303,0,1,0,True,False,False,False,False,False,False,True,False,False,False,False,True,False,False,False,1,6.397129635218812,0.01694915254237288
D103589,298.24,58,0,1,0.9386394154384872,0.9401460611043928,0.2067139859885227,1,1,0,False,True,False,False,False,False,False,True,False,False,True,False,False,False,False,False,0,5.701245927004204,0.0
D101469,184.02,58,1,1,0.8598072575459665,0.8726254270770534,0.473291599231576,1,1,0,False,True,False,False,False,False,True,False,False,False,False,False,False,False,True,False,0,5.2204639273431725,0.01694915254237288
D102939,22.29,58,3,0,0.6842352808427247,0.3989058459440913,0.3908236692802115,1,0,0,True,False,False,False,False,False,False,False,True,False,False,False,True,False,False,False,1,3.1480240838962494,0.05084745762711865
D100255,72.9,58,2,1,0.8781564916484665,0.5596217123609417,0.3940486197254338,1,0,0,False,False,False,True,False,False,False,True,False,False,False,False,False,False,False,True,0,4.302712827954156,0.03389830508474576
D102393,128.28,58,1,1,0.4483812236003301,0.7648319682607511,0.1243189095431177,0,1,0,True,False,False,False,False,True,False,False,False,False,False,False,False,False,True,False,0,4.861980594772786,0.01694915254237288
D103561,497.68,58,2,0,0.5515850727644236,0.2697339983456711,0.4598834086808914,1,0,1,False,False,True,False,False,False,True,False,False,False,False,False,True,False,False,False,1,6.211964607476774,0.03389830508474576
D100452,336.04,58,3,0,0.8955979828227946,0.3198904710332571,0.4230486645167794,1,0,1,False,False,True,False,False,True,False,False,False,True,False,False,False,False,False,False,0,5.820201617670761,0.05084745762711865
D100899,142.0,58,1,1,0.9429317929063452,0.5485809312299187,0.7758264403748242,1,0,1,False,False,True,False,False,False,True,False,False,False,False,False,False,False,True,False,0,4.962844630259907,0.01694915254237288
D100991,163.84,58,1,1,0.8678742409846686,0.5290835361110247,0.2826839378743978,1,1,0,False,False,False,True,False,True,False,False,False,True,False,False,False,False,False,False,0,5.1049753064706165,0.01694915254237288
D103331,188.54,58,4,0,0.2154477339846608,0.4044403494092353,0.2325380530049661,0,0,0,False,True,False,False,False,True,False,False,False,False,False,False,False,False,True,False,0,5.244600084042049,0.06779661016949153
D100666,626.43,58,5,0,0.7167566880543291,0.1658774604382848,0.2789314660674909,1,1,0,False,False,False,True,False,False,True,False,False,False,False,False,True,False,False,False,1,6.441632110998492,0.0847457627118644
D102925,87.84,58,1,1,0.9809891715877356,0.4891380069202431,0.9107202352345212,1,1,1,False,False,True,False,False,False,True,False,False,False,False,True,False,False,False,False,1,4.4868369990262265,0.01694915254237288
D101711,374.43,58,2,0,0.649949991885538,0.4166309638240851,0.2008969289109412,1,0,1,False,True,False,False,False,True,False,False,False,True,False,False,False,False,False,False,0,5.928072035716986,0.03389830508474576
D100628,107.44,58,2,1,0.9456411733435964,0.6602925995647749,0.3334416052946946,1,1,1,False,False,True,False,False,False,True,False,False,False,True,False,False,False,False,False,0,4.686197024630465,0.03389830508474576
D103926,715.16,57,5,0,0.4482242615798835,0.4218046980310414,0.3419056382766108,1,1,1,False,False,True,False,False,True,False,False,False,False,True,False,False,False,False,False,0,6.573903605683506,0.08620689655172414
D103936,559.06,57,2,0,0.3834248489305278,0.439471220222368,0.1670486498116402,0,0,0,False,True,False,False,False,False,True,False,False,False,True,False,False,False,False,False,0,6.328043920846952,0.034482758620689655
D100086,420.61,57,3,0,0.3400424193632519,0.5345139851324764,0.4674633983274095,0,0,0,False,False,True,False,False,True,False,False,False,True,False,False,False,False,False,False,0,6.044080716110943,0.05172413793103448
D103268,365.02,57,1,0,0.2573304355138276,0.2183642034682761,0.4463072691550226,1,0,0,False,False,False,False,True,False,True,False,False,False,False,True,False,False,False,False,1,5.902687976717136,0.017241379310344827
D102598,147.92,57,4,1,0.7098811986010247,0.5676097452528467,0.7425064743325777,0,1,1,False,False,False,False,True,True,False,False,False,True,False,False,False,False,False,False,0,5.003409249004516,0.06896551724137931
D102983,174.68,57,1,1,0.8593572464216941,0.5538918695596051,0.706167978235357,1,1,1,False,False,True,False,False,False,False,True,False,False,False,False,True,False,False,False,1,5.168664158321166,0.017241379310344827
D102763,388.89,57,1,1,0.8169705046664634,0.1736519090771695,0.343744646560331,1,0,1,False,True,False,False,False,False,True,False,False,False,False,False,True,False,False,False,1,5.965864648057697,0.017241379310344827
D102415,155.6,57,3,1,0.4755374958094887,0.4988947219760112,0.2104875336030249,0,1,0,True,False,False,False,False,False,False,True,False,False,False,True,False,False,False,False,1,5.053694783556702,0.05172413793103448
D103772,188.97,57,1,0,0.7186463088330751,0.4356633914978944,0.7065881247011715,1,0,1,False,False,True,False,False,False,True,False,False,False,False,False,True,False,False,False,1,5.246866164956958,0.017241379310344827
D103230,4743.21,57,0,0,0.1037084502536678,0.0669307454834083,0.0567168147391155,1,0,0,False,True,False,False,False,False,False,True,False,False,False,False,False,True,False,False,0,8.464680206139652,0.0
D103266,982.06,57,0,1,0.8661701075153798,0.6086406198284396,0.7547465422214854,0,1,1,False,True,False,False,False,False,True,False,False,False,False,False,False,False,True,False,0,6.890670155924323,0.0
D103745,230.6,57,1,0,0.6605655347727062,0.0810891166467244,0.532082714773332,1,0,0,False,False,True,False,False,True,False,False,False,False,True,False,False,False,False,False,0,5.4450117456988405,0.017241379310344827
D100213,473.13,57,1,1,0.7927936062094201,0.2104669093543206,0.3496978164465981,1,0,0,False,False,False,True,False,False,False,True,False,False,False,False,False,False,False,True,0,6.161481545695613,0.017241379310344827
D103483,222.0,57,4,1,0.8881624632333553,0.5039889890677269,0.5565566196462566,0,1,1,False,False,True,False,False,False,True,False,False,False,False,False,False,True,False,False,0,5.407171771460119,0.06896551724137931
D102632,60.19,57,2,0,0.3348226570467884,0.0942063265921312,0.629173668256712,1,0,0,False,False,False,True,False,False,False,False,True,False,False,False,True,False,False,False,1,4.113983777474449,0.034482758620689655
D101042,676.53,57,2,0,0.3195445175347701,0.3024620685519571,0.4360529970836986,1,1,0,False,False,True,False,False,False,False,False,True,False,False,False,True,False,False,False,1,6.51845383221631,0.034482758620689655
D103638,320.21,57,4,0,0.9273717200982636,0.3449169135981957,0.3377476296734716,1,1,0,False,False,False,True,False,False,True,False,False,False,False,True,False,False,False,False,1,5.772095114838288,0.06896551724137931
D102752,1436.81,57,0,0,0.3027659994147786,0.0795945547507962,0.6283821459922107,0,0,1,False,False,False,True,False,False,True,False,False,False,False,False,False,True,False,False,0,7.270876401595831,0.0
D100545,352.67,57,2,1,0.7454817303332655,0.7889557572836342,0.7872812846732766,1,1,1,False,True,False,False,False,False,False,True,False,False,True,False,False,False,False,False,0,5.868364274972146,0.034482758620689655
D101027,134.1,57,1,0,0.9119539310889676,0.8801518822627304,0.7309759112088875,1,1,1,False,True,False,False,False,False,True,False,False,False,False,False,False,True,False,False,0,4.906015244966153,0.017241379310344827
D103283,93.24,57,2,0,0.275386068147795,0.4085107012782403,0.1442283347748889,0,1,0,True,False,False,False,False,True,False,False,False,False,False,True,False,False,False,False,1,4.545844719903276,0.034482758620689655
D101088,179.66,57,1,1,0.865657572220592,0.5507949955869991,0.7180361631444229,1,0,0,False,False,True,False,False,False,False,True,False,False,True,False,False,False,False,False,0,5.1966168117216975,0.017241379310344827
D101063,68.57,57,5,1,0.6288615441189088,0.859268168105247,0.4736681124008472,1,0,0,False,False,True,False,False,True,False,False,False,False,False,True,False,False,False,False,1,4.24233343993555,0.08620689655172414
D103829,165.2,57,3,0,0.8245886727963294,0.0989589972877572,0.2363867736584025,1,1,1,False,False,True,False,False,True,False,False,False,False,False,False,False,False,True,False,0,5.113191882421348,0.05172413793103448
D101909,192.07,57,2,1,0.907421289159245,0.7946524707815977,0.9192064790395228,1,1,1,False,False,False,True,False,False,False,False,True,False,False,False,True,False,False,False,1,5.263052817447726,0.034482758620689655
D100412,128.47,57,4,1,0.3694607164112924,0.3053599219590384,0.0160827236870587,0,0,0,True,False,False,False,False,False,False,True,False,False,False,False,False,True,False,False,0,4.863449194070556,0.06896551724137931
D101795,249.21,57,3,1,0.6902373881135186,0.705687544377236,0.830666509066944,0,1,0,False,True,False,False,False,False,False,True,False,False,False,False,False,False,True,False,0,5.52230056525969,0.05172413793103448
D101441,238.21,57,2,0,0.6781076612107029,0.6255233088134038,0.1841394284291782,1,1,0,True,False,False,False,False,False,False,False,True,False,False,True,False,False,False,False,1,5.477341827222697,0.034482758620689655
D103619,357.38,57,5,1,0.655793035067071,0.2277108216971503,0.5633430805791886,1,0,1,False,False,False,False,True,False,False,False,True,False,False,False,True,False,False,False,1,5.8815938759722695,0.08620689655172414
D102859,234.41,57,6,1,0.80712562326606,0.3272155655632422,0.3329838085815167,1,0,0,False,False,True,False,False,False,False,True,False,False,False,False,False,False,False,True,0,5.461328674807492,0.10344827586206896
D100622,554.31,57,2,0,0.7334615425632476,0.0239948443666573,0.7933317356365475,0,0,0,False,False,False,False,True,False,True,False,False,False,False,False,True,False,False,False,1,6.3195265163692245,0.034482758620689655
D101761,391.74,57,1,1,0.6944880440524281,0.5000877621149821,0.6014548909392732,1,1,1,False,True,False,False,False,True,False,False,False,False,True,False,False,False,False,False,0,5.9731478153220845,0.017241379310344827
D101714,444.23,57,2,0,0.6428487428583608,0.7247110470945568,0.6473983678789691,0,1,0,False,True,False,False,False,False,True,False,False,False,False,False,False,True,False,False,0,6.098591002575836,0.034482758620689655
D103367,143.9,57,3,1,0.739814326701175,0.8182930399413856,0.4726301928311752,1,1,0,False,False,True,False,False,True,False,False,False,False,False,False,False,True,False,False,0,4.976043849326636,0.05172413793103448
D102769,171.05,57,3,0,0.8283506401651168,0.2770035245342717,0.4303661569145683,1,0,0,False,False,False,False,True,False,True,False,False,False,False,False,False,True,False,False,0,5.14778513224349,0.05172413793103448
D102799,179.58,57,3,0,0.428426555750506,0.1063053157110431,0.2914923817152315,0,0,0,False,False,False,True,False,True,False,False,False,False,False,False,True,False,False,False,1,5.196173892879333,0.05172413793103448
D103072,1041.76,57,1,1,0.6865297359198275,0.3913836421186727,0.6548512126079151,0,0,0,False,False,False,True,False,False,True,False,False,False,False,False,False,False,False,True,0,6.949626323057443,0.017241379310344827
D100857,340.77,57,2,0,0.5433914067544111,0.5197757059280688,0.6910262174441414,1,1,0,False,False,False,True,False,False,False,False,True,False,True,False,False,False,False,False,0,5.834137996203326,0.034482758620689655
D102911,140.51,57,3,0,0.3875310978546392,0.5967022895452715,0.0853378467623926,0,1,0,True,False,False,False,False,True,False,False,False,False,True,False,False,False,False,False,0,4.95237038596428,0.05172413793103448
D101561,562.35,57,4,0,0.7431437125451923,0.304455570553037,0.2753785054244369,0,0,0,False,False,True,False,False,True,False,False,False,False,False,False,False,False,False,True,0,6.333901104610175,0.06896551724137931
D100506,210.95,57,2,1,0.7734023369714734,0.5376247355041726,0.4431438080581146,1,1,1,False,True,False,False,False,False,True,False,False,False,False,False,False,False,True,False,0,5.356350397798646,0.034482758620689655
D100621,887.43,57,2,0,0.1745498488760524,0.1623359094466609,0.5407732501969226,0,0,1,False,False,True,False,False,False,False,False,True,False,False,False,True,False,False,False,1,6.789455860022842,0.034482758620689655
D100366,348.75,57,1,1,0.6466741098425891,0.4972075209790895,0.8783781996823237,1,1,1,False,False,False,True,False,True,False,False,False,False,False,False,False,False,False,True,0,5.857218613545591,0.017241379310344827
D101275,3628.65,57,2,0,0.0255450610331601,0.1218330553571557,0.0776049490840305,0,0,0,False,True,False,False,False,False,True,False,False,False,False,True,False,False,False,False,1,8.196891503877529,0.034482758620689655
D102182,297.95,57,1,1,0.9014083549821396,0.16232125786947,0.5505817685979134,1,0,1,False,False,False,True,False,True,False,False,False,False,False,False,False,False,False,True,0,5.7002763353269135,0.017241379310344827
D100866,197.69,57,4,0,0.5373267498211236,0.6705804321157542,0.7487121074656659,0,1,1,False,False,False,True,False,True,False,False,False,False,False,False,False,False,False,True,0,5.291745821164998,0.06896551724137931
D100459,208.25,57,3,0,0.2237133412381413,0.5013743889184397,0.6109738869896423,0,1,0,False,False,True,False,False,True,False,False,False,False,False,False,True,False,False,False,1,5.343529709369585,0.05172413793103448
D103983,158.9,57,2,0,0.8078657129191701,0.956603250573514,0.3796693337952564,1,1,0,False,True,False,False,False,False,False,False,True,False,False,False,False,False,False,True,0,5.074548619839908,0.034482758620689655
D103889,109.01,57,4,0,0.5143961418810757,0.5770314148003415,0.7553250172981949,1,1,1,False,True,False,False,False,False,False,False,True,False,False,False,False,True,False,False,0,4.700571270751344,0.06896551724137931
D102258,447.13,57,2,1,0.1636613320487412,0.9700689473721668,0.3678853793747354,0,1,0,True,False,False,False,False,False,False,True,False,False,False,False,False,True,False,False,0,6.105083368892755,0.034482758620689655
D100975,190.47,57,2,0,0.8763038368734342,0.3476207770489272,0.5034656840977477,1,0,1,False,False,True,False,False,False,True,False,False,False,False,False,False,True,False,False,0,5.254731138385114,0.034482758620689655
D103116,254.09,57,3,0,0.2371719249284203,0.4529507735828868,0.4772493214424948,0,0,1,False,True,False,False,False,False,True,False,False,False,False,True,False,False,False,False,1,5.541616424065811,0.05172413793103448
D103898,78.69,57,2,0,0.4528288544917235,0.8640574123067214,0.1125295845316689,1,1,0,True,False,False,False,False,False,True,False,False,True,False,False,False,False,False,False,0,4.378144107409657,0.034482758620689655
D101021,633.3,57,2,0,0.5188464182388234,0.1615085191338996,0.6624298798700536,0,0,1,False,False,False,True,False,False,False,True,False,True,False,False,False,False,False,False,0,6.4525220286398515,0.034482758620689655
D100950,152.0,57,1,1,0.8843254572367583,0.257367149044468,0.8658992067878656,1,0,1,False,False,True,False,False,False,True,False,False,False,False,False,False,False,True,False,0,5.030437921392435,0.017241379310344827
D103871,334.29,56,2,0,0.5509526382946823,0.577424387715267,0.7084362857827716,0,1,1,False,True,False,False,False,False,True,False,False,False,False,False,False,False,True,False,0,5.814995828989263,0.03508771929824561
D101854,143.15,56,2,0,0.6973438648173611,0.4236506916009542,0.8387684100202902,0,0,1,False,False,False,True,False,False,True,False,False,False,False,False,False,True,False,False,0,4.970854424084411,0.03508771929824561
D100105,1153.49,56,2,1,0.3503969108769319,0.6380201814502783,0.6193687577046172,0,1,1,False,False,True,False,False,False,True,False,False,True,False,False,False,False,False,False,0,7.0514139669987,0.03508771929824561
D101832,487.42,56,8,0,0.3658238109852195,0.1708680060614072,0.4224287531248143,0,0,0,False,False,True,False,False,False,True,False,False,False,False,False,False,False,False,True,0,6.19117569143907,0.14035087719298245
D102577,147.78,56,1,0,0.3932802947199885,0.0562495979176611,0.5320519078101772,0,0,1,False,False,False,True,False,True,False,False,False,False,False,False,True,False,False,False,1,5.002468704763196,0.017543859649122806
D103693,64.46,56,4,0,0.6805183619018894,0.4327954839888154,0.5352538036732624,0,0,1,False,False,True,False,False,True,False,False,False,True,False,False,False,False,False,False,0,4.181439269073034,0.07017543859649122
D100786,219.44,56,5,0,0.5323426426957452,0.3291707453457513,0.641959463993848,0,0,0,False,False,False,True,False,False,True,False,False,False,False,False,True,False,False,False,1,5.395625549015034,0.08771929824561403
D100173,530.89,56,5,0,0.0711788483418954,0.0667054206770767,0.1844454260806146,0,0,0,False,False,False,False,True,True,False,False,False,False,False,False,False,True,False,False,0,6.276436701045125,0.08771929824561403
D102521,193.24,56,1,0,0.8690589905989697,0.2586855292048642,0.9449714593292468,1,0,1,False,False,True,False,False,True,False,False,False,False,False,False,False,True,False,False,0,5.2690945078711335,0.017543859649122806
D103021,294.33,56,1,0,0.7589776463493703,0.6548717183341688,0.5755255313016155,1,1,1,False,False,False,True,False,True,False,False,False,False,False,False,True,False,False,False,1,5.688093375191561,0.017543859649122806
D102457,179.15,56,0,0,0.2257926836531773,0.7490725371941145,0.3405532456530181,1,0,0,True,False,False,False,False,False,False,True,False,False,True,False,False,False,False,False,0,5.193789837194102,0.0
D102485,242.5,56,2,1,0.7607587529140554,0.7278715698704616,0.3209548247243205,0,1,0,False,True,False,False,False,False,False,True,False,False,True,False,False,False,False,False,0,5.495116942522644,0.03508771929824561
D101664,59.89,56,4,0,0.5527014339070274,0.2588622828111964,0.350232411373464,0,1,0,False,False,False,False,True,False,True,False,False,False,False,False,False,True,False,False,0,4.109068957620483,0.07017543859649122
D103421,686.82,56,4,1,0.709657029894085,0.1816388034479683,0.4631681805177202,1,0,1,False,True,False,False,False,True,False,False,False,False,False,False,False,False,True,False,0,6.5335271757958155,0.07017543859649122
D102071,69.28,56,2,1,0.77713905280225,0.7697269904974601,0.7805383765885557,1,1,1,False,True,False,False,False,False,True,False,False,False,False,False,False,True,False,False,0,4.252487263318897,0.03508771929824561
D103780,308.24,56,2,0,0.7516699441360781,0.6944067886164063,0.076170456733487,1,0,0,True,False,False,False,False,True,False,False,False,False,True,False,False,False,False,False,0,5.734117674452274,0.03508771929824561
D103306,103.83,56,2,0,0.656640072575214,0.5433164696970306,0.496885583929699,0,0,1,True,False,False,False,False,False,True,False,False,True,False,False,False,False,False,False,0,4.6523399904644815,0.03508771929824561
D102807,87.21,56,5,0,0.0725233594014789,0.0192798934187338,0.6125332000423156,0,0,1,False,False,False,True,False,True,False,False,False,False,False,True,False,False,False,False,1,4.479720335270676,0.08771929824561403
D102916,312.87,56,3,0,0.6701287733882899,0.5684892235043819,0.4195766523347722,0,1,0,False,True,False,False,False,False,False,False,True,False,False,False,False,False,True,False,0,5.748978887442464,0.05263157894736842
D101334,497.58,56,5,1,0.4063493521647183,0.7390986610051343,0.8897505745901694,0,1,1,False,False,False,False,True,False,False,True,False,False,False,False,False,False,True,False,0,6.2117640579704565,0.08771929824561403
D100189,510.78,56,3,1,0.7590194677499058,0.7104481565284427,0.1899010362761931,1,1,0,False,True,False,False,False,False,False,False,True,False,False,False,False,True,False,False,0,6.23789484519738,0.05263157894736842
D100182,1898.62,56,1,1,0.3109311350439194,0.2598480581370574,0.6516741524767284,0,1,1,False,False,True,False,False,False,False,False,True,False,False,True,False,False,False,False,1,7.549409145151865,0.017543859649122806
D100489,161.1,56,5,1,0.6495105596472517,0.9238731649177088,0.6554174241184703,1,1,0,False,False,True,False,False,False,True,False,False,False,False,False,False,False,True,False,0,5.08821342874163,0.08771929824561403
D102209,88.65,56,2,1,0.7646657635794825,0.4308159183899948,0.3566169930164281,0,0,0,True,False,False,False,False,False,False,True,False,False,True,False,False,False,False,False,0,4.495913200051142,0.03508771929824561
D100149,465.04,56,4,0,0.0601830402458875,0.6253800784931834,0.2120192337942547,0,0,0,True,False,False,False,False,False,True,False,False,False,False,True,False,False,False,False,1,6.14427146735174,0.07017543859649122
D102158,436.85,56,0,0,0.8855301411576578,0.8681127739236851,0.1434241447063216,1,1,0,False,True,False,False,False,False,True,False,False,False,False,False,False,False,True,False,0,6.081876385968234,0.0
D100937,534.51,56,2,0,0.2020803283303321,0.6472201546118745,0.1471414170522725,0,0,0,True,False,False,False,False,False,True,False,False,False,False,True,False,False,False,False,1,6.283219563849765,0.03508771929824561
D102293,115.79,56,1,1,0.5462574897124751,0.2213617322777767,0.7281174008871777,0,0,1,False,True,False,False,False,False,False,False,True,False,False,False,False,False,True,False,0,4.760377450290474,0.017543859649122806
D103881,177.81,56,3,0,0.8421127685035631,0.0569395002669691,0.929566443940418,1,0,1,False,False,False,False,True,True,False,False,False,False,False,False,False,False,True,False,0,5.186323789587112,0.05263157894736842
D102839,443.46,56,0,1,0.2834486222186966,0.706871106603536,0.2563501673342178,0,0,0,True,False,False,False,False,False,True,False,False,False,False,False,True,False,False,False,1,6.096860062153323,0.0
D101755,316.58,56,3,0,0.7466176223747552,0.2903533918758923,0.3319272124529516,1,1,0,False,False,True,False,False,False,False,False,True,False,False,True,False,False,False,False,1,5.760729755097951,0.05263157894736842
D100110,183.3,56,0,0,0.6920583332156723,0.1193838658684659,0.6444250286787494,0,0,0,False,False,True,False,False,True,False,False,False,True,False,False,False,False,False,False,0,5.216564864675778,0.0
D102801,943.73,56,4,1,0.7382884344747361,0.4605600871097268,0.5004213938588941,1,1,0,False,False,True,False,False,False,True,False,False,False,False,False,False,True,False,False,0,6.850899172383926,0.07017543859649122
D102923,294.44,56,0,0,0.7262714929379873,0.4768478408979729,0.3734837046673362,0,0,0,False,False,True,False,False,False,False,False,True,False,True,False,False,False,False,False,0,5.688465770544307,0.0
D102935,231.9,56,2,0,0.8406576037300867,0.3721035518441709,0.5193307471270264,1,0,1,False,False,True,False,False,False,False,True,False,False,False,False,False,False,True,False,0,5.450609176890295,0.03508771929824561
D102901,172.23,56,2,0,0.6182176516621488,0.5713992597166423,0.3176675670645365,1,0,1,False,False,False,False,True,False,True,False,False,False,False,True,False,False,False,False,1,5.154620191290849,0.03508771929824561
D103604,320.82,55,3,0,0.671934712542492,0.5012804689615741,0.7986713675681639,1,1,1,False,False,False,False,True,True,False,False,False,False,False,True,False,False,False,False,1,5.773992383031004,0.05357142857142857
D103706,60.92,55,4,0,0.5416705628988451,0.6872319179799993,0.4778575317611648,0,1,1,False,True,False,False,False,False,False,True,False,False,True,False,False,False,False,False,0,4.125843229281472,0.07142857142857142
D101646,209.42,55,3,0,0.6521801029731572,0.4726529886885257,0.5708987045935445,1,0,1,False,True,False,False,False,True,False,False,False,True,False,False,False,False,False,False,0,5.349105533380142,0.05357142857142857
D101715,53.63,55,4,0,0.6545205198311924,0.7820656744682051,0.3675927604116541,1,1,1,False,False,False,True,False,False,False,True,False,False,False,False,False,True,False,False,0,4.000583182407627,0.07142857142857142
D101369,160.17,55,2,1,0.4289214114718999,0.5047415625965063,0.1265683311448242,1,0,0,False,True,False,False,False,False,True,False,False,False,True,False,False,False,False,False,0,5.082459708534627,0.03571428571428571
D100598,480.39,55,4,0,0.7901931785003468,0.0498538833483134,0.6111476321220347,1,0,0,False,False,False,False,True,False,True,False,False,False,False,True,False,False,False,False,1,6.176677752387058,0.07142857142857142
D102731,460.08,55,4,0,0.1569203477472547,0.4443243082698683,0.3227113967366354,0,1,1,False,True,False,False,False,False,True,False,False,False,False,True,False,False,False,False,1,6.133571563732811,0.07142857142857142
D100690,708.02,55,3,0,0.858014256620817,0.7729471552176315,0.2002892523361018,1,0,0,False,True,False,False,False,False,False,True,False,True,False,False,False,False,False,False,0,6.56388373487898,0.05357142857142857
D101621,236.58,55,0,1,0.4825913886131279,0.2688085790370213,0.1966957268560696,1,1,0,False,False,True,False,False,True,False,False,False,False,False,True,False,False,False,False,1,5.470504408861394,0.0
D103376,60.01,55,1,0,0.4806318078346439,0.9020005318103244,0.3445869991120625,0,1,0,True,False,False,False,False,False,False,False,True,False,False,False,False,True,False,False,0,4.111037785163761,0.017857142857142856
D103954,97.34,55,3,1,0.9457248786519632,0.8699517313712104,0.248240696932299,1,0,0,True,False,False,False,False,False,True,False,False,False,True,False,False,False,False,False,0,4.5884308619837935,0.05357142857142857
D101160,133.05,55,1,0,0.5589572345936293,0.6594089990456818,0.4100366661064471,0,1,0,True,False,False,False,False,False,False,True,False,True,False,False,False,False,False,False,0,4.898212864681969,0.017857142857142856
D103511,78.46,55,1,0,0.9031977677998936,0.1443665668389069,0.1782155916644642,0,0,0,False,False,True,False,False,True,False,False,False,False,False,False,False,True,False,False,0,4.375253750386452,0.017857142857142856
D100953,418.12,55,2,0,0.5769885408612553,0.8546868256435708,0.6377304644526675,1,1,0,False,True,False,False,False,False,True,False,False,False,True,False,False,False,False,False,0,6.038157275099964,0.03571428571428571
D102176,93.16,55,3,1,0.5306672416920486,0.7230635162799006,0.8645248625740746,1,1,1,False,True,False,False,False,False,False,True,False,False,False,True,False,False,False,False,1,4.544995462952021,0.05357142857142857
D102160,86.69,55,0,0,0.4794087619644191,0.5914996714660268,0.3476298304449809,1,0,0,False,True,False,False,False,False,False,True,False,False,False,False,False,False,False,True,0,4.4738078677912645,0.0
D103768,203.48,55,2,1,0.6177585196420738,0.2626473619251682,0.6303932244871603,1,1,0,False,False,True,False,False,True,False,False,False,False,False,False,True,False,False,False,1,5.32047017118917,0.03571428571428571
D103724,173.58,55,2,0,0.393663796757116,0.2649370247131202,0.4023317707991433,0,0,0,False,False,False,True,False,False,True,False,False,False,True,False,False,False,False,False,0,5.162383089307204,0.03571428571428571
D103731,303.59,55,2,0,0.320316301090929,0.2187218340165756,0.5752691832251987,0,0,1,False,False,False,True,False,True,False,False,False,True,False,False,False,False,False,False,0,5.718966609981241,0.03571428571428571
D102343,467.09,55,0,0,0.5062842423437299,0.4861689464700633,0.720400126054105,0,1,1,False,True,False,False,False,False,False,True,False,False,False,False,False,False,False,True,0,6.148660585121201,0.0
D100837,307.11,55,0,0,0.3232607418820273,0.0401132663825587,0.946843364471724,0,0,1,False,False,False,False,True,False,True,False,False,False,False,True,False,False,False,False,1,5.730456862070388,0.0
D102622,188.4,55,1,1,0.9544837363884374,0.9599362298835205,0.3678070197383948,1,1,1,False,True,False,False,False,False,True,False,False,False,False,True,False,False,False,False,1,5.243861180751978,0.017857142857142856
D101050,423.27,55,1,0,0.1813607925285611,0.5483495433208089,0.5702594079717591,0,1,0,False,False,True,False,False,False,False,True,False,False,False,False,True,False,False,False,1,6.050370045018507,0.017857142857142856
D101024,1162.45,55,1,0,0.2144176377209127,0.0742066421249423,0.2061911924893155,0,0,0,False,False,True,False,False,False,False,True,False,True,False,False,False,False,False,False,0,7.0591450080329565,0.017857142857142856
D102033,64.38,55,5,0,0.5038497193171273,0.362292809678835,0.555905669268559,1,0,1,False,True,False,False,False,False,False,True,False,False,True,False,False,False,False,False,0,4.1802164012960645,0.08928571428571429
D103294,396.94,55,2,0,0.6960489193964844,0.5199353251524966,0.6746037838016258,1,1,1,False,False,True,False,False,False,False,False,True,False,True,False,False,False,False,False,0,5.986301240151102,0.03571428571428571
D101216,154.56,55,2,1,0.7885401334567556,0.712432040528632,0.0557481174481483,1,0,0,False,True,False,False,False,True,False,False,False,False,False,False,False,False,True,False,0,5.047031509287547,0.03571428571428571
D100260,224.82,55,2,1,0.2803802636199242,0.6823013639759984,0.8135799386084999,0,1,0,True,False,False,False,False,False,False,False,True,False,False,False,False,False,True,False,0,5.419738221752376,0.03571428571428571
D103273,331.72,55,4,0,0.4676716451158489,0.3794841485244482,0.3435875162784852,1,0,1,False,False,True,False,False,True,False,False,False,False,False,False,True,False,False,False,1,5.807301295434656,0.07142857142857142
D103215,335.73,55,4,1,0.2869850915870052,0.3929418797254652,0.5591096225426574,0,0,0,False,False,False,True,False,False,True,False,False,False,False,False,False,True,False,False,0,5.819281422286951,0.07142857142857142
D102463,1649.67,55,4,0,0.2296650074581961,0.2832579948183693,0.4428398097753655,1,0,1,False,False,True,False,False,True,False,False,False,True,False,False,False,False,False,False,0,7.40893654508039,0.07142857142857142
D100828,121.14,55,3,0,0.6815281850117227,0.683705754849951,0.1642493451971081,1,1,0,False,False,False,True,False,False,False,True,False,False,False,False,False,True,False,False,0,4.805167927794988,0.05357142857142857
D103676,668.46,55,3,0,0.289001918910611,0.5032745853153171,0.4155948954700789,0,1,0,False,True,False,False,False,True,False,False,False,False,False,False,False,False,True,False,0,6.506471417267195,0.05357142857142857
D102129,399.19,55,3,1,0.5556002313787909,0.6620770736906056,0.4344435155713949,1,0,1,True,False,False,False,False,True,False,False,False,False,False,False,False,False,True,False,0,5.991939434331194,0.05357142857142857
D100015,445.52,54,2,1,0.9209361001044982,0.6194500915530178,0.3334372845725871,1,1,0,False,True,False,False,False,True,False,False,False,False,False,False,False,False,False,True,0,6.101484192146532,0.03636363636363636
D100053,817.48,54,1,0,0.7698320869993046,0.5302584479915035,0.5079346634695695,0,0,1,False,False,True,False,False,False,False,True,False,False,False,False,False,False,False,True,0,6.707448961570685,0.01818181818181818
D100085,131.46,54,1,0,0.7287756503796888,0.9230060834636596,0.5241993903032286,1,1,1,True,False,False,False,False,False,True,False,False,False,False,False,False,False,False,True,0,4.886280713056833,0.01818181818181818
D100013,184.1,54,0,0,0.8550790686343992,0.8201190394022007,0.2262295838747881,1,0,1,False,False,False,True,False,False,True,False,False,False,False,False,False,False,False,True,0,5.220896219579452,0.0
D103198,356.6,54,4,1,0.8680913355185459,0.882685787734479,0.3489708009483663,1,1,0,False,True,False,False,False,False,True,False,False,False,False,False,True,False,False,False,1,5.8794150432993595,0.07272727272727272
D103765,141.87,54,2,0,0.7282230140045364,0.1990901194801147,0.4810156086778513,1,1,1,False,False,False,True,False,True,False,False,False,False,False,False,False,False,False,True,0,4.9619351258770665,0.03636363636363636
D102171,66.4,54,3,1,0.5305596885336242,0.7153615175957767,0.5889904671270246,0,1,1,False,True,False,False,False,False,False,True,False,False,True,False,False,False,False,False,0,4.210645017918261,0.05454545454545454
D102345,146.31,54,1,0,0.3354267020970966,0.7723342934254289,0.5258708585395568,0,0,1,True,False,False,False,False,False,True,False,False,False,True,False,False,False,False,False,0,4.992539209826847,0.01818181818181818
D100897,74.03,54,5,0,0.2596141372991785,0.5638431361249702,0.3165216256789996,0,0,0,False,True,False,False,False,False,True,False,False,True,False,False,False,False,False,False,0,4.3178880335576375,0.09090909090909091
D102314,249.25,54,1,1,0.7619381735136643,0.7023857726125495,0.7269119269092932,1,1,1,False,True,False,False,False,True,False,False,False,False,False,False,False,False,False,True,0,5.52246041819533,0.01818181818181818
D102368,477.83,54,4,0,0.4813529178623456,0.8326545394692203,0.8944599399171546,0,0,0,False,True,False,False,False,False,False,False,True,True,False,False,False,False,False,False,0,6.171345628362577,0.07272727272727272
D102036,736.69,54,3,0,0.8112047432079539,0.2171287790744996,0.5582452371272314,1,0,0,False,False,False,False,True,False,True,False,False,True,False,False,False,False,False,False,0,6.603523682152452,0.05454545454545454
D103253,298.59,54,4,0,0.3873080390151696,0.3338478718333876,0.3802362982362066,0,0,0,False,False,True,False,False,False,False,True,False,True,False,False,False,False,False,False,0,5.7024148732488955,0.07272727272727272
D103245,276.24,54,1,0,0.5580823757169507,0.2832835576365966,0.6629722198641176,0,1,1,False,False,True,False,False,False,False,True,False,False,False,True,False,False,False,False,1,5.624883557049784,0.01818181818181818
D103232,70.67,54,3,1,0.8396363735003736,0.3492235099127572,0.4319945930232719,1,1,0,False,False,True,False,False,True,False,False,False,True,False,False,False,False,False,False,0,4.272072250005828,0.05454545454545454
D102037,47.42,54,3,0,0.1651959176399605,0.6108157871837465,0.2033109167947145,0,0,0,True,False,False,False,False,True,False,False,False,False,False,False,False,True,False,False,0,3.8799129515099127,0.05454545454545454
D102076,26.29,54,6,0,0.3228246419383759,0.1307704942350407,0.5135331014986753,0,1,0,False,False,False,False,True,True,False,False,False,False,False,False,False,False,False,True,0,3.306520334720247,0.10909090909090909
D102051,748.05,54,2,0,0.7548146672836418,0.7285091537412571,0.2397788041331117,1,0,0,True,False,False,False,False,True,False,False,False,False,False,False,True,False,False,False,1,6.618805736963391,0.03636363636363636
D102790,182.61,54,1,0,0.8690006481662474,0.4088801022787026,0.516488021781227,1,0,1,False,False,False,True,False,False,True,False,False,True,False,False,False,False,False,False,0,5.212813942934096,0.01818181818181818
D102607,66.02,54,2,0,0.4163198787509415,0.5612159472848272,0.731065629196606,0,0,1,False,True,False,False,False,False,True,False,False,False,False,False,False,True,False,False,0,4.2049910823091645,0.03636363636363636
D103073,147.89,54,2,0,0.5179507320617326,0.4468504498359385,0.72050778285775,1,0,1,False,False,True,False,False,False,False,False,True,True,False,False,False,False,False,False,0,5.003207778267459,0.03636363636363636
D101506,832.81,54,2,1,0.6300184851827559,0.7410237722487131,0.841609953960008,0,1,1,False,False,False,True,False,False,True,False,False,True,False,False,False,False,False,False,0,6.726005558658539,0.03636363636363636
D100310,1149.63,54,1,0,0.3235246230542416,0.4250595591569998,0.3075734348020744,0,1,1,False,False,True,False,False,True,False,False,False,True,False,False,False,False,False,False,0,7.048064897442322,0.01818181818181818
D100328,294.1,54,0,0,0.4798234190820636,0.5429160364168206,0.4505870091927879,0,1,0,False,False,True,False,False,True,False,False,False,False,True,False,False,False,False,False,0,5.687314281948894,0.0
D101159,545.56,54,3,0,0.3122196586269342,0.0831257553080164,0.2098590480585166,0,1,0,False,False,False,True,False,False,False,True,False,False,True,False,False,False,False,False,0,6.30364409116015,0.05454545454545454
D103164,176.04,54,5,0,0.7582539183390832,0.5021065746813976,0.3192438407085209,1,0,1,False,False,True,False,False,False,False,True,False,False,False,True,False,False,False,False,1,5.176375695742794,0.09090909090909091
D101552,404.36,54,3,0,0.5358831703859895,0.4647230124974127,0.3349190317435989,1,0,0,False,True,False,False,False,False,False,True,False,False,False,False,True,False,False,False,1,6.004775561167654,0.05454545454545454
D103500,20.25,54,1,1,0.9578846732085136,0.6308979463126642,0.3956554982243798,1,0,1,False,True,False,False,False,True,False,False,False,False,True,False,False,False,False,False,0,3.056356895370426,0.01818181818181818
D101212,285.46,54,5,0,0.650997338995233,0.3985837339110756,0.201422810890655,1,1,0,False,False,True,False,False,False,True,False,False,False,False,False,False,True,False,False,0,5.657598910351719,0.09090909090909091
D103387,312.08,54,3,0,0.8403242247840124,0.5477615381932555,0.5500758248917124,1,1,1,False,False,False,False,True,False,True,False,False,False,True,False,False,False,False,False,0,5.746458748936638,0.05454545454545454
D101391,349.88,54,4,0,0.4258245926377556,0.413035817660909,0.1678965757753449,1,1,0,False,False,False,True,False,True,False,False,False,False,False,False,True,False,False,False,1,5.860444284669578,0.07272727272727272
D102764,84.32,54,5,0,0.3335256477385618,0.1323933120414653,0.0237669963817021,1,0,0,True,False,False,False,False,False,True,False,False,False,False,False,False,True,False,False,0,4.44640889360315,0.09090909090909091
D101657,386.92,54,3,1,0.621195235331375,0.3224948760867192,0.5180066809440131,1,1,1,False,False,False,True,False,False,False,False,True,False,False,False,True,False,False,False,1,5.960799132797097,0.05454545454545454
D102948,98.86,54,2,0,0.1660323482997579,0.1717053224809821,0.7997833261567051,0,0,1,False,False,False,False,True,False,False,False,True,False,True,False,False,False,False,False,0,4.603769205072463,0.03636363636363636
D101140,244.03,54,3,0,0.5416353539510623,0.4349280700514965,0.4608310251620199,1,0,0,False,True,False,False,False,False,True,False,False,False,False,False,True,False,False,False,1,5.501380652028055,0.05454545454545454
D102455,252.46,54,4,0,0.4685011438529479,0.601639603547287,0.4745890805879337,0,1,1,False,False,True,False,False,False,False,True,False,False,True,False,False,False,False,False,0,5.535206019653918,0.07272727272727272
D100810,316.92,54,3,0,0.3355535483461019,0.7416355637587788,0.035633208740193,1,0,0,True,False,False,False,False,True,False,False,False,False,False,False,False,False,False,True,0,5.761799778803507,0.05454545454545454
D103399,47.79,54,1,0,0.3186044064862293,0.5915320581269425,0.1700561484966645,1,1,0,False,False,True,False,False,False,False,False,True,False,False,True,False,False,False,False,1,3.8875253738277458,0.01818181818181818
D100302,252.34,54,3,1,0.7444364314439893,0.6339553038144669,0.5864583392047102,1,1,1,False,False,True,False,False,False,False,True,False,False,False,False,False,False,False,True,0,5.534732460055486,0.05454545454545454
D101098,55.35,54,5,0,0.8709085637520062,0.5250598512574305,0.3108549996133458,1,0,1,False,False,False,True,False,False,True,False,False,False,False,False,False,False,True,False,0,4.031582240485785,0.09090909090909091
D101883,250.97,54,0,1,0.6876227866348504,0.943830529282245,0.4422432522238663,1,1,1,False,False,False,True,False,False,True,False,False,False,False,False,False,False,True,False,0,5.529310032805645,0.0
D102700,428.92,54,3,1,0.437690205150719,0.5645970634437061,0.4612574134993836,0,0,0,False,False,True,False,False,False,False,True,False,True,False,False,False,False,False,False,0,6.063599144867181,0.05454545454545454
D102776,192.21,54,4,0,0.3391915594938362,0.472428290608633,0.2736398550264848,0,0,1,False,False,True,False,False,False,False,True,False,False,True,False,False,False,False,False,0,5.263777680273292,0.07272727272727272
D102645,218.44,54,2,0,0.1849109284519033,0.1789114307062632,0.510711737538548,0,0,0,False,False,False,True,False,True,False,False,False,False,False,False,False,False,False,True,0,5.391078846629348,0.03636363636363636
D100263,422.57,54,1,0,0.0778861442349299,0.620194676263911,0.0809218180787993,0,0,0,True,False,False,False,False,True,False,False,False,False,False,True,False,False,False,False,1,6.048718789689543,0.01818181818181818
D103305,168.35,54,2,0,0.6960845182902319,0.7973911513222262,0.1381130254413243,1,1,0,True,False,False,False,False,False,True,False,False,False,False,False,False,False,False,True,0,5.13196757926378,0.03636363636363636
D101840,126.17,54,7,0,0.089548425404857,0.8467148956246353,0.2834365817518316,1,1,0,True,False,False,False,False,True,False,False,False,False,False,False,False,True,False,False,0,4.845524774032656,0.12727272727272726
D101927,41.23,54,3,0,0.5635556315858866,0.3800592317156981,0.2731377221685739,1,0,1,False,False,True,False,False,False,False,True,False,True,False,False,False,False,False,False,0,3.743130868945852,0.05454545454545454
D102954,984.16,54,2,0,0.9715333911494076,0.7153406289629518,0.7002043324814805,1,0,0,False,False,True,False,False,False,True,False,False,False,False,False,False,True,False,False,0,6.892804064528924,0.03636363636363636
D100785,125.36,54,3,1,0.3700250306460463,0.8936341826062545,0.2612402568829187,1,1,1,False,True,False,False,False,False,False,False,True,True,False,False,False,False,False,False,0,4.839134975933884,0.05454545454545454
D100223,122.75,54,3,1,0.412844198702489,0.4906879842120407,0.889973931901297,1,1,1,False,False,False,False,True,True,False,False,False,False,False,False,False,False,False,True,0,4.8182634014487995,0.05454545454545454
D101039,336.65,54,1,1,0.6057935916029596,0.8855037984777981,0.3390642074494213,0,1,0,True,False,False,False,False,True,False,False,False,True,False,False,False,False,False,False,0,5.822009856020851,0.01818181818181818
D102513,435.64,54,3,1,0.2603656724189028,0.9305029404958066,0.1771154386327101,0,1,0,True,False,False,False,False,False,True,False,False,False,False,True,False,False,False,False,1,6.079109056960029,0.05454545454545454
D103600,124.73,53,0,1,0.6579221462631566,0.8227204953400238,0.6438898005628709,1,0,1,False,True,False,False,False,True,False,False,False,False,False,True,False,False,False,False,1,4.83413675060509,0.0
D103605,282.16,53,2,0,0.7575023511860164,0.5634678036649693,0.562132494482941,0,1,0,True,False,False,False,False,False,True,False,False,False,False,False,False,True,False,False,0,5.646012108905989,0.037037037037037035
D101387,912.02,53,0,1,0.5418345273996694,0.5935892552531659,0.504492051787441,0,0,1,False,True,False,False,False,False,False,True,False,False,False,False,False,False,False,True,0,6.816757786160078,0.0
D102885,127.61,53,1,1,0.452043026432571,0.8277857136933882,0.4567898564695392,1,1,1,False,True,False,False,False,True,False,False,False,False,False,True,False,False,False,False,1,4.856784569277996,0.018518518518518517
D102817,30.4,53,4,0,0.3253841340766797,0.3610926146222319,0.4673775487273103,1,1,1,False,False,True,False,False,True,False,False,False,False,False,False,False,False,True,False,0,3.4468078929142076,0.07407407407407407
D101424,321.62,53,1,0,0.6819910991014918,0.7471917984848989,0.643993242096499,0,0,1,False,True,False,False,False,False,False,True,False,False,False,False,False,True,False,False,0,5.776475160049642,0.018518518518518517
D101672,346.8,53,3,0,0.6426143532626186,0.3488894464765287,0.9408242733374104,1,0,1,False,False,False,True,False,False,False,False,True,False,False,False,False,False,True,False,0,5.851627601920183,0.05555555555555555
D101765,186.13,53,2,0,0.4899299364716765,0.3865983097720914,0.5604915961565042,1,0,1,True,False,False,False,False,False,False,True,False,False,False,True,False,False,False,False,1,5.231803562489697,0.037037037037037035
D100096,886.08,53,2,0,0.309204904148459,0.6726698388857836,0.7854483800761219,0,0,1,False,True,False,False,False,True,False,False,False,False,False,True,False,False,False,False,1,6.7879351698998285,0.037037037037037035
D102783,363.24,53,3,0,0.6157040508109015,0.6619968449029887,0.3817358638810567,1,1,0,False,True,False,False,False,False,True,False,False,False,False,False,False,False,True,False,0,5.897812991026527,0.05555555555555555
D103370,125.69,53,4,0,0.8141320822757365,0.1054029847126098,0.8530444814735181,1,0,0,False,False,False,True,False,False,True,False,False,False,True,False,False,False,False,False,0,4.841743157613962,0.07407407407407407
D101523,324.99,53,1,1,0.9429041600392256,0.650561394225394,0.9062352257122211,1,1,1,False,False,False,True,False,False,True,False,False,False,False,False,False,False,True,False,0,5.786866706049599,0.018518518518518517
D100803,147.7,53,1,1,0.9393123752915762,0.2029739698617568,0.5389223363288005,1,0,1,False,False,True,False,False,True,False,False,False,True,False,False,False,False,False,False,0,5.001930853466109,0.018518518518518517
D100856,724.23,53,1,0,0.6662081151643411,0.4450853795528333,0.399011650618671,0,1,0,False,False,False,True,False,True,False,False,False,False,False,False,False,True,False,False,0,6.586488845923578,0.018518518518518517
D103033,39.62,53,2,1,0.5751840518942938,0.9076744805238328,0.8666830132835073,0,1,1,False,True,False,False,False,False,False,True,False,False,False,False,False,False,False,True,0,3.7042605561522386,0.037037037037037035
D101491,713.02,53,2,1,0.8027697640070733,0.4909445617889413,0.6733795899828313,1,1,1,False,False,False,True,False,False,True,False,False,False,False,False,False,False,True,False,0,6.57091097315176,0.037037037037037035
D103432,80.89,53,3,0,0.2423951729641043,0.5927302744256575,0.6874419099498733,0,1,0,False,False,False,False,True,False,False,False,True,True,False,False,False,False,False,False,0,4.405376883282097,0.05555555555555555
D103477,211.57,53,4,1,0.9430650450524036,0.1708522928431937,0.4864736897066858,1,0,0,False,False,False,True,False,False,True,False,False,False,False,False,False,False,False,True,0,5.359271345885034,0.07407407407407407
D103763,742.82,53,3,0,0.7607282130212821,0.7634401238052236,0.4839344645176336,1,1,0,False,True,False,False,False,False,False,True,False,False,True,False,False,False,False,False,0,6.611799070078111,0.05555555555555555
D101571,100.78,53,2,0,0.7547225659227197,0.0851812625736111,0.3009025668054781,1,0,0,False,False,True,False,False,False,False,True,False,False,False,False,True,False,False,False,1,4.622813621160686,0.037037037037037035
D100972,150.33,53,3,0,0.6059139434417637,0.4800795958941427,0.3139950808828488,0,1,1,True,False,False,False,False,True,False,False,False,False,False,False,True,False,False,False,1,5.019462882698935,0.05555555555555555
D101260,610.75,53,4,0,0.0499774631175159,0.6546165050326619,0.3711859138442827,0,1,0,True,False,False,False,False,False,True,False,False,True,False,False,False,False,False,False,0,6.4163237023227815,0.07407407407407407
D100141,258.5,53,3,0,0.4838862175000054,0.7808237100603802,0.5821213443027219,1,0,0,False,False,True,False,False,False,True,False,False,False,False,False,False,False,False,True,0,5.558756702605943,0.05555555555555555
D103149,145.92,53,1,0,0.768073385428798,0.3858376550494234,0.7589575296961514,1,0,0,False,True,False,False,False,True,False,False,False,False,False,False,False,False,False,True,0,4.989888220951467,0.018518518518518517
D103566,736.54,53,1,0,0.863832873747837,0.2055508378647997,0.2139669496866167,1,0,0,False,False,False,True,False,False,True,False,False,False,False,False,False,False,False,True,0,6.603320324031322,0.018518518518518517
D103120,193.24,53,4,0,0.3016953288128839,0.3581764705453613,0.613941046729025,0,0,1,False,True,False,False,False,False,False,True,False,False,False,False,False,False,True,False,0,5.2690945078711335,0.07407407407407407
D102261,1595.42,53,2,0,0.0717255360949041,0.2006920411968403,0.4671826537176877,0,0,0,False,False,False,False,True,False,True,False,False,False,True,False,False,False,False,False,0,7.375518901284526,0.037037037037037035
D102287,215.94,53,1,1,0.2785252431330337,0.1159437740193261,0.5046041363026341,0,0,0,False,False,False,True,False,True,False,False,False,False,False,False,False,False,False,True,0,5.3796208176120714,0.018518518518518517
D101987,201.34,53,0,1,0.9162635195634014,0.8429251853557531,0.3749252429651604,1,0,1,False,False,True,False,False,False,True,False,False,True,False,False,False,False,False,False,0,5.3099494507777445,0.0
D103267,851.88,53,2,1,0.5049021397613495,0.3331754160665206,0.4417039633411458,1,0,0,False,False,False,True,False,False,True,False,False,False,False,False,False,True,False,False,0,6.74861885764222,0.037037037037037035
D100655,199.39,53,6,0,0.1593392630449193,0.3023243572960367,0.2675878108068018,0,0,1,False,True,False,False,False,False,True,False,False,False,False,True,False,False,False,False,1,5.300265467766052,0.1111111111111111
D101317,346.7,53,2,0,0.1930373878330897,0.067118858305351,0.1602960443338252,1,0,0,True,False,False,False,False,False,False,False,True,False,False,False,False,False,False,True,0,5.851340039013816,0.037037037037037035
D101483,68.01,53,0,1,0.8773689331266117,0.5646453915785663,0.6717445902196096,1,0,1,False,True,False,False,False,False,True,False,False,False,False,False,False,False,True,False,0,4.234251421632511,0.0
D101503,779.34,53,2,1,0.4835086093672187,0.7959768017751725,0.4742953675646415,1,0,0,False,True,False,False,False,True,False,False,False,False,False,False,True,False,False,False,1,6.6597297221438465,0.037037037037037035
D101487,427.81,53,1,1,0.9004648149001233,0.4017846646074662,0.7662150856427931,1,0,1,False,False,True,False,False,True,False,False,False,False,True,False,False,False,False,False,0,6.061013930380187,0.018518518518518517
D100698,94.43,53,3,0,0.9689493639664888,0.796268475485362,0.0864444111625373,1,0,0,False,False,True,False,False,True,False,False,False,False,False,False,False,False,True,False,0,4.558392994429163,0.05555555555555555
D102708,263.32,53,1,1,0.5972444065892206,0.3566216033817501,0.3262054194385359,0,0,0,False,True,False,False,False,False,False,False,True,False,False,True,False,False,False,False,1,5.577160490332613,0.018518518518518517
D100203,404.5,53,3,0,0.7371749359484282,0.8269869302451394,0.3207948947568347,1,1,0,True,False,False,False,False,False,True,False,False,False,False,True,False,False,False,False,1,6.005120873555468,0.05555555555555555
D101970,775.19,53,1,0,0.7463883000239921,0.4497550954653555,0.4619337073585377,1,0,0,False,True,False,False,False,False,True,False,False,False,True,False,False,False,False,False,0,6.65439733557431,0.018518518518518517
D100564,1220.55,53,7,0,0.4511443760682597,0.6499753941620445,0.274170847160973,1,1,1,False,False,True,False,False,True,False,False,False,False,False,False,False,True,False,False,0,7.107875823138807,0.12962962962962962
D103641,373.89,53,2,0,0.2188470610690795,0.7004835356681475,0.8021551267806808,1,1,0,True,False,False,False,False,False,False,False,True,True,False,False,False,False,False,False,0,5.92663264960644,0.037037037037037035
D102734,146.89,53,2,0,0.3493269320783315,0.7243489480723657,0.0807805475663956,0,1,0,False,True,False,False,False,False,False,True,False,False,False,False,False,False,False,True,0,4.996468754178678,0.037037037037037035
D100359,333.08,53,1,1,0.7234478305501733,0.4677441713152614,0.6976611338710523,1,1,1,False,False,True,False,False,True,False,False,False,False,False,True,False,False,False,False,1,5.811380485254219,0.018518518518518517
D101931,67.76,53,2,1,0.3590596871885003,0.4740799283565843,0.575302105019377,0,0,1,False,False,True,False,False,True,False,False,False,False,False,False,True,False,False,False,1,4.230622180514649,0.037037037037037035
D101133,116.53,53,1,1,0.9003524149000713,0.3980502525311097,0.7760564051772576,1,1,1,False,False,True,False,False,False,True,False,False,False,True,False,False,False,False,False,0,4.766693620144763,0.018518518518518517
D101357,222.63,53,1,0,0.358868981562832,0.0907482183657565,0.2850531746915668,0,0,0,False,False,True,False,False,True,False,False,False,False,False,True,False,False,False,False,1,5.409992900438626,0.018518518518518517
D101421,404.61,52,3,1,0.7292622445488147,0.3514330019763213,0.8978118639979636,1,0,1,False,False,True,False,False,False,True,False,False,False,False,False,True,False,False,False,1,6.005392106805395,0.05660377358490566
D100087,132.83,52,1,0,0.9120726283260816,0.8109536741084726,0.4168190897341545,1,1,1,False,False,True,False,False,True,False,False,False,False,False,False,False,False,False,True,0,4.896570337808283,0.018867924528301886
D102713,91.81,52,3,0,0.2527544005210877,0.9054701965813748,0.3257661614846753,0,1,1,True,False,False,False,False,False,True,False,False,True,False,False,False,False,False,False,0,4.530554392607302,0.05660377358490566
D100574,360.66,52,4,0,0.4089213482200315,0.2323868788331514,0.726502458086301,0,1,0,False,False,False,True,False,False,True,False,False,False,False,True,False,False,False,False,1,5.890704543956834,0.07547169811320754
D101899,213.8,52,1,0,0.6779789536657145,0.8364347530945714,0.4301398794895861,1,1,1,True,False,False,False,False,False,True,False,False,False,False,True,False,False,False,False,1,5.36970736263471,0.018867924528301886
D103618,161.76,52,3,0,0.322774725406162,0.4177020830333532,0.1517304990024462,0,0,0,False,True,False,False,False,False,False,False,True,False,False,False,False,False,False,True,0,5.092276723133489,0.05660377358490566
D103468,93.87,52,7,1,0.2471726600487809,0.8427033398002514,0.1281032803057621,0,1,0,False,True,False,False,False,True,False,False,False,False,False,True,False,False,False,False,1,4.5525075334047855,0.1320754716981132
D100029,373.44,52,2,1,0.4513311529150259,0.345632098774982,0.8373212231166353,1,1,1,False,False,True,False,False,False,False,True,False,False,False,True,False,False,False,False,1,5.925431576503544,0.03773584905660377
D103844,39.3,52,1,0,0.8723751716679324,0.7584819497351706,0.7482650457428442,1,1,0,False,False,False,False,True,False,True,False,False,True,False,False,False,False,False,False,0,3.696351468952637,0.018867924528301886
D101446,243.63,52,1,0,0.468147191870779,0.6058974203797968,0.875641444280087,1,1,1,False,False,False,False,True,True,False,False,False,False,False,False,False,False,False,True,0,5.499746864955492,0.018867924528301886
D103210,176.95,52,3,1,0.4699141337453563,0.2956022069136902,0.5749605692427938,1,0,0,False,True,False,False,False,False,False,True,False,False,True,False,False,False,False,False,0,5.181502611956201,0.05660377358490566
D102123,1050.99,52,4,1,0.5618247866536903,0.5792237025454415,0.2789946826166989,0,1,0,False,True,False,False,False,False,True,False,False,False,False,False,False,True,False,False,0,6.958438887549054,0.07547169811320754
D100966,95.87,52,2,0,0.3168789846572415,0.1446319488057018,0.2930830839940555,0,0,0,False,False,False,False,True,True,False,False,False,True,False,False,False,False,False,False,0,4.573369873438294,0.03773584905660377
D101208,504.2,52,3,0,0.329593894913004,0.6709859898933248,0.6700879940299229,0,1,0,False,True,False,False,False,False,True,False,False,False,False,False,False,True,False,False,0,6.224954390476336,0.05660377358490566
D100601,421.99,52,3,0,0.3352783980689333,0.3205582204348887,0.6506580849093757,0,0,1,False,False,False,True,False,False,False,True,False,False,True,False,False,False,False,False,0,6.047348538104894,0.05660377358490566
D102661,79.98,52,4,0,0.1930840031416019,0.5427556228307814,0.1908852768478723,1,0,0,False,True,False,False,False,False,True,False,False,False,False,False,False,False,True,False,0,4.394202210604015,0.07547169811320754
D100654,325.91,52,2,0,0.1797853559620324,0.269410142311625,0.4738889453620469,0,1,1,False,False,False,True,False,False,False,True,False,False,True,False,False,False,False,False,0,5.789684903656904,0.03773584905660377
D100326,739.81,52,4,0,0.1586338802802034,0.5488236719253456,0.5322446676747609,0,1,0,False,False,False,True,False,False,True,False,False,False,False,False,False,False,True,False,0,6.607744182160946,0.07547169811320754
D102473,109.37,52,1,0,0.8279966680233316,0.523686116333549,0.7883219511487584,1,0,0,False,False,True,False,False,False,True,False,False,False,False,False,False,True,False,False,0,4.703838357784793,0.018867924528301886
D102480,150.95,52,1,0,0.113042833295919,0.8945771504269597,0.4153391824636194,1,1,0,False,False,True,False,False,False,False,True,False,False,True,False,False,False,False,False,0,5.023551519362802,0.018867924528301886
D103012,865.72,52,4,0,0.2344178170519143,0.1630734786630344,0.3155822640679555,0,0,1,False,False,False,True,False,True,False,False,False,False,True,False,False,False,False,False,0,6.764715971909589,0.07547169811320754
D100364,349.02,52,6,1,0.2966399643793984,0.3084679693945916,0.5061186772476732,1,0,1,False,False,True,False,False,False,False,False,True,False,False,False,False,True,False,False,0,5.857990295708011,0.11320754716981132
D100726,324.38,52,4,1,0.6428628994825333,0.2781050235171726,0.29565522674356,0,1,0,False,True,False,False,False,False,True,False,False,False,False,False,False,True,False,False,0,5.784993730081024,0.07547169811320754
D102805,121.04,52,3,0,0.2536153614663307,0.500629968873637,0.6580342699592894,1,1,0,False,True,False,False,False,False,True,False,False,False,False,False,False,False,False,True,0,4.804348859848469,0.05660377358490566
D101186,386.96,52,1,1,0.7357143744098303,0.6626831911932834,0.5212197305632381,1,1,0,False,True,False,False,False,False,True,False,False,False,False,False,False,False,True,False,0,5.960902241525342,0.018867924528301886
D103680,84.22,52,0,1,0.9299519483881032,0.3584993209585239,0.7018978212370204,1,1,1,False,False,False,True,False,False,True,False,False,False,True,False,False,False,False,False,0,4.445236148071766,0.0
D101390,427.35,52,3,0,0.8573489889191476,0.3752153402194914,0.7550514936326328,1,0,1,False,False,False,False,True,False,True,False,False,False,False,True,False,False,False,False,1,6.059940618410053,0.05660377358490566
D100039,41.55,52,0,0,0.7639404855636057,0.6475174213715634,0.4615780613323319,1,1,0,False,False,True,False,False,True,False,False,False,False,False,True,False,False,False,False,1,3.750679855019383,0.0
D102063,286.77,52,4,0,0.1088939143915129,0.4458524258892182,0.3778952756727042,1,1,1,True,False,False,False,False,False,False,True,False,False,False,False,True,False,False,False,1,5.6621615499651,0.07547169811320754
D103518,381.2,52,3,0,0.8014363439718569,0.402394332165457,0.2922383926356382,1,1,1,False,False,True,False,False,False,True,False,False,False,False,False,False,False,True,False,0,5.945944031806173,0.05660377358490566
D103216,232.56,52,1,0,0.7646732766447945,0.923011240423296,0.3860265413240391,1,1,0,False,True,False,False,False,True,False,False,False,False,False,False,False,True,False,False,0,5.453439003415337,0.018867924528301886
D102800,503.32,52,3,0,0.0721706432212997,0.3274450657290427,0.652444486762964,0,0,1,False,False,False,False,True,True,False,False,False,False,False,False,False,False,True,False,0,6.22321098722946,0.05660377358490566
D102300,616.13,52,3,1,0.848685872087987,0.0654925559438752,0.4668131388781499,1,0,0,False,False,False,False,True,True,False,False,False,False,False,False,False,True,False,False,0,6.4250796986324925,0.05660377358490566
D103742,20.0,52,1,0,0.9577091268319976,0.5242519101514244,0.2974073148599216,1,1,1,False,False,False,True,False,True,False,False,False,False,True,False,False,False,False,False,0,3.044522437723423,0.018867924528301886
D100978,299.9,52,4,0,0.8583613733112518,0.5456064894310009,0.5287722923217756,1,1,0,False,False,True,False,False,True,False,False,False,False,True,False,False,False,False,False,0,5.706777983635999,0.07547169811320754
D100463,143.9,52,4,0,0.4779884974480381,0.8762840838959279,0.1317914005232975,0,1,0,False,True,False,False,False,False,False,True,False,False,False,False,False,False,False,True,0,4.976043849326636,0.07547169811320754
D100957,264.5,52,3,0,0.8347175310065531,0.6415674173131073,0.5254605161281054,1,0,1,False,False,True,False,False,True,False,False,False,True,False,False,False,False,False,False,0,5.581614840681993,0.05660377358490566
D101230,145.01,52,0,0,0.4629884396062538,0.9489290874559096,0.4343950675037147,1,1,0,False,True,False,False,False,False,True,False,False,True,False,False,False,False,False,False,0,4.983675112513472,0.0
D100571,347.36,52,1,0,0.2839169171648806,0.2684992083200634,0.9122841380120172,0,1,1,False,False,False,True,False,False,False,False,True,False,False,False,True,False,False,False,1,5.853236427824539,0.018867924528301886
D100315,83.66,51,2,0,0.7009964288401054,0.7022165450546088,0.6283102396786734,1,1,1,False,True,False,False,False,False,True,False,False,False,False,False,False,True,False,False,0,4.438643235092778,0.038461538461538464
D102152,153.14,51,2,0,0.5833990137832591,0.4259087490021982,0.5540799814306937,1,0,0,False,False,False,True,False,False,False,True,False,False,True,False,False,False,False,False,0,5.037861280349847,0.038461538461538464
D100151,223.95,51,4,0,0.8156908686208373,0.1882562221988712,0.8341978581529326,1,0,1,False,False,False,True,False,True,False,False,False,False,False,True,False,False,False,False,1,5.4158781552871815,0.07692307692307693
D101029,54.38,51,1,0,0.4412068464342101,0.3473765467935257,0.3904931562966082,0,1,0,False,True,False,False,False,False,False,True,False,True,False,False,False,False,False,False,0,4.014218517742816,0.019230769230769232
D101384,331.97,51,3,0,0.443804367308864,0.0795563822705475,0.4003792157251193,0,0,0,False,False,False,False,True,False,True,False,False,False,False,True,False,False,False,False,1,5.808052395831998,0.057692307692307696
D103925,402.36,51,4,0,0.5799011261380855,0.6344375057839957,0.1430343130334299,1,1,0,False,False,True,False,False,False,True,False,False,False,False,True,False,False,False,False,1,5.999829463439609,0.07692307692307693
D101178,101.67,51,3,0,0.9240202548682428,0.654332374743014,0.2383201276137569,1,1,1,False,True,False,False,False,False,True,False,False,False,False,False,True,False,False,False,1,4.6315199613108735,0.057692307692307696
D103683,686.42,51,4,1,0.6952130010937025,0.8510609200448512,0.4001178504223868,1,1,0,False,False,True,False,False,True,False,False,False,False,False,False,False,False,False,True,0,6.53294545913359,0.07692307692307693
D102512,236.9,51,2,0,0.2341564015792829,0.5747977256541714,0.7725688622501665,0,1,1,True,False,False,False,False,True,False,False,False,True,False,False,False,False,False,False,0,5.471850417308912,0.038461538461538464
D101958,188.91,51,1,0,0.7042810795556589,0.6757001278146249,0.5876606473098397,1,0,1,False,False,False,True,False,False,True,False,False,False,False,False,False,False,True,False,0,5.246550275726154,0.019230769230769232
D102487,194.82,51,2,0,0.6732073909749361,0.3070015836657842,0.411859388172584,1,0,0,False,False,False,True,False,False,False,False,True,False,False,False,False,False,True,False,0,5.277195869925925,0.038461538461538464
D101474,134.06,51,2,1,0.7797152548976969,0.5690368784311608,0.4498201405424003,1,0,0,False,False,True,False,False,False,True,False,False,False,False,False,False,True,False,False,0,4.905719124146696,0.038461538461538464
D102847,379.94,51,2,0,0.6007879781553025,0.7531269723763521,0.2615471867381076,1,1,0,True,False,False,False,False,True,False,False,False,False,True,False,False,False,False,False,0,5.942641882410413,0.038461538461538464
D100878,74.65,51,3,0,0.289561262023921,0.576169246472152,0.8038121336982144,1,1,1,False,False,True,False,False,True,False,False,False,False,True,False,False,False,False,False,0,4.326117440234365,0.057692307692307696
D100547,2258.09,51,7,0,0.0472291529774549,0.4038003189703618,0.221311749383883,0,0,0,True,False,False,False,False,False,False,True,False,False,False,True,False,False,False,False,1,7.722717356311836,0.1346153846153846
D100760,1296.7,51,1,0,0.3291806431931109,0.4053234550248086,0.171367062197675,1,1,0,False,False,True,False,False,True,False,False,False,False,False,False,True,False,False,False,1,7.1683487457431845,0.019230769230769232
D102809,306.32,51,3,1,0.7059119109200838,0.543347002697362,0.6114710928689996,1,1,0,False,True,False,False,False,False,False,False,True,False,False,False,True,False,False,False,1,5.727889549999434,0.057692307692307696
D103069,395.03,51,0,1,0.7492661433286898,0.196241142823311,0.3616882952699055,1,1,1,False,True,False,False,False,False,True,False,False,False,False,False,True,False,False,False,1,5.981489965960778,0.0
D100809,177.29,51,1,0,0.3551813714377789,0.8004440361656765,0.0575782590508471,0,1,0,False,False,False,False,True,True,False,False,False,False,False,False,True,False,False,False,1,5.1834114380466785,0.019230769230769232
D101468,241.82,51,0,0,0.8295030804285339,0.4336135028479373,0.18585444460688,1,0,1,False,False,True,False,False,False,False,True,False,False,True,False,False,False,False,False,0,5.492320428115829,0.0
D101360,476.55,51,2,0,0.8017158381039442,0.4067466368677048,0.6122182244849967,1,0,1,False,False,True,False,False,False,True,False,False,False,False,True,False,False,False,False,1,6.168668866480747,0.038461538461538464
D100118,137.08,51,4,1,0.2302719527258858,0.7070319256170956,0.4664138811488686,1,1,0,False,True,False,False,False,True,False,False,False,False,False,False,False,False,False,True,0,4.9278332273351175,0.07692307692307693
D102403,734.6,51,3,0,0.157448922282681,0.5500814466375844,0.6097339959952265,1,1,0,False,False,False,True,False,False,True,False,False,False,False,False,False,False,True,False,0,6.6006864927301665,0.057692307692307696
D103006,56.45,51,1,0,0.6061405989029055,0.610009723319917,0.2513849430614769,0,1,0,False,False,True,False,False,True,False,False,False,False,False,True,False,False,False,False,1,4.050915004294764,0.019230769230769232
D102641,103.42,51,2,1,0.9600130106965964,0.7200403011962272,0.9189149904277938,1,1,1,False,False,False,True,False,True,False,False,False,False,False,False,True,False,False,False,1,4.648421227982406,0.038461538461538464
D101462,480.67,51,3,0,0.3559737303043536,0.6001137093516161,0.4085163893468901,0,0,0,False,True,False,False,False,True,False,False,False,False,False,False,True,False,False,False,1,6.1772592322697015,0.057692307692307696
D101463,322.59,51,3,1,0.7712867662954139,0.8277216906950301,0.7229502460725318,0,1,1,False,True,False,False,False,False,True,False,False,False,False,False,False,True,False,False,0,5.779477282358271,0.057692307692307696
D102736,143.47,51,4,1,0.7464317609174325,0.8265385658091516,0.0583021794862311,1,0,0,False,True,False,False,False,False,True,False,False,False,False,False,False,True,False,False,0,4.97307187354129,0.07692307692307693
D100101,699.01,51,2,1,0.8987455756668778,0.4951225317195442,0.7274697001843416,1,1,1,False,False,True,False,False,False,True,False,False,True,False,False,False,False,False,False,0,6.55109462065565,0.038461538461538464
D100231,322.08,51,0,1,0.9665486452166274,0.3800833804211017,0.125959372118493,1,0,1,False,True,False,False,False,False,False,True,False,False,False,False,False,True,False,False,0,5.777899970574095,0.0
D103577,331.77,51,2,0,0.5575794888154796,0.4043566043271671,0.0889195578945506,0,0,0,False,True,False,False,False,False,True,False,False,False,False,False,True,False,False,False,1,5.807451560653049,0.038461538461538464
D103698,210.51,51,2,0,0.3481155397342907,0.7848927690780569,0.4970216137550617,0,1,1,True,False,False,False,False,False,True,False,False,False,False,False,False,True,False,False,0,5.354272278692483,0.038461538461538464
D102423,283.79,51,3,0,0.3664545750368126,0.5637974045954258,0.5911580300475342,0,0,0,True,False,False,False,False,False,False,True,False,False,False,False,False,False,True,False,0,5.651752066561817,0.057692307692307696
D100824,1840.25,51,4,0,0.5660537754737881,0.1950475670401459,0.037031725102545,0,0,0,False,False,False,True,False,False,True,False,False,True,False,False,False,False,False,False,0,7.51819996777684,0.07692307692307693
D100402,328.22,51,2,0,0.9004404118495076,0.7359196383087975,0.6828101053325404,1,1,1,False,False,False,True,False,True,False,False,False,False,False,False,False,False,True,False,0,5.796726220298939,0.038461538461538464
D103281,146.16,51,1,0,0.126282350053159,0.5779233785522037,0.0871640852165942,0,1,0,True,False,False,False,False,False,False,False,True,False,False,False,False,False,False,True,0,4.991520430236574,0.019230769230769232
D102031,424.09,51,3,1,0.3587542245326359,0.9052080101866112,0.1805621067766807,0,0,0,False,False,True,False,False,True,False,False,False,True,False,False,False,False,False,False,0,6.052300911211319,0.057692307692307696
D103528,646.1,51,0,1,0.7811031971403556,0.2279968085287797,0.6589679548644051,1,0,1,False,False,False,True,False,False,False,False,True,False,False,False,False,True,False,False,0,6.47250084206322,0.0
D100272,723.47,51,5,0,0.8285781013922084,0.4540941927413208,0.1465441385907384,1,0,0,True,False,False,False,False,False,True,False,False,False,False,False,False,True,False,False,0,6.585440353035913,0.09615384615384616
D101759,206.94,51,3,0,0.5266893554392579,0.1012293403907643,0.5837762846195917,0,0,0,False,False,False,False,True,False,False,True,False,True,False,False,False,False,False,False,0,5.337249576549824,0.057692307692307696
D103857,236.45,51,3,0,0.937352773417751,0.7648489169485343,0.2758784365846957,1,0,0,False,True,False,False,False,False,True,False,False,True,False,False,False,False,False,False,0,5.469957074995131,0.057692307692307696
D103157,363.14,51,4,0,0.5400904315295967,0.5996080717532185,0.1223325480566673,0,1,0,True,False,False,False,False,False,False,False,True,False,True,False,False,False,False,False,0,5.8975384090758185,0.07692307692307693
D100902,259.94,51,2,0,0.3999992686101631,0.1619338343224929,0.3730919692831723,1,1,0,True,False,False,False,False,False,True,False,False,True,False,False,False,False,False,False,0,5.564290495837602,0.038461538461538464
D101285,408.78,51,0,0,0.8295056146173923,0.754333019920354,0.8041437369586802,1,1,0,False,False,False,False,True,True,False,False,False,False,True,False,False,False,False,False,0,6.0156204303190535,0.0
D100451,1421.15,51,3,0,0.123430715712829,0.1367127604096215,0.7153078121143168,1,0,1,False,False,False,True,False,False,True,False,False,True,False,False,False,False,False,False,0,7.259925090032078,0.057692307692307696
D102004,410.31,51,0,1,0.6319028229744584,0.4748884156413334,0.5064944070339017,1,0,0,True,False,False,False,False,True,False,False,False,False,False,False,True,False,False,False,1,6.019347188094234,0.0
D101588,142.5,51,0,1,0.6517233252242751,0.961771319820596,0.3355380205515452,0,1,0,False,True,False,False,False,True,False,False,False,False,True,False,False,False,False,False,0,4.966335035199676,0.0
D103486,73.1,51,1,0,0.6921390948640992,0.8888201000242967,0.5479622416831706,0,0,0,False,False,True,False,False,True,False,False,False,True,False,False,False,False,False,False,0,4.3054155323020415,0.019230769230769232
D102545,329.81,51,3,0,0.6414710121977777,0.5545553006895331,0.5372745112228031,0,1,0,False,True,False,False,False,True,False,False,False,True,False,False,False,False,False,False,0,5.801544192438697,0.057692307692307696
D100016,247.46,50,0,0,0.7134908722767301,0.7950591505602612,0.3376518612760943,1,1,0,False,False,True,False,False,False,True,False,False,False,False,False,False,False,True,False,0,5.515281866785531,0.0
D103949,247.66,50,3,1,0.5633360364784483,0.8541327996953783,0.3590712279532885,1,1,1,False,True,False,False,False,False,True,False,False,False,False,True,False,False,False,False,1,5.516086501524791,0.058823529411764705
D103950,198.21,50,1,0,0.836464412111909,0.8919543449464992,0.2386216242357024,1,0,0,False,True,False,False,False,True,False,False,False,False,False,True,False,False,False,False,1,5.294359544693693,0.0196078431372549
D102412,71.19,50,3,1,0.6442234825475891,0.3712134856321915,0.5576395507730032,1,0,1,False,True,False,False,False,False,False,True,False,False,False,False,True,False,False,False,1,4.279301532151069,0.058823529411764705
D101385,2174.87,50,2,0,0.1085005873898958,0.8319452348591774,0.0851487435243766,0,0,0,True,False,False,False,False,True,False,False,False,False,False,False,True,False,False,False,1,7.685183863544111,0.0392156862745098
D102410,106.91,50,2,1,0.9793774117571884,0.6141159487901374,0.5599999099718366,1,0,0,False,False,True,False,False,True,False,False,False,False,False,False,False,True,False,False,0,4.681297546375642,0.0392156862745098
D102419,165.36,50,3,0,0.4040638612080078,0.1167342296445897,0.874367415427883,0,0,1,False,False,False,False,True,False,True,False,False,False,False,False,True,False,False,False,1,5.114154114874711,0.058823529411764705
D101946,114.74,50,2,0,0.2855902539005438,0.7730078906395661,0.6952628022764175,1,0,1,False,True,False,False,False,True,False,False,False,False,False,False,False,False,False,True,0,4.751346296145693,0.0392156862745098
D102677,176.06,50,1,0,0.5791126970333643,0.0720505222272274,0.8070689349984673,0,0,0,False,False,False,True,False,True,False,False,False,False,False,False,False,False,True,False,0,5.176488658182903,0.0196078431372549
D102667,228.47,50,4,0,0.1328051970365328,0.6737945762989435,0.1990590650636954,0,0,0,True,False,False,False,False,False,False,True,False,False,False,False,False,False,False,True,0,5.435772302001884,0.0784313725490196
D101340,327.8,50,4,1,0.7430583508640758,0.61127208529964,0.5469235962704782,1,0,0,True,False,False,False,False,True,False,False,False,False,False,False,False,False,True,False,0,5.7954496631820245,0.0784313725490196
D101712,2395.85,50,1,0,0.0164104832210137,0.2829131736591793,0.8066208245137555,0,1,1,False,False,False,False,True,False,False,True,False,False,False,False,True,False,False,False,1,7.781910654253507,0.0196078431372549
D100575,300.8,50,2,1,0.6040816109637018,0.5755664160401428,0.7958352348637738,0,1,0,False,False,True,False,False,False,True,False,False,False,False,False,False,False,True,False,0,5.709764546333749,0.0392156862745098
D100559,184.3,50,1,0,0.8620464168642187,0.7383393023390308,0.3885717277879154,1,0,0,False,False,True,False,False,False,True,False,False,True,False,False,False,False,False,False,0,5.221976133291314,0.0196078431372549
D101333,130.47,50,2,0,0.7707957457072492,0.6924096683686157,0.4914184744901023,1,0,1,False,False,False,False,True,True,False,False,False,False,False,False,False,True,False,False,0,4.878778688708513,0.0392156862745098
D102733,197.04,50,2,0,0.7319990914519579,0.7195430877868273,0.0992547127057568,1,1,0,False,True,False,False,False,False,False,True,False,False,False,False,False,False,True,False,0,5.288469030493222,0.0392156862745098
D101516,465.91,50,3,0,0.4545034831106582,0.6790745084534869,0.1173481648353666,0,1,0,True,False,False,False,False,False,True,False,False,True,False,False,False,False,False,False,0,6.14613651961003,0.058823529411764705
D101723,960.5,50,4,0,0.0948002567207075,0.4099766129175161,0.4280368487356358,0,0,0,False,False,True,False,False,False,False,True,False,True,False,False,False,False,False,False,0,6.8684945650288345,0.0784313725490196
D101113,654.7,50,1,0,0.1624814190829371,0.0813914695413362,0.775672829645643,0,0,0,False,False,False,False,True,False,False,False,True,False,False,False,False,False,True,False,0,6.485703367269574,0.0196078431372549
D101871,142.7,50,1,0,0.9009011119354966,0.4457785257028751,0.6259722930292431,1,0,0,False,True,False,False,False,True,False,False,False,True,False,False,False,False,False,False,0,4.967727793084979,0.0196078431372549
D102522,108.42,50,2,1,0.7806682544668588,0.7656103472182691,0.3825689670829804,1,1,1,False,True,False,False,False,True,False,False,False,False,False,False,True,False,False,False,1,4.69519368863568,0.0392156862745098
D100572,297.12,50,2,0,0.5954364939924063,0.7669569376339821,0.6463937579486239,1,1,1,False,False,True,False,False,True,False,False,False,False,False,True,False,False,False,False,1,5.697496090013493,0.0392156862745098
D102589,534.42,50,2,0,0.544178283466756,0.5307991777048449,0.7239662125318204,1,1,0,False,True,False,False,False,False,False,True,False,False,False,False,True,False,False,False,1,6.283051485636975,0.0392156862745098
D103338,75.1,50,2,0,0.5326443907170264,0.7337560084389169,0.5844581012366589,1,0,1,False,True,False,False,False,False,True,False,False,False,False,True,False,False,False,False,1,4.33204826486764,0.0392156862745098
D101590,469.16,50,2,1,0.0892378815022657,0.6325676418368764,0.8291811503076374,0,1,1,False,True,False,False,False,False,False,True,False,False,False,False,True,False,False,False,1,6.153073062304395,0.0392156862745098
D102548,274.83,50,2,0,0.6367592634232827,0.6059508265410012,0.3365830288139377,1,1,1,False,True,False,False,False,False,True,False,False,True,False,False,False,False,False,False,0,5.619784733917944,0.0392156862745098
D100793,157.45,50,2,0,0.0666708671039826,0.7195846990588315,0.0317835380040843,1,1,0,True,False,False,False,False,True,False,False,False,False,False,True,False,False,False,False,1,5.06543908613693,0.0392156862745098
D102627,871.36,50,1,0,0.7821297423961842,0.5757190350679291,0.55780718544653,0,0,1,False,True,False,False,False,False,True,False,False,False,False,False,False,True,False,False,0,6.771202182749025,0.0196078431372549
D100827,243.88,50,0,0,0.7106560974269595,0.6632668374124884,0.7633081681561367,0,1,1,False,True,False,False,False,False,True,False,False,False,False,False,False,False,False,True,0,5.500768294637157,0.0
D103570,28.89,50,3,0,0.6358141406224334,0.3023658433556803,0.9246487472904914,0,0,1,False,False,False,True,False,True,False,False,False,False,False,False,False,False,True,False,0,3.3975239762958465,0.058823529411764705
D102356,256.31,50,5,0,0.0957771870908663,0.4349055759026077,0.6532103074127239,0,0,1,False,False,True,False,False,True,False,False,False,False,False,False,False,False,False,True,0,5.55028158367044,0.09803921568627451
D103800,147.35,50,3,1,0.2649076190255945,0.7346990964858299,0.7700832986247388,0,1,0,True,False,False,False,False,True,False,False,False,False,True,False,False,False,False,False,0,4.999574346736831,0.058823529411764705
D102371,35.16,50,3,0,0.4467512673185077,0.6662899418530412,0.3603689310331446,1,1,0,False,True,False,False,False,True,False,False,False,False,True,False,False,False,False,False,0,3.5879535355239756,0.058823529411764705
D103720,206.36,50,0,1,0.3284457542084996,0.4701449453063033,0.1327180477276505,0,0,0,False,False,True,False,False,False,False,True,False,False,False,True,False,False,False,False,1,5.33445641316391,0.0
D103146,550.58,50,1,1,0.7825316037352879,0.932607847450256,0.9701638204227298,0,1,1,False,False,False,True,False,False,False,True,False,False,True,False,False,False,False,False,0,6.3127868871037185,0.0196078431372549
D103726,580.6,50,0,1,0.7851422100322215,0.5784867253385853,0.9678887742826088,1,1,1,False,False,False,False,True,False,True,False,False,False,False,True,False,False,False,False,1,6.3657829262193095,0.0
D102927,247.88,50,7,1,0.166424378177063,0.4454819569953416,0.3610861562336758,0,1,0,False,False,True,False,False,False,True,False,False,False,False,True,False,False,False,False,1,5.516970852589382,0.13725490196078433
D102280,1144.75,50,1,0,0.352163688726767,0.6281501000304097,0.3764022149168353,0,1,0,False,True,False,False,False,False,False,True,False,False,False,True,False,False,False,False,1,7.043814723389233,0.0196078431372549
D103938,411.17,50,1,0,0.4240125301294701,0.2416255583277447,0.4694358276147681,0,1,1,False,False,True,False,False,False,True,False,False,False,False,False,False,False,False,True,0,6.0214358856039665,0.0196078431372549
D101210,129.41,50,3,0,0.4337816913972189,0.1724356889715108,0.5220282892626464,0,0,0,False,False,False,True,False,True,False,False,False,False,True,False,False,False,False,False,0,4.8706833336688105,0.058823529411764705
D102189,114.6,50,2,0,0.3140039230800914,0.8967082354300603,0.9315743329595064,0,1,0,False,False,False,False,True,False,True,False,False,False,False,False,False,False,False,True,0,4.750135956238277,0.0392156862745098
D103629,327.84,50,2,0,0.614534817479427,0.4893468353357158,0.4794920497626077,1,0,0,False,True,False,False,False,False,False,True,False,False,False,True,False,False,False,False,1,5.795571310283933,0.0392156862745098
D100652,436.91,50,1,0,0.2004102384781738,0.3246677639060063,0.2988165345973239,0,0,0,False,False,True,False,False,False,True,False,False,False,False,False,False,False,True,False,0,6.082013409810596,0.0196078431372549
D100650,498.87,50,1,1,0.3820412176000248,0.3047314828082478,0.3378664328444841,1,0,1,False,True,False,False,False,False,True,False,False,False,True,False,False,False,False,False,0,6.214348064616332,0.0196078431372549
D100479,424.07,50,2,0,0.436510029503044,0.2162123561961778,0.5007327469479188,0,0,1,False,True,False,False,False,True,False,False,False,False,False,False,False,False,False,True,0,6.052253861244245,0.0392156862745098
D101459,1252.89,50,0,1,0.4940890128121268,0.7690947891481857,0.2991846270022276,0,0,0,False,True,False,False,False,True,False,False,False,False,True,False,False,False,False,False,0,7.134005998047058,0.0
D103774,219.74,50,7,0,0.4249513802995779,0.5561963400272937,0.6347155369360967,1,1,1,False,False,False,True,False,False,False,True,False,False,False,True,False,False,False,False,1,5.396985538344738,0.13725490196078433
D101993,182.16,50,5,1,0.7692611914548468,0.8376127388510415,0.4854052211549362,1,1,1,True,False,False,False,False,False,True,False,False,False,False,False,False,False,True,False,0,5.210360087788895,0.09803921568627451
D100427,113.35,49,0,1,0.8408307387936408,0.209927410445189,0.5102329104184066,1,0,1,False,False,False,True,False,True,False,False,False,False,False,False,False,True,False,False,0,4.73926392046879,0.0
D102084,304.51,49,0,0,0.2056084834731535,0.2328743954269399,0.6929503931050677,0,0,0,False,False,True,False,False,False,False,False,True,False,False,False,True,False,False,False,1,5.721982511300152,0.0
D103640,483.9,49,2,0,0.4100093438061405,0.2753881842402034,0.3457609894027506,0,0,1,False,True,False,False,False,False,True,False,False,False,False,True,False,False,False,False,1,6.183942684111306,0.04
D100647,1054.93,49,2,0,0.4081149100435148,0.3304765930275086,0.7026526354962048,1,0,1,False,False,True,False,False,False,False,False,True,False,False,False,True,False,False,False,1,6.9621771741902805,0.04
D102198,193.25,49,2,0,0.1796864298246916,0.4309659781198921,0.4221218463546209,0,1,1,False,True,False,False,False,False,False,True,False,False,False,True,False,False,False,False,1,5.269145989247757,0.04
D101199,173.83,49,4,0,0.3573591490922535,0.3596622022036452,0.303278273393846,0,0,1,False,False,False,True,False,False,True,False,False,False,False,False,False,True,False,False,0,5.163814073209558,0.08
D102749,201.54,49,2,0,0.7800030744726725,0.5698496431926668,0.3811474358885939,1,0,1,True,False,False,False,False,False,True,False,False,False,False,False,False,True,False,False,0,5.310937397904139,0.04
D102674,283.12,49,0,0,0.8638366172495304,0.4583468645438959,0.7532273241374642,1,1,1,False,False,True,False,False,False,True,False,False,True,False,False,False,False,False,False,0,5.649396684129609,0.0
D103830,239.11,49,5,1,0.6654130003372265,0.7149435128004225,0.504731358994485,1,1,1,False,False,True,False,False,False,True,False,False,False,False,False,False,False,False,True,0,5.481097151672685,0.1
D100891,166.75,49,4,0,0.4703430306886827,0.2675669686359272,0.6622794585417676,0,0,1,False,False,False,False,True,False,True,False,False,False,False,False,False,False,False,True,0,5.122474775851791,0.08
D103185,149.59,49,2,0,0.5908273021721492,0.8032246611211292,0.6367802428270353,0,0,0,True,False,False,False,False,False,True,False,False,True,False,False,False,False,False,False,0,5.0145609120987285,0.04
D101382,377.01,49,6,1,0.2909200388598544,0.543217270944006,0.328877119869617,0,0,1,False,False,True,False,False,False,False,False,True,False,False,True,False,False,False,False,1,5.934920650296115,0.12
D101537,129.42,49,4,0,0.3367954608636593,0.6635579385433318,0.4032635312908611,0,1,1,False,False,False,True,False,True,False,False,False,False,False,False,False,True,False,False,0,4.870760011965056,0.08
D102947,247.22,49,6,0,0.2866589791829243,0.5486022221401543,0.4573953636711545,0,0,0,False,False,False,True,False,True,False,False,False,False,False,False,False,True,False,False,0,5.5143154497013755,0.12
D103142,390.4,49,1,0,0.8333734851695813,0.3111034492133598,0.2383953152908014,1,0,1,False,False,False,False,True,False,False,True,False,False,False,False,False,True,False,False,0,5.969730054961976,0.02
D100130,131.12,49,2,1,0.7546536210328686,0.8470097737747241,0.2848637800059125,1,1,1,False,True,False,False,False,False,True,False,False,True,False,False,False,False,False,False,0,4.883710600522589,0.04
D100532,330.24,49,7,0,0.4787485379189501,0.4388358709555444,0.2154467578546954,1,0,0,False,True,False,False,False,False,True,False,False,False,False,False,True,False,False,False,1,5.802843188165499,0.14
D100539,248.99,49,2,0,0.4819725113285708,0.1546819568294131,0.2825458664571069,1,0,0,False,False,False,True,False,True,False,False,False,False,False,False,False,False,True,False,0,5.521420917062225,0.04
D100525,343.84,49,4,0,0.3816220059282816,0.5675213113134915,0.7202733230692605,0,0,1,False,True,False,False,False,False,True,False,False,True,False,False,False,False,False,False,0,5.843080541341724,0.08
D103136,166.87,49,1,1,0.7813616820052879,0.7336209966460288,0.7233409048511683,0,0,1,False,False,False,True,False,True,False,False,False,False,True,False,False,False,False,False,0,5.123189870334323,0.02
D103814,401.18,49,2,0,0.8097460698858233,0.3622447305122279,0.1291581551613535,1,0,0,False,True,False,False,False,False,False,False,True,True,False,False,False,False,False,False,0,5.9968997495979215,0.04
D100069,194.72,49,4,0,0.2848111194011525,0.801376476262297,0.6616245908729319,0,1,1,False,True,False,False,False,False,False,True,False,False,False,True,False,False,False,False,1,5.276685066420923,0.08
D100924,91.95,49,2,0,0.3291475879645228,0.5169009185495042,0.4204176410147586,0,1,1,False,True,False,False,False,False,True,False,False,True,False,False,False,False,False,False,0,4.532061714167453,0.04
D101295,83.98,49,7,0,0.1058468056248459,0.1937160511565244,0.2381133043867419,0,0,0,False,True,False,False,False,False,True,False,False,False,False,True,False,False,False,False,1,4.442415934686665,0.14
D103487,247.95,49,2,0,0.9456244887753408,0.3055142554715552,0.8683400238066237,1,0,1,False,False,False,True,False,True,False,False,False,True,False,False,False,False,False,False,0,5.5172520730881915,0.04
D101811,374.36,49,4,1,0.3779135536415623,0.7016592133089822,0.6918457668897865,1,1,1,False,True,False,False,False,False,True,False,False,False,True,False,False,False,False,False,0,5.927885565465111,0.08
D100484,92.96,49,2,0,0.7702916654974804,0.434237520733873,0.2344701194490988,1,0,0,True,False,False,False,False,True,False,False,False,False,False,False,True,False,False,False,1,4.542869159790712,0.04
D101460,245.87,49,3,0,0.4316959468872505,0.0656996825907651,0.4871908624826537,0,0,1,False,False,False,True,False,True,False,False,False,False,False,False,False,True,False,False,0,5.508861882285731,0.06
D100119,433.22,49,2,1,0.8572018284126981,0.7728475896135838,0.2209178208797119,1,1,0,False,False,True,False,False,True,False,False,False,False,False,False,True,False,False,False,1,6.073551318106091,0.04
D100763,163.77,49,4,0,0.1583591026996177,0.6811110613822764,0.6477696721617475,0,1,1,True,False,False,False,False,False,True,False,False,False,False,False,False,False,True,False,0,5.10455056206934,0.08
D100715,524.01,49,1,0,0.8694658294368459,0.6564536383380534,0.7168288118140793,1,1,1,False,True,False,False,False,False,True,False,False,False,False,False,True,False,False,False,1,6.263417310029268,0.02
D103343,159.69,49,1,0,0.5943814722272478,0.6170565834820232,0.6357732521665942,1,1,1,True,False,False,False,False,True,False,False,False,False,False,False,False,False,True,False,0,5.079477043053662,0.02
D102758,167.91,49,5,0,0.5789938646443891,0.7243783553430667,0.6091000092542779,1,0,1,False,False,True,False,False,False,False,False,True,False,False,False,False,False,True,False,0,5.129366028692254,0.1
D101505,563.69,49,4,0,0.7786163523148533,0.2899528345813051,0.160513508520465,1,0,0,False,False,True,False,False,False,True,False,False,False,False,False,False,True,False,False,0,6.336276908004196,0.08
D102471,232.34,49,2,0,0.7143467591937472,0.700377796578198,0.3536017481115956,0,1,0,False,False,False,True,False,False,True,False,False,True,False,False,False,False,False,False,0,5.452496617395711,0.04
D102581,122.46,49,2,0,0.501932039039149,0.2490947492379457,0.8461106931389436,1,0,1,False,False,False,True,False,False,False,True,False,False,False,False,False,True,False,False,0,4.81591721696575,0.04
D101868,271.8,49,1,0,0.9227334098201568,0.4735768341285445,0.5708985760625347,1,0,1,False,False,True,False,False,True,False,False,False,False,False,True,False,False,False,False,1,5.608738925969307,0.02
D102648,430.67,49,1,1,0.9034734170708228,0.6673308065527117,0.4507020430015459,1,1,0,False,False,True,False,False,False,True,False,False,False,False,False,False,True,False,False,0,6.067661407443436,0.02
D102994,126.49,49,1,0,0.7568824082720365,0.6015324966387432,0.2909858444058864,0,1,0,False,False,True,False,False,False,True,False,False,False,False,True,False,False,False,False,1,4.8480379301500305,0.02
D100720,130.53,49,3,1,0.9068049414890588,0.7376286121362318,0.7160506897014496,1,1,0,False,False,True,False,False,False,True,False,False,False,False,True,False,False,False,False,1,4.879234962480687,0.06
D100589,35.26,49,3,0,0.3974048706542809,0.8852369488234324,0.3258122231239833,1,0,1,True,False,False,False,False,True,False,False,False,False,False,False,True,False,False,False,1,3.590715205326705,0.06
D103384,205.64,49,2,0,0.9058027272410156,0.4273089244750997,0.4772142050496945,1,0,1,False,True,False,False,False,True,False,False,False,False,False,True,False,False,False,False,1,5.330978148787585,0.04
D103695,243.13,49,1,0,0.1951941473958846,0.785419912218625,0.5207560630733813,0,1,1,False,True,False,False,False,False,True,False,False,False,False,False,False,False,False,True,0,5.4977008702979075,0.02
D102408,231.42,49,0,0,0.4937248251921668,0.77187338103027,0.3753549418554867,0,0,1,False,True,False,False,False,True,False,False,False,False,False,False,False,False,True,False,0,5.448546079794728,0.0
D100833,221.24,49,3,0,0.225784787661027,0.677850318538609,0.6457057511304437,0,0,1,False,False,True,False,False,False,False,False,True,False,False,False,True,False,False,False,1,5.403757879006034,0.06
D103609,209.56,49,2,0,0.7782828827241618,0.5625310182044213,0.4924923561392832,1,1,1,False,True,False,False,False,False,True,False,False,False,False,False,False,False,True,False,0,5.3497706481369525,0.04
D101407,642.44,49,0,0,0.574947097831613,0.4928068839153994,0.0894029168016024,1,0,0,True,False,False,False,False,False,True,False,False,False,True,False,False,False,False,False,0,6.4668287825958135,0.0
D101430,324.88,49,2,0,0.5322787554314464,0.34158047623327,0.905311867619863,0,0,1,False,False,False,False,True,False,True,False,False,False,False,False,False,False,True,False,0,5.786529215442441,0.04
D101968,155.72,49,2,1,0.92260257155481,0.3881947509774686,0.5842087517892566,1,0,1,False,False,True,False,False,False,True,False,False,False,False,False,False,True,False,False,0,5.054460773636285,0.04
D101918,583.36,49,2,0,0.4122160493881077,0.1195934108378608,0.6556477946491674,0,1,1,False,False,True,False,False,True,False,False,False,False,False,False,False,True,False,False,0,6.370517231264313,0.04
D103968,168.98,49,2,0,0.9059932428361394,0.2977803174181669,0.6393243259462341,1,0,1,False,True,False,False,False,True,False,False,False,True,False,False,False,False,False,False,0,5.13568078307048,0.04
D100308,726.74,48,1,0,0.8082406681228212,0.4123476594603098,0.3546938826946734,1,0,1,False,True,False,False,False,False,False,False,True,False,False,False,False,False,True,False,0,6.589943841548844,0.02040816326530612
D100143,223.79,48,2,0,0.529269756741225,0.3646443489821014,0.2690639825021448,1,0,1,False,False,True,False,False,True,False,False,False,False,False,False,True,False,False,False,1,5.415166633044329,0.04081632653061224
D101073,291.85,48,3,0,0.970235881688806,0.269180049776564,0.6161238937507595,1,0,1,False,False,False,False,True,False,True,False,False,False,False,True,False,False,False,False,1,5.679660532535792,0.061224489795918366
D102857,138.48,48,3,0,0.4798643736090038,0.834761539533603,0.0921652352657911,1,1,0,False,True,False,False,False,True,False,False,False,False,False,True,False,False,False,False,1,4.93792122180745,0.061224489795918366
D103398,327.52,48,1,1,0.9401767450862384,0.9272651494550284,0.5343370367682991,1,1,0,False,False,True,False,False,False,True,False,False,False,False,True,False,False,False,False,1,5.794597718871992,0.02040816326530612
D103866,225.24,48,4,0,0.7298749435080978,0.6595990843023956,0.1258433775851134,1,1,0,False,False,True,False,False,False,True,False,False,False,False,False,False,False,False,True,0,5.421596382708208,0.08163265306122448
D102544,183.15,48,4,0,0.7961391685495567,0.5387634195440524,0.7230891549857261,1,1,1,False,False,True,False,False,False,False,True,False,False,False,False,False,False,True,False,0,5.2157506428910745,0.08163265306122448
D103441,427.79,48,2,0,0.7142543337012836,0.8804329765061264,0.5971239253918583,1,1,1,False,True,False,False,False,True,False,False,False,True,False,False,False,False,False,False,0,6.060967288589134,0.04081632653061224
D103875,198.06,48,4,1,0.5742430427388528,0.7485916503526189,0.654222297235386,0,0,0,False,True,False,False,False,False,False,False,True,False,False,False,True,False,False,False,1,5.2936062868179175,0.08163265306122448
D100439,32.15,48,1,0,0.552612879082866,0.3727644645053286,0.3216643058201771,1,0,1,False,False,True,False,False,True,False,False,False,False,False,True,False,False,False,False,1,3.5010427166318716,0.02040816326530612
D101735,1181.78,48,3,0,0.6507815945308434,0.1691082181143518,0.2203858493093365,1,0,0,False,False,False,True,False,False,True,False,False,False,False,False,True,False,False,False,1,7.075622878805941,0.061224489795918366
D103588,191.81,48,0,0,0.4893550325865972,0.8443480541952199,0.7814133328457343,0,1,1,False,False,False,True,False,True,False,False,False,False,False,False,True,False,False,False,1,5.261705248051305,0.0
D103982,243.77,48,1,0,0.5398921593453788,0.2238351677505533,0.7135948406577927,0,0,1,False,False,True,False,False,False,False,False,True,False,False,False,False,False,True,False,0,5.500318994108818,0.02040816326530612
D103585,46.38,48,5,1,0.5589759172603609,0.1245222876505512,0.6276127256796451,1,0,1,False,False,False,True,False,True,False,False,False,False,False,True,False,False,False,False,1,3.8582001987306396,0.10204081632653061
D100961,266.7,48,2,0,0.5816894549541323,0.8808170222892272,0.4472086147654854,1,1,1,False,True,False,False,False,False,True,False,False,False,False,True,False,False,False,False,1,5.589866950526307,0.04081632653061224
D100997,747.35,48,3,0,0.3604869084628487,0.3075887826391241,0.3806586067413127,0,1,0,True,False,False,False,False,False,False,True,False,True,False,False,False,False,False,False,0,6.617870782975156,0.061224489795918366
D101979,1447.22,48,3,1,0.0340095478307252,0.4742818633155937,0.351795190133091,0,0,0,False,True,False,False,False,False,False,True,False,False,False,False,False,True,False,False,0,7.2780904951065635,0.061224489795918366
D100153,637.25,48,0,1,0.914607366913118,0.6489054334811883,0.6891923578540389,0,0,0,False,False,True,False,False,True,False,False,False,False,False,False,False,False,False,True,0,6.458730056121593,0.0
D102309,134.9,48,1,1,0.8363501923087331,0.840881586892522,0.5619306536296061,1,1,1,False,False,False,True,False,True,False,False,False,False,False,False,False,False,False,True,0,4.911919321157098,0.02040816326530612
D103114,142.54,48,5,0,0.943797436057796,0.4905381548160911,0.5308272641639303,1,0,0,False,False,True,False,False,False,True,False,False,False,False,False,True,False,False,False,1,4.966613742001925,0.10204081632653061
D100587,71.11,48,2,1,0.2621734510458571,0.8434872725194817,0.7980865536584313,0,1,0,False,True,False,False,False,False,False,True,False,False,False,False,False,True,False,False,0,4.2781927309286685,0.04081632653061224
D103639,199.75,48,0,0,0.7465045835303339,0.7210202280030908,0.6383405025578239,1,1,1,False,False,True,False,False,False,False,True,False,True,False,False,False,False,False,False,0,5.302060352826871,0.0
D100546,416.07,48,1,0,0.8324404318814199,0.6101481854923465,0.5038846796924769,1,0,1,False,True,False,False,False,False,True,False,False,False,False,False,False,False,False,True,0,6.033254073418364,0.02040816326530612
D100712,90.43,48,3,0,0.8371658436296479,0.613438479783786,0.4927924175144041,1,0,1,False,False,False,True,False,False,False,True,False,False,False,False,True,False,False,False,1,4.515573652176335,0.061224489795918366
D102670,57.82,48,3,0,0.5740752941523117,0.5099421357890898,0.7534987854588412,0,1,0,False,False,True,False,False,False,True,False,False,False,False,True,False,False,False,False,1,4.074481933125849,0.061224489795918366
D102995,372.26,48,1,0,0.7515614708008919,0.3530930636296202,0.343439925774441,0,0,0,False,False,True,False,False,True,False,False,False,False,False,False,False,False,True,False,0,5.922275227754984,0.02040816326530612
D102689,215.03,48,3,0,0.6348723234085107,0.5478175841529198,0.587569443552503,0,0,0,False,False,True,False,False,False,True,False,False,False,False,True,False,False,False,False,1,5.375417286928885,0.061224489795918366
D101192,111.05,48,2,0,0.8897770299616636,0.2435523494415863,0.5580091181406837,1,0,0,False,False,False,True,False,True,False,False,False,False,False,False,True,False,False,False,1,4.718945200246936,0.04081632653061224
D103156,1013.44,48,1,0,0.3152664190280526,0.4755988250771157,0.0514134631011486,0,0,0,True,False,False,False,False,True,False,False,False,False,False,False,False,False,False,True,0,6.92209201508219,0.02040816326530612
D100778,77.1,48,4,0,0.8799766675811995,0.2141198103202975,0.2557169073778046,1,0,0,False,False,False,True,False,True,False,False,False,False,True,False,False,False,False,False,0,4.35799005684564,0.08163265306122448
D101629,33.48,48,2,0,0.723832435899795,0.2094329690293656,0.7361838912845294,1,0,0,False,True,False,False,False,True,False,False,False,False,True,False,False,False,False,False,0,3.5403794457954922,0.04081632653061224
D103856,876.2,48,3,0,0.735478763705892,0.4291836945623422,0.2467541407156289,0,0,0,False,False,False,True,False,False,True,False,False,False,False,False,False,False,False,True,0,6.776735016543733,0.061224489795918366
D100164,211.82,48,5,0,0.4867618636847017,0.6081447250460211,0.7563579794830363,0,1,1,False,False,True,False,False,True,False,False,False,False,True,False,False,False,False,False,0,5.360446738013586,0.10204081632653061
D100258,87.9,48,4,0,0.9016543492743928,0.5984999628332217,0.0479734363408999,1,0,0,True,False,False,False,False,True,False,False,False,False,True,False,False,False,False,False,0,4.487512142519859,0.08163265306122448
D102920,170.82,48,1,0,0.5582975101083038,0.4067214042307726,0.8485415621540738,0,1,1,False,False,False,False,True,False,False,True,False,False,True,False,False,False,False,False,0,5.14644741720991,0.02040816326530612
D101269,857.63,48,2,0,0.4105372584894653,0.687454859793882,0.0392136305841954,1,0,0,False,False,True,False,False,False,True,False,False,True,False,False,False,False,False,False,0,6.75533809578103,0.04081632653061224
D103143,1193.68,48,1,1,0.8794264973297291,0.8896079630743462,0.1810371840415926,1,1,0,True,False,False,False,False,False,True,False,False,False,True,False,False,False,False,False,0,7.085633646078717,0.02040816326530612
D102893,629.85,47,2,0,0.8782339949516632,0.508732776985827,0.3014388773723233,1,0,0,False,False,True,False,False,True,False,False,False,False,False,False,False,False,False,True,0,6.44706811637375,0.041666666666666664
D101662,532.79,47,1,0,0.3774610103156666,0.2404502911739477,0.6015240997853104,1,0,0,False,False,False,True,False,True,False,False,False,False,False,False,False,False,True,False,0,6.2800025031868545,0.020833333333333332
D100964,72.49,47,3,0,0.8538663137073802,0.4923487910434185,0.9491304173604138,0,0,1,False,False,False,False,True,False,False,True,False,False,False,False,False,False,True,False,0,4.29714934254078,0.0625
D103552,335.57,47,2,0,0.4447167700651985,0.466367152853879,0.2924331146514463,0,1,0,False,True,False,False,False,False,False,True,False,True,False,False,False,False,False,False,0,5.818806151224983,0.041666666666666664
D102010,367.5,47,1,1,0.3531266752190347,0.5539050153781417,0.4438012791016197,0,0,0,True,False,False,False,False,False,True,False,False,False,False,False,False,False,True,False,0,5.909440711629391,0.020833333333333332
D103506,50.64,47,3,1,0.8099674238661304,0.5249151525997884,0.5478251174978521,1,0,0,False,False,True,False,False,True,False,False,False,False,False,False,False,False,False,True,0,3.944296565978442,0.0625
D100648,338.23,47,4,1,0.2606760943860929,0.1227682012418661,0.6082266749440043,1,1,0,False,False,True,False,False,True,False,False,False,False,True,False,False,False,False,False,0,5.8266783434030875,0.08333333333333333
D100977,178.77,47,3,0,0.4508796367532981,0.4359785434288501,0.1116301182758621,0,1,0,False,True,False,False,False,False,True,False,False,False,False,False,True,False,False,False,1,5.191678256058324,0.0625
D101757,224.54,47,1,1,0.2030909560801137,0.1607886234191021,0.9144247827791496,0,0,1,False,False,False,False,True,True,False,False,False,False,True,False,False,False,False,False,0,5.418497526804142,0.020833333333333332
D103944,1646.47,47,3,1,0.422801904215194,0.79205708993015,0.3470573256759011,1,1,0,False,True,False,False,False,True,False,False,False,False,False,False,False,False,False,True,0,7.406996056802675,0.0625
D103937,599.16,47,2,1,0.6663950974440921,0.6421687257045549,0.4663704243593234,0,1,1,False,False,True,False,False,False,True,False,False,False,False,False,True,False,False,False,1,6.397196286333577,0.041666666666666664
D102852,542.08,47,1,0,0.949423069430282,0.6864694755487072,0.5187070545016607,1,0,1,False,False,False,True,False,True,False,False,False,False,False,False,True,False,False,False,1,6.2972566387320805,0.020833333333333332
D101973,176.62,47,3,0,0.1866970244388742,0.4900873883851554,0.1176840383398716,0,1,0,False,True,False,False,False,False,True,False,False,True,False,False,False,False,False,False,0,5.179646436830358,0.0625
D102633,439.17,47,2,0,0.7539059971297397,0.2881202252151054,0.2920564600815115,0,1,0,False,False,True,False,False,False,False,True,False,False,False,False,False,False,False,True,0,6.0871610159294605,0.041666666666666664
D102601,350.09,47,5,0,0.6070207156377608,0.7090426760027863,0.1910689232777955,1,1,0,False,False,True,False,False,True,False,False,False,False,False,False,False,True,False,False,0,5.861042600854784,0.10416666666666667
D101574,248.35,47,0,0,0.8478055738439946,0.4793067895497066,0.3915419727815696,1,1,1,True,False,False,False,False,True,False,False,False,False,False,False,True,False,False,False,1,5.518857531992132,0.0
D103873,206.28,47,2,1,0.4772036522310569,0.8856749148826356,0.4935437812055349,0,1,1,True,False,False,False,False,False,True,False,False,True,False,False,False,False,False,False,0,5.334070536253854,0.041666666666666664
D102386,87.3,47,3,0,0.7690922688276931,0.4660405419882304,0.2561971005142773,1,0,1,False,False,False,False,True,True,False,False,False,False,False,False,False,False,True,False,0,4.480740107609915,0.0625
D100787,338.63,47,1,0,0.7546621880367276,0.6980325564927748,0.1494175009630702,1,1,0,False,True,False,False,False,False,True,False,False,False,False,False,False,True,False,False,0,5.827856789758128,0.020833333333333332
D100947,728.2,47,4,0,0.6515395666924442,0.0969946949936256,0.6127160019050588,1,0,1,False,False,False,True,False,False,True,False,False,False,False,False,True,False,False,False,1,6.591948042804508,0.08333333333333333
D101586,495.41,47,2,0,0.5377991011791061,0.6743013688255923,0.4019296262407258,0,0,1,False,True,False,False,False,False,False,True,False,False,False,False,False,False,True,False,0,6.207402198171863,0.041666666666666664
D103735,116.59,47,0,0,0.9196846952870918,0.6410396374836541,0.720309226135519,1,1,0,False,False,False,False,True,True,False,False,False,False,False,False,False,False,True,False,0,4.767203997835324,0.0
D103124,262.6,47,1,0,0.5088201297332204,0.717749985052847,0.0815928916509563,1,1,1,False,True,False,False,False,False,True,False,False,True,False,False,False,False,False,False,0,5.574432802628352,0.020833333333333332
D103311,111.3,47,7,1,0.7001024359008523,0.3741514543974829,0.286287119239356,0,1,0,False,False,False,False,True,False,False,True,False,False,False,False,True,False,False,False,1,4.721173861744398,0.14583333333333334
D103011,75.66,47,0,1,0.8511530811612412,0.3614433904226576,0.8054292360584712,1,0,1,False,False,False,True,False,True,False,False,False,False,False,False,False,True,False,False,0,4.339380059952409,0.0
D103327,701.66,47,0,1,0.2470707037640786,0.7762793137473215,0.447278953262137,0,1,0,False,False,False,True,False,True,False,False,False,False,False,False,False,False,False,True,0,6.554873133282101,0.0
D101259,90.97,47,4,1,0.7731006172288063,0.3225464809024616,0.5661135097271551,0,1,0,False,False,False,False,True,False,False,True,False,True,False,False,False,False,False,False,0,4.521462436914606,0.08333333333333333
D102447,206.44,47,2,0,0.6139915933630015,0.8565989043572289,0.0471451628796427,0,1,0,False,True,False,False,False,False,True,False,False,False,False,False,False,False,True,False,0,5.334842141230409,0.041666666666666664
D101847,303.3,47,2,1,0.9184081505329486,0.7485420607711128,0.4866288936583348,0,1,1,False,False,True,False,False,False,True,False,False,False,False,False,False,False,False,True,0,5.718014056902925,0.041666666666666664
D101233,20.0,47,2,0,0.4678322850593737,0.7675281856994157,0.573505665915681,1,1,0,False,False,True,False,False,False,False,True,False,False,False,False,False,False,False,True,0,3.044522437723423,0.041666666666666664
D102691,764.59,47,1,0,0.2506797850128918,0.2030443968834212,0.6359313729374563,0,0,0,False,True,False,False,False,True,False,False,False,False,False,False,False,False,False,True,0,6.640646778402448,0.020833333333333332
D102680,136.69,47,0,1,0.6651280350732668,0.459652355244501,0.3760260052109935,0,1,0,False,False,False,True,False,False,True,False,False,False,True,False,False,False,False,False,0,4.925004781456281,0.0
D100733,140.87,47,3,0,0.6390651584807322,0.8678011146042917,0.2336793775006824,1,1,0,False,True,False,False,False,True,False,False,False,False,False,False,False,True,False,False,0,4.954911145323894,0.0625
D103834,38.79,47,5,0,0.7283168434290082,0.8337882341019123,0.2051391556799318,0,1,0,False,True,False,False,False,True,False,False,False,False,False,False,False,False,False,True,0,3.683615624438837,0.10416666666666667
D100640,276.72,47,1,0,0.2514449038188641,0.8615717885099663,0.0935243860459015,1,1,0,False,False,False,True,False,False,False,True,False,False,False,False,False,False,True,False,0,5.626613411885073,0.020833333333333332
D102826,418.29,47,0,0,0.5653526419096816,0.2596289877020213,0.373860073494312,0,1,1,False,False,True,False,False,False,False,False,True,False,False,False,False,False,True,False,0,6.038562804619722,0.0
D102971,272.9,47,1,0,0.7968526437259661,0.7272957551304586,0.6088387602010351,1,1,1,False,False,True,False,False,False,True,False,False,False,False,False,False,False,True,False,0,5.612763076269032,0.020833333333333332
D100886,683.44,47,1,0,0.7303445741542579,0.3571817568854745,0.4480851220556067,1,0,1,False,True,False,False,False,False,True,False,False,False,False,True,False,False,False,False,1,6.52860098566377,0.020833333333333332
D102705,259.17,47,1,1,0.9523453997280532,0.9082353926313284,0.7497588921555235,0,1,1,False,False,True,False,False,True,False,False,False,False,False,False,False,False,False,True,0,5.561335263505108,0.020833333333333332
D102997,484.72,47,1,0,0.4471996736783951,0.8190447174175034,0.6079065628205437,0,1,1,False,True,False,False,False,True,False,False,False,False,False,False,True,False,False,False,1,6.185632326185618,0.020833333333333332
D100505,124.36,47,3,1,0.5790118122037519,0.2418172205752347,0.4067589760855959,1,0,1,False,False,False,True,False,False,True,False,False,False,False,False,False,False,False,True,0,4.831189598047765,0.0625
D102883,174.54,47,2,1,0.4598479123296595,0.7364707924042008,0.4709345035768174,0,1,0,False,True,False,False,False,False,True,False,False,False,False,False,False,False,False,True,0,5.167866937163971,0.041666666666666664
D100504,479.04,47,3,1,0.8711858201024506,0.2253353003603946,0.9093019317873932,1,0,0,False,False,True,False,False,False,True,False,False,False,False,False,True,False,False,False,1,6.17386943376324,0.0625
D100819,94.45,47,1,1,0.6537476574485599,0.1719039498654703,0.5212854086641805,1,0,1,False,True,False,False,False,False,True,False,False,False,True,False,False,False,False,False,0,4.558602550171757,0.020833333333333332
D101428,500.77,47,2,1,0.572482746665816,0.0964867691139039,0.7203009315109535,0,0,0,False,False,False,True,False,False,False,False,True,False,False,False,False,False,False,True,0,6.2181418473703305,0.041666666666666664
D103359,425.96,46,6,1,0.6261624089027834,0.3724328375712593,0.7535498194515825,0,1,0,False,False,True,False,False,False,True,False,False,True,False,False,False,False,False,False,0,6.056690332025689,0.1276595744680851
D103365,370.26,46,4,0,0.4327216542235195,0.3543925547001354,0.5458267948513877,0,0,1,False,True,False,False,False,False,True,False,False,False,True,False,False,False,False,False,0,5.916902625781077,0.0851063829787234
D101908,312.72,46,2,0,0.2774701995048529,0.2940503722474494,0.8321670467198854,1,0,1,False,False,False,True,False,True,False,False,False,False,True,False,False,False,False,False,0,5.748500868344466,0.0425531914893617
D101078,347.57,46,0,0,0.9705796981456244,0.5312846919246186,0.6249341983253985,1,0,0,False,False,True,False,False,False,True,False,False,False,False,False,False,False,False,True,0,5.85383907086288,0.0
D102101,354.2,46,0,0,0.7764604689020925,0.706999081365388,0.2677805820404538,1,1,0,True,False,False,False,False,True,False,False,False,False,False,False,False,False,True,False,0,5.872681011118015,0.0
D100271,120.65,46,2,1,0.9541505845595624,0.9179294911751188,0.3141930991250955,1,0,0,False,True,False,False,False,False,False,True,False,False,True,False,False,False,False,False,0,4.801148069229532,0.0425531914893617
D102913,98.99,46,6,0,0.7526651387795124,0.3584613651730573,0.1725244123364399,1,0,0,False,False,True,False,False,False,True,False,False,False,False,False,False,False,False,True,0,4.605070180987758,0.1276595744680851
D102962,222.75,46,3,0,0.4698587182101632,0.4040779939345292,0.2966719907233338,1,0,0,True,False,False,False,False,False,False,False,True,False,False,False,False,False,True,False,0,5.410529357154965,0.06382978723404255
D103966,243.15,46,0,0,0.6611746333196963,0.8638108798293409,0.5796178469296186,1,1,1,False,False,True,False,False,False,False,True,False,False,False,False,False,False,False,True,0,5.497782790507669,0.0
D103957,234.23,46,0,0,0.4954305589332342,0.7909782272649115,0.9256853677958926,1,1,1,False,False,False,False,True,False,True,False,False,False,False,False,True,False,False,False,1,5.46056375891094,0.0
D100187,49.99,46,4,0,0.2682544172971206,0.7815006676322332,0.4573039467324765,0,0,0,True,False,False,False,False,True,False,False,False,False,False,True,False,False,False,False,1,3.9316295350670645,0.0851063829787234
D102452,644.24,46,2,1,0.901096950388654,0.704850642254723,0.4089541169823752,1,1,0,False,False,True,False,False,False,True,False,False,False,False,False,False,False,True,False,0,6.469622340609587,0.0425531914893617
D102523,292.19,46,2,0,0.6960635745233179,0.7062481470495277,0.749152876786105,0,1,1,False,False,True,False,False,True,False,False,False,True,False,False,False,False,False,False,0,5.680820863018854,0.0425531914893617
D101902,1343.39,46,1,0,0.2028273085089889,0.6214439819674249,0.7100795244028134,0,0,1,False,False,False,True,False,True,False,False,False,False,False,False,False,False,True,False,0,7.203695657560865,0.02127659574468085
D100099,373.43,46,3,0,0.3906587936499531,0.2313894606628363,0.8098000537361741,0,0,1,False,False,False,False,True,False,False,True,False,False,True,False,False,False,False,False,0,5.925404869598472,0.06382978723404255
D100102,338.81,46,2,1,0.7105983668099276,0.67245767796549,0.4268785148233202,1,1,1,False,True,False,False,False,False,True,False,False,False,False,False,False,False,False,True,0,5.828386637880732,0.0425531914893617
D100768,345.11,46,4,0,0.1406081784918497,0.4212678576866066,0.5296619780240105,0,1,1,True,False,False,False,False,True,False,False,False,False,False,True,False,False,False,False,1,5.846756643607308,0.0851063829787234
D102449,473.81,46,4,1,0.7820129738303914,0.3296023759561623,0.479880755154276,1,1,0,False,False,True,False,False,True,False,False,False,False,False,True,False,False,False,False,1,6.1629147240133015,0.0851063829787234
D101858,157.84,46,1,0,0.6740895730591324,0.4723321784681303,0.1267694818301902,0,1,0,False,True,False,False,False,False,False,False,True,True,False,False,False,False,False,False,0,5.067897406263051,0.02127659574468085
D100748,112.07,46,3,1,0.8386127470030705,0.3680104082512275,0.323862608100694,1,0,0,False,False,False,True,False,False,False,False,True,False,True,False,False,False,False,False,0,4.728007095947154,0.06382978723404255
D101836,390.98,46,1,1,0.3707990982498316,0.7028393999742543,0.5829700030780198,0,1,1,True,False,False,False,False,False,True,False,False,True,False,False,False,False,False,False,0,5.971210818080714,0.02127659574468085
D100814,233.75,46,1,1,0.4021058587321431,0.640822957959388,0.7627589700467029,1,1,1,True,False,False,False,False,True,False,False,False,False,False,False,True,False,False,False,1,5.458521118088372,0.02127659574468085
D100356,133.75,46,0,1,0.7755011865089422,0.4813931081631893,0.9015885591996092,0,0,0,False,False,False,True,False,True,False,False,False,False,True,False,False,False,False,False,0,4.903421209789107,0.0
D101059,90.17,46,1,0,0.8234114326362332,0.3901042730356027,0.4528467053719288,1,0,0,False,False,True,False,False,False,True,False,False,False,False,False,False,False,False,True,0,4.5127258955968115,0.02127659574468085
D100097,185.53,46,0,0,0.2307996591655957,0.8782762158291784,0.154569407781888,0,1,0,True,False,False,False,False,False,True,False,False,False,True,False,False,False,False,False,0,5.228592084056471,0.0
D103513,213.94,46,4,0,0.0891745683111333,0.2409438218587702,0.8668263194736385,0,0,0,False,False,False,False,True,False,False,False,True,False,False,False,False,False,True,False,0,5.3703589194130075,0.0851063829787234
D102894,219.01,46,0,1,0.6437129256701868,0.3489292615430488,0.760538075856272,0,1,1,False,False,False,False,True,True,False,False,False,False,False,False,False,False,True,False,0,5.39367299986479,0.0
D101450,166.27,46,6,0,0.3432768618074927,0.7924508159400148,0.2309504380834955,0,0,0,False,False,False,True,False,False,False,True,False,True,False,False,False,False,False,False,0,5.119609273323918,0.1276595744680851
D100296,854.57,46,2,1,0.6604619795993759,0.1782895457930859,0.841702484568276,1,0,1,False,False,False,False,True,True,False,False,False,False,False,False,True,False,False,False,1,6.751767913479921,0.0425531914893617
D103748,90.27,46,2,0,0.3868966629117109,0.8911474466406385,0.9003592732246426,1,1,1,False,True,False,False,False,True,False,False,False,False,False,True,False,False,False,False,1,4.513822146528786,0.0425531914893617
D102181,132.01,46,4,0,0.5616590855735836,0.0967179122085881,0.5902243520211939,0,0,0,False,False,False,False,True,True,False,False,False,True,False,False,False,False,False,False,0,4.890424313365204,0.0851063829787234
D101999,112.3,46,2,0,0.8843282015065653,0.5695922749394003,0.4132081324586742,1,1,0,False,False,True,False,False,False,False,True,False,False,False,False,True,False,False,False,1,4.730039168033961,0.0425531914893617
D102673,163.67,46,2,1,0.4821348895816916,0.6129210367232724,0.2336351204487438,1,1,0,False,False,True,False,False,True,False,False,False,False,False,False,False,False,False,True,0,5.103943471229908,0.0425531914893617
D102567,111.57,46,1,0,0.8129120302750718,0.7613944432084622,0.3093447119147676,1,1,0,True,False,False,False,False,False,True,False,False,False,True,False,False,False,False,False,0,4.7235752503667126,0.02127659574468085
D100602,193.23,46,2,0,0.8367678759148099,0.2295093730186708,0.1766834375282933,1,0,0,False,False,False,True,False,False,False,False,True,False,False,False,False,False,False,True,0,5.269043023844041,0.0425531914893617
D101296,55.36,46,3,1,0.6602702139177257,0.8495609774488235,0.4694331179973395,0,1,1,True,False,False,False,False,False,True,False,False,False,False,False,False,True,False,False,0,4.03175968703048,0.06382978723404255
D103484,125.13,46,2,0,0.3754866235302894,0.1441863277378915,0.5574073982921933,0,0,1,False,False,True,False,False,False,True,False,False,False,False,True,False,False,False,False,1,4.837313121099101,0.0425531914893617
D103455,743.92,46,1,0,0.7501628286996701,0.514812761885281,0.6402546167922127,1,0,1,False,False,False,True,False,False,False,False,True,False,True,False,False,False,False,False,0,6.613276830063305,0.02127659574468085
D100316,131.58,45,3,0,0.2591877282150159,0.6251042902513562,0.5220763726431827,0,1,0,False,True,False,False,False,False,False,True,False,False,False,False,True,False,False,False,1,4.887186236813245,0.06521739130434782
D100597,1034.23,45,2,0,0.4613482259530995,0.4338022455773092,0.3259658665833862,1,1,1,False,False,True,False,False,True,False,False,False,False,False,False,False,True,False,False,0,6.942378903233991,0.043478260869565216
D102843,214.95,45,1,1,0.9286374109201632,0.3071949333793204,0.7286208748776474,1,0,0,False,True,False,False,False,False,False,True,False,False,False,False,False,True,False,False,0,5.37504689940671,0.021739130434782608
D102849,82.42,45,1,1,0.7439217427582683,0.719134373738473,0.2894706997294443,1,1,0,False,True,False,False,False,False,False,True,False,True,False,False,False,False,False,False,0,4.423888088768799,0.021739130434782608
D100161,33.32,45,2,0,0.4965522213433629,0.1910523870684326,0.7825698772469629,1,0,1,False,False,False,False,True,True,False,False,False,False,False,True,False,False,False,False,1,3.5357282746197614,0.043478260869565216
D103091,373.75,45,3,0,0.2107492847114608,0.6465007760920453,0.7862935118508942,0,1,1,False,False,False,False,True,False,False,True,False,False,False,True,False,False,False,False,1,5.926259136982707,0.06521739130434782
D103819,935.12,45,1,0,0.6370545723055155,0.4310629329884552,0.7222212019658875,0,0,1,False,False,False,True,False,False,False,False,True,False,False,True,False,False,False,False,1,6.841743673388222,0.021739130434782608
D103316,120.49,45,0,1,0.8575249495690282,0.2827627984938607,0.6993998778976811,1,0,1,False,False,False,True,False,True,False,False,False,True,False,False,False,False,False,False,0,4.799831954866651,0.0
D103515,293.05,45,3,0,0.739004683244888,0.5139662873274707,0.1413957418626206,0,0,0,False,False,False,True,False,False,False,True,False,False,False,False,False,True,False,False,0,5.683749820905965,0.06521739130434782
D103408,81.96,45,3,0,0.5061105582405048,0.1550461083676831,0.5283584333460796,1,0,1,False,False,True,False,False,False,True,False,False,False,False,False,False,True,False,False,0,4.418358563921272,0.06521739130434782
D100942,183.24,45,1,0,0.6323920324202509,0.2481379907527747,0.417626596216847,1,0,1,False,True,False,False,False,False,True,False,False,False,False,False,True,False,False,False,1,5.21623925551243,0.021739130434782608
D100363,92.35,45,1,1,0.4755474843117824,0.2823650950702311,0.4185807145126945,0,0,1,True,False,False,False,False,False,False,True,False,False,True,False,False,False,False,False,0,4.536355869987732,0.021739130434782608
D100731,141.9,45,1,1,0.9464205451816392,0.814470336175693,0.2633479737347755,1,0,0,True,False,False,False,False,False,False,True,False,False,False,False,False,False,True,False,0,4.9621450849358215,0.021739130434782608
D101177,791.76,45,4,0,0.3064409299507852,0.3502564333680538,0.1938617854753432,1,0,0,False,True,False,False,False,True,False,False,False,False,False,True,False,False,False,False,1,6.675520527656147,0.08695652173913043
D100706,149.05,45,4,0,0.7229159159483427,0.9306486224730068,0.691550093566927,1,1,1,False,False,False,True,False,False,True,False,False,False,False,False,False,True,False,False,0,5.010968571886377,0.08695652173913043
D100704,167.27,45,2,1,0.5576352674114972,0.4833688163176874,0.4862005402060608,1,0,0,False,True,False,False,False,False,False,True,False,False,True,False,False,False,False,False,0,5.125569832188355,0.043478260869565216
D101729,689.35,45,2,0,0.5093445065358789,0.3673502221791263,0.3166403335904274,1,0,0,False,True,False,False,False,True,False,False,False,False,False,False,True,False,False,False,1,6.537198715362162,0.043478260869565216
D103277,421.0,45,3,0,0.4053775501437255,0.7413263117035629,0.7390364909637892,0,0,1,False,False,True,False,False,False,True,False,False,False,True,False,False,False,False,False,0,6.045005314036012,0.06521739130434782
D103140,313.09,45,3,1,0.3388923884383495,0.8904827969961823,0.516726821886135,0,1,1,False,True,False,False,False,False,True,False,False,True,False,False,False,False,False,False,0,5.749679569043205,0.06521739130434782
D103519,181.68,45,5,0,0.8858645179400676,0.131901001988339,0.5424799967529124,0,0,1,False,False,False,True,False,False,True,False,False,False,False,False,False,True,False,False,0,5.207735988316799,0.10869565217391304
D102499,195.56,45,2,0,0.7785484900171138,0.7070041696721676,0.4603674010696164,0,1,0,False,False,True,False,False,True,False,False,False,True,False,False,False,False,False,False,0,5.280967728212923,0.043478260869565216
D103612,22.77,45,3,0,0.600320436866686,0.6479178668906584,0.7345536589464448,1,1,1,False,False,True,False,False,True,False,False,False,False,True,False,False,False,False,False,0,3.1684242813721024,0.06521739130434782
D102394,197.51,45,1,0,0.7712728365927111,0.2833383625547021,0.2063935199866722,1,1,1,False,False,True,False,False,False,True,False,False,False,False,False,False,False,False,True,0,5.290839476692078,0.021739130434782608
D100887,110.76,45,0,0,0.1975355615257822,0.8397668825403375,0.3945368403945133,0,1,1,True,False,False,False,False,False,True,False,False,False,True,False,False,False,False,False,0,4.716353714948706,0.0
D100821,182.37,45,1,0,0.9274039968682992,0.1152326023128909,0.1792024020035647,1,0,0,False,False,True,False,False,False,False,True,False,True,False,False,False,False,False,False,0,5.211505969561073,0.021739130434782608
D100487,306.52,45,2,1,0.848494390990645,0.859510561025523,0.5801147887553145,1,1,1,False,True,False,False,False,False,True,False,False,False,False,False,False,True,False,False,0,5.728540125781928,0.043478260869565216
D103088,185.1,45,1,0,0.8388132017154716,0.9170463989586756,0.5848718683005861,1,1,0,False,False,True,False,False,True,False,False,False,False,False,False,False,False,False,True,0,5.226284163648205,0.021739130434782608
D103579,581.8,45,3,1,0.7109794905239896,0.7549994051571413,0.2755448282726742,1,1,1,True,False,False,False,False,False,True,False,False,False,False,False,False,True,False,False,0,6.36784407432105,0.06521739130434782
D103603,82.09,45,4,1,0.1679941102814409,0.3672200338564942,0.260036415757929,0,0,0,False,True,False,False,False,False,False,True,False,False,False,False,True,False,False,False,1,4.41992435767689,0.08695652173913043
D101348,379.34,45,3,0,0.6123687209719414,0.923512563334637,0.2973948545716827,0,1,0,False,True,False,False,False,False,True,False,False,False,True,False,False,False,False,False,0,5.94106558952413,0.06521739130434782
D103218,172.02,45,2,0,0.4030521860409173,0.6068297621218156,0.4406054932175969,0,1,0,False,True,False,False,False,False,False,True,False,False,True,False,False,False,False,False,0,5.153407194752228,0.043478260869565216
D100426,411.41,45,0,0,0.925579539439126,0.5339651025458804,0.1173328152360825,1,0,0,False,True,False,False,False,False,True,False,False,False,False,True,False,False,False,False,1,6.022018000151438,0.0
D103102,66.08,45,0,0,0.2348481352126813,0.1247493104799452,0.3906179884828398,0,0,0,False,False,False,False,True,False,False,True,False,False,False,False,False,True,False,False,0,4.205885936955008,0.0
D103770,170.27,45,1,1,0.785626479539569,0.8244723998501409,0.3742833802220494,1,1,1,False,False,False,False,True,False,True,False,False,False,False,False,False,True,False,False,0,5.143241258644277,0.021739130434782608
D103204,699.32,45,1,0,0.8758837945778887,0.0970654280820472,0.8357758394284481,1,0,1,False,False,False,False,True,False,True,False,False,False,True,False,False,False,False,False,0,6.551537373442585,0.021739130434782608
D101057,274.03,45,3,0,0.8136864865971752,0.5594191918325031,0.2211585026398878,1,1,0,False,True,False,False,False,False,True,False,False,False,True,False,False,False,False,False,0,5.616880182625682,0.06521739130434782
D101768,55.63,45,3,1,0.7957725210937148,0.5322145965046441,0.4864045657991864,1,0,1,True,False,False,False,False,False,False,True,False,False,False,False,True,False,False,False,1,4.036538880125714,0.06521739130434782
D100619,289.99,45,2,0,0.3333950862882517,0.6272513664366482,0.4321792013727456,0,1,0,True,False,False,False,False,True,False,False,False,False,False,False,True,False,False,False,1,5.673288902319859,0.043478260869565216
D102771,1206.54,45,3,0,0.4255115407166076,0.5925216828187854,0.2393319850055305,0,1,0,False,False,False,True,False,False,False,True,False,False,False,False,False,True,False,False,0,7.09634051127206,0.06521739130434782
D101452,155.79,45,1,1,0.7537406138556881,0.3685203328356946,0.3962834796892587,1,0,0,False,False,False,True,False,False,False,True,False,False,False,False,True,False,False,False,1,5.054907330372359,0.021739130434782608
D101526,105.14,45,5,0,0.1507112827970715,0.5687313574107361,0.4206253760953035,0,1,0,False,True,False,False,False,False,False,True,False,False,False,False,False,False,False,True,0,4.664758977399749,0.10869565217391304
D101699,268.07,45,1,0,0.5192895693059715,0.1804529758245275,0.0937552879312304,0,1,0,False,False,True,False,False,True,False,False,False,False,False,False,False,False,True,False,0,5.594971568798021,0.021739130434782608
D100727,83.14,45,1,0,0.2664919181947687,0.8292321642501066,0.4459920561202419,0,1,1,True,False,False,False,False,True,False,False,False,True,False,False,False,False,False,False,0,4.432482078162375,0.021739130434782608
D103474,262.71,45,2,1,0.6324249606509788,0.1304777027284839,0.3257351325289386,1,0,0,False,False,True,False,False,True,False,False,False,False,False,False,False,False,False,True,0,5.57485001452115,0.043478260869565216
D101619,297.46,45,0,0,0.380182308836535,0.3943244833582027,0.3686911296128415,1,0,1,True,False,False,False,False,True,False,False,False,False,False,False,True,False,False,False,1,5.698635920503322,0.0
D101245,827.88,45,4,0,0.6204375845767489,0.2034960269282207,0.8214773708658434,1,0,1,False,True,False,False,False,False,False,True,False,False,False,False,False,False,False,True,0,6.720075391943496,0.08695652173913043
D103655,177.96,45,0,1,0.1344261084435175,0.7796076388642469,0.4973888290155034,0,1,0,True,False,False,False,False,False,True,False,False,False,False,False,True,False,False,False,1,5.187162317181874,0.0
D103009,168.11,45,2,0,0.8405559375546446,0.6286890206433222,0.363344561806626,1,1,1,False,False,False,True,False,False,True,False,False,False,False,False,True,False,False,False,1,5.130549390761593,0.043478260869565216
D101534,471.07,44,5,0,0.2540957176324857,0.5409608418599313,0.1520539348995594,0,1,0,True,False,False,False,False,True,False,False,False,True,False,False,False,False,False,False,0,6.15712727967419,0.1111111111111111
D103975,961.85,44,1,0,0.3689175861197964,0.382031858182552,0.4272941071237163,0,1,1,False,True,False,False,False,False,True,False,False,False,False,False,True,False,False,False,1,6.869897636425897,0.022222222222222223
D102863,1578.1,44,1,1,0.3009267023667513,0.5530691005136574,0.3941464681828052,0,1,0,True,False,False,False,False,False,True,False,False,False,False,False,False,False,True,False,0,7.364610343472598,0.022222222222222223
D101920,172.07,44,2,1,0.4253865098691533,0.4720966464548943,0.6061548325120472,0,1,1,False,False,True,False,False,False,False,True,False,False,False,False,False,False,False,True,0,5.153696136936908,0.044444444444444446
D102860,1201.81,44,4,0,0.2574366152075908,0.1398974275347783,0.2573795527333008,1,0,1,False,True,False,False,False,True,False,False,False,False,False,True,False,False,False,False,1,7.092415765013967,0.08888888888888889
D102021,285.67,44,0,1,0.1888827314234582,0.7303795348606578,0.6652165322210045,0,1,0,True,False,False,False,False,False,True,False,False,False,False,False,True,False,False,False,1,5.658331728418817,0.0
D102069,147.22,44,3,0,0.3228408397135737,0.5153987520127536,0.2835537243470881,0,1,0,False,False,True,False,False,True,False,False,False,False,True,False,False,False,False,False,0,4.998697656523213,0.06666666666666667
D102882,478.17,44,4,0,0.3550739222204577,0.3656299911484247,0.4658249043487631,0,1,0,False,False,True,False,False,True,False,False,False,False,False,False,False,False,False,True,0,6.172055440500938,0.08888888888888889
D101111,541.89,44,2,0,0.4410321270043866,0.748489362007649,0.1107515397603371,1,1,0,False,True,False,False,False,True,False,False,False,False,False,False,True,False,False,False,1,6.296906721143309,0.044444444444444446
D103879,418.73,44,2,1,0.8410279644975864,0.7913845974357974,0.1348898775926734,1,1,0,False,True,False,False,False,False,True,False,False,False,False,False,False,False,False,True,0,6.039611647413304,0.044444444444444446
D101565,172.81,44,1,1,0.728189045354885,0.5981686470099873,0.6692122534097245,0,0,1,False,False,True,False,False,False,False,True,False,False,False,False,True,False,False,False,1,5.157962748575389,0.022222222222222223
D101310,542.27,44,2,0,0.1858484502672577,0.5378930193078847,0.255001423617861,0,0,0,False,True,False,False,False,True,False,False,False,False,False,False,True,False,False,False,1,6.297606433921361,0.044444444444444446
D102561,908.27,44,2,0,0.2517683126860999,0.149068227981391,0.1801067938217618,0,0,0,False,False,True,False,False,False,True,False,False,False,False,False,False,False,False,True,0,6.81264207977586,0.044444444444444446
D103087,648.19,44,2,1,0.8425610596333762,0.7526425370906638,0.3171156952259278,1,0,0,False,False,True,False,False,True,False,False,False,False,False,False,False,False,True,False,0,6.475725431948171,0.044444444444444446
D100842,533.66,44,4,0,0.4825549576184522,0.3851608644970321,0.1718091625174838,0,0,0,False,False,True,False,False,False,False,True,False,False,False,False,False,True,False,False,0,6.281631030852683,0.08888888888888889
D100172,663.09,44,2,1,0.748616008977461,0.8982808448298606,0.321416023509483,1,0,1,False,True,False,False,False,False,True,False,False,False,False,False,False,False,True,False,0,6.498417682460099,0.044444444444444446
D102609,110.53,44,3,1,0.7952019522992737,0.8687092028450604,0.5753263800062093,0,1,1,False,True,False,False,False,True,False,False,False,False,False,True,False,False,False,False,1,4.714293613006445,0.06666666666666667
D101126,609.42,44,1,0,0.8562265892995036,0.27342878653823,0.3050545104062288,1,0,0,False,False,True,False,False,False,False,True,False,False,True,False,False,False,False,False,0,6.414147244833211,0.022222222222222223
D101130,55.35,44,1,1,0.4427061397667331,0.8388953684127611,0.918122989216982,1,1,1,False,False,False,False,True,True,False,False,False,False,False,False,False,True,False,False,0,4.031582240485785,0.022222222222222223
D101802,534.04,44,2,0,0.0676665292723315,0.6324804823816339,0.1818803034440535,0,1,0,True,False,False,False,False,True,False,False,False,False,False,True,False,False,False,False,1,6.282341510456282,0.044444444444444446
D102332,680.1,44,2,0,0.2365152383921234,0.0835185410924488,0.6625762224269927,0,1,0,False,False,False,True,False,False,False,True,False,False,False,False,True,False,False,False,1,6.5237091382472725,0.044444444444444446
D102279,259.66,44,3,0,0.6964306034578831,0.1039844200729229,0.3034195595896476,1,0,0,False,False,True,False,False,False,False,False,True,False,False,False,False,False,True,False,0,5.563216876102574,0.06666666666666667
D101801,119.43,44,1,1,0.8482130831504584,0.8204535561478469,0.8859174431193244,1,1,1,False,False,True,False,False,True,False,False,False,False,False,False,False,False,False,True,0,4.791068671272389,0.022222222222222223
D103318,78.54,44,2,0,0.8264737008750396,0.1807903304708611,0.3549515334600012,1,0,0,True,False,False,False,False,True,False,False,False,False,False,False,False,True,False,False,0,4.376260039779544,0.044444444444444446
D103661,403.01,44,0,0,0.8672251767430278,0.7629073351041604,0.5410015804709006,1,1,0,False,False,False,True,False,False,False,True,False,False,True,False,False,False,False,False,0,6.0014396301300605,0.0
D100520,206.46,44,1,1,0.5155320760477051,0.4262479575140724,0.4496835010154693,0,1,0,False,False,False,True,False,True,False,False,False,False,False,False,False,True,False,False,0,5.334938550003682,0.022222222222222223
D103451,447.8,44,3,1,0.7664623643150038,0.7793599951702342,0.5124052093132161,0,1,0,False,False,True,False,False,False,False,True,False,False,False,False,False,False,True,False,0,6.106577354208486,0.06666666666666667
D100292,118.13,44,3,0,0.3155436220445942,0.5448428653947208,0.7506927594060268,1,0,1,False,False,False,False,True,False,False,False,True,True,False,False,False,False,False,False,0,4.780215333811269,0.06666666666666667
D102624,690.5,44,0,0,0.7047640844427692,0.8913208967655663,0.310320780378524,1,1,1,False,False,True,False,False,False,True,False,False,False,True,False,False,False,False,False,0,6.538863151104813,0.0
D101239,123.4,44,1,0,0.5023673544518692,0.3976735452738552,0.5292468298189713,0,0,0,True,False,False,False,False,False,False,False,True,False,False,True,False,False,False,False,1,4.823502180305079,0.022222222222222223
D101555,215.71,44,1,0,0.7282236429838332,0.3139624412384588,0.3510369586969017,0,0,1,False,False,False,True,False,False,True,False,False,False,False,False,False,True,False,False,0,5.3785600542242396,0.022222222222222223
D103896,71.68,44,3,1,0.4270905973259677,0.9046726730087388,0.197087987962043,0,1,0,False,True,False,False,False,False,True,False,False,False,False,False,True,False,False,False,1,4.28606624352797,0.06666666666666667
D101764,250.99,44,0,0,0.4164001581996113,0.9130791634079236,0.4566985180496039,1,1,1,True,False,False,False,False,True,False,False,False,False,True,False,False,False,False,False,0,5.529389404184368,0.0
D103778,304.8,44,6,0,0.5023668570615466,0.4591911103832679,0.2504368489794132,0,1,0,False,False,False,True,False,False,False,True,False,True,False,False,False,False,False,False,0,5.722931293494962,0.13333333333333333
D103782,305.57,44,1,0,0.8972338893069954,0.5253634121789827,0.5891306400957559,1,0,0,False,False,False,False,True,False,True,False,False,True,False,False,False,False,False,False,0,5.725446114292227,0.022222222222222223
D103172,738.56,44,3,1,0.3676186998292458,0.6123401293721694,0.1532532990892418,0,1,0,False,False,True,False,False,False,False,True,False,False,False,False,True,False,False,False,1,6.606055414762152,0.06666666666666667
D102985,570.92,44,1,0,0.2887784084065368,0.4776115516755549,0.6994026664862066,0,0,0,False,True,False,False,False,False,False,True,False,False,False,False,False,True,False,False,0,6.348999121458596,0.022222222222222223
D101686,370.57,44,2,0,0.7454490268864787,0.2875462012230924,0.1381991610977642,0,0,0,False,False,True,False,False,True,False,False,False,False,False,False,True,False,False,False,1,5.9177372717108225,0.044444444444444446
D101200,193.63,44,4,0,0.6968197199962328,0.5541777220980048,0.3910732515904286,1,1,0,False,False,True,False,False,True,False,False,False,False,False,False,True,False,False,False,1,5.271100320254484,0.08888888888888889
D101187,194.91,44,2,0,0.1209396197278578,0.8467463851688214,0.2425302603391722,0,1,0,False,False,False,False,True,True,False,False,False,True,False,False,False,False,False,False,0,5.277655370099941,0.044444444444444446
D100557,397.28,44,2,1,0.8661351942090081,0.4181831456988736,0.5325841502224135,1,0,1,False,False,True,False,False,True,False,False,False,False,False,False,True,False,False,False,1,5.987155275519884,0.044444444444444446
D103636,69.83,44,1,0,0.7885103459948092,0.0947683460848664,0.4930207387201675,1,1,1,False,False,False,True,False,True,False,False,False,False,False,False,True,False,False,False,1,4.260282639765531,0.022222222222222223
D101342,224.22,44,1,1,0.9141763591675172,0.4218768032235744,0.4543631281079233,1,0,1,False,False,True,False,False,False,False,True,False,True,False,False,False,False,False,False,0,5.417077702268879,0.022222222222222223
D102657,416.53,44,2,0,0.2306254997160533,0.2641263112955492,0.3268887446522925,0,0,0,False,False,True,False,False,False,False,False,True,False,False,False,True,False,False,False,1,6.034356397996796,0.044444444444444446
D102125,347.52,44,4,0,0.5634491875153774,0.5678332980802858,0.4454607570444296,1,0,1,False,True,False,False,False,False,True,False,False,True,False,False,False,False,False,False,0,5.853695617363086,0.08888888888888889
D102151,659.23,44,2,0,0.2088578656583342,0.8974426085650259,0.5852268358101206,1,0,0,True,False,False,False,False,False,False,True,False,False,False,False,False,False,True,False,0,6.492588259162215,0.044444444444444446
D102195,1173.89,44,2,0,0.4554494335775949,0.2814415542934132,0.8703946257724113,0,0,1,False,False,False,True,False,True,False,False,False,False,False,False,False,False,True,False,0,7.068929805174636,0.044444444444444446
D100006,32.68,44,1,1,0.4763049371017209,0.7233186686677431,0.673698587269177,0,0,1,False,False,False,True,False,False,False,False,True,False,False,False,False,True,False,False,0,3.516904189374126,0.022222222222222223
D102365,3990.6,43,4,1,0.111476008151379,0.1602043675906942,0.0699670114137144,0,0,0,False,False,True,False,False,False,True,False,False,False,False,False,False,False,True,False,0,8.291947432010158,0.09090909090909091
D103919,206.16,43,3,0,0.5284638266127323,0.7665911824947018,0.6366266619785638,0,1,1,False,True,False,False,False,False,True,False,False,False,False,False,False,True,False,False,0,5.333491441555691,0.06818181818181818
D101205,500.61,43,2,1,0.3054247112494557,0.7743752028240062,0.3869226327081393,1,1,0,True,False,False,False,False,True,False,False,False,False,False,True,False,False,False,False,1,6.217822925324135,0.045454545454545456
D100968,568.65,43,1,1,0.7425690365957853,0.6597751267069515,0.7891822452271395,1,1,1,False,False,True,False,False,False,True,False,False,False,False,False,True,False,False,False,1,6.345022137144125,0.022727272727272728
D100973,312.56,43,2,1,0.18462024691183,0.266456795189576,0.9079829300254378,0,0,1,False,False,False,False,True,False,False,False,True,False,False,True,False,False,False,False,1,5.747990729320521,0.045454545454545456
D102914,2020.62,43,0,0,0.1321029469467791,0.8619003919725168,0.7365263858690361,0,1,0,False,False,True,False,False,True,False,False,False,False,False,False,False,False,True,False,0,7.611654449178985,0.0
D100337,238.83,43,1,0,0.5867556313161619,0.538973120728596,0.4367952707958288,0,0,0,False,False,True,False,False,False,True,False,False,False,False,False,False,False,False,True,0,5.479930339022074,0.022727272727272728
D100444,265.08,43,2,1,0.7754151500386169,0.1602458621440498,0.5867953888516256,1,0,0,False,True,False,False,False,True,False,False,False,False,False,True,False,False,False,False,1,5.583797015444618,0.045454545454545456
D103227,2337.77,43,2,0,0.3061471958276842,0.5122266751581984,0.3970012569310085,0,0,0,False,True,False,False,False,False,True,False,False,False,False,False,False,False,True,False,0,7.757380429128432,0.045454545454545456
D101364,140.14,43,0,1,0.6653523042397358,0.4779303375143,0.2461541859820042,0,0,0,False,False,True,False,False,False,True,False,False,False,True,False,False,False,False,False,0,4.949752305572684,0.0
D103241,361.92,43,1,0,0.5527815296759572,0.7909830042360094,0.8181395003673929,1,0,1,False,False,True,False,False,False,True,False,False,False,False,True,False,False,False,False,1,5.8941824243014285,0.022727272727272728
D102987,113.84,43,1,0,0.8304267173549011,0.4791862014175144,0.9119305094536022,1,1,1,False,False,True,False,False,True,False,False,False,False,False,False,False,False,False,True,0,4.743539855252863,0.022727272727272728
D102185,153.4,43,6,0,0.6771222618850438,0.1706460399646659,0.2553078916399963,1,0,0,False,True,False,False,False,False,True,False,False,False,False,False,False,False,True,False,0,5.039546637590676,0.13636363636363635
D100521,63.77,43,3,0,0.5601320327025879,0.4763966761597019,0.3699388734709297,0,0,1,False,True,False,False,False,True,False,False,False,False,False,True,False,False,False,False,1,4.170842533194826,0.06818181818181818
D102638,238.08,43,2,1,0.891647096976545,0.8866492044961144,0.9115667587235368,1,1,1,False,False,False,True,False,False,True,False,False,False,False,False,False,True,False,False,0,5.476798223956053,0.045454545454545456
D100288,315.75,43,0,1,0.7342657510079638,0.7059656726721969,0.3845693492753964,0,0,0,False,False,True,False,False,False,False,True,False,False,False,False,False,True,False,False,0,5.758112819201249,0.0
D103490,123.01,43,0,0,0.857927909908812,0.727082256126491,0.6064350760180102,0,0,1,False,False,True,False,False,True,False,False,False,True,False,False,False,False,False,False,0,4.820362207514681,0.0
D101067,140.03,43,2,0,0.956545451802242,0.321556375217423,0.4077175131028718,1,0,1,False,False,True,False,False,False,False,True,False,False,False,False,False,False,False,True,0,4.948972633704149,0.045454545454545456
D102565,99.15,43,3,0,0.7295592681384001,0.8238649593562914,0.7047332932426738,1,1,1,False,True,False,False,False,True,False,False,False,False,False,False,False,False,False,True,0,4.606669062111827,0.06818181818181818
D100476,468.74,43,1,1,0.7581985255956162,0.8337495827954441,0.8989396285191988,1,1,1,False,True,False,False,False,False,False,True,False,False,False,False,False,False,False,True,0,6.152179350147878,0.022727272727272728
D101722,40.6,43,6,1,0.7665353090713621,0.3211051105779015,0.5792667364030359,1,0,1,False,False,True,False,False,False,False,False,True,False,False,True,False,False,False,False,1,3.728100167267218,0.13636363636363635
D102168,1556.09,43,2,0,0.0466433793228332,0.3811255738260738,0.1593793045516111,0,1,0,False,True,False,False,False,False,True,False,False,False,False,False,True,False,False,False,1,7.350573973631651,0.045454545454545456
D102001,837.16,43,2,0,0.7672791226214923,0.0652320787916903,0.3321157895462556,1,0,0,False,True,False,False,False,False,False,True,False,True,False,False,False,False,False,False,0,6.731209013044709,0.045454545454545456
D103795,186.47,43,2,0,0.4855655241595845,0.5733057950795084,0.3910253662491811,1,1,1,False,False,True,False,False,True,False,False,False,False,True,False,False,False,False,False,0,5.2336188326091,0.045454545454545456
D103703,169.93,43,1,0,0.2792326536818892,0.1437334097909821,0.2460409522601384,0,0,1,False,False,True,False,False,False,False,True,False,True,False,False,False,False,False,False,0,5.141254115968176,0.022727272727272728
D101843,327.74,43,3,0,0.6067318396284691,0.3903602815077037,0.8999589365613526,1,0,1,False,False,False,False,True,False,True,False,False,False,False,False,False,False,True,False,0,5.795267164778379,0.06818181818181818
D102149,94.94,43,0,0,0.6973773459295807,0.798581799517423,0.482108063523483,0,1,1,True,False,False,False,False,False,False,False,True,False,False,False,False,True,False,False,0,4.563722996073918,0.0
D103832,142.78,43,0,0,0.8719735764460095,0.6523584664538002,0.7034538463741895,1,1,1,False,True,False,False,False,False,True,False,False,False,False,False,False,False,False,True,0,4.968284353555726,0.0
D101921,150.68,43,2,0,0.5625895075721089,0.9082921949184232,0.8248510136486084,1,1,1,False,True,False,False,False,False,False,True,False,False,False,False,False,False,True,False,0,5.021773038506712,0.045454545454545456
D101263,225.24,43,3,0,0.4397456668820981,0.4284878618415008,0.4416493728418119,0,1,1,False,False,False,False,True,True,False,False,False,False,False,False,False,False,False,True,0,5.421596382708208,0.06818181818181818
D102684,496.55,43,2,0,0.2034524899677124,0.8776430177714778,0.2640905836140698,0,1,0,False,True,False,False,False,False,True,False,False,False,True,False,False,False,False,False,0,6.209696054061171,0.045454545454545456
D103168,415.89,42,2,0,0.8112930454526989,0.1509998104876908,0.5186680272371283,1,0,1,True,False,False,False,False,False,True,False,False,True,False,False,False,False,False,False,0,6.032822398031547,0.046511627906976744
D102329,74.82,42,2,0,0.7651420055594629,0.5900334607568017,0.229227873030263,1,1,0,False,False,True,False,False,True,False,False,False,False,True,False,False,False,False,False,0,4.328362110088189,0.046511627906976744
D102562,464.07,42,2,0,0.3928822498005635,0.3485187357622135,0.7712236569524212,0,0,0,False,False,False,True,False,False,False,True,False,False,False,False,False,True,False,False,0,6.142187931892113,0.046511627906976744
D103446,293.14,42,2,1,0.5648401157974411,0.592458483635372,0.6426239341979614,0,0,1,False,False,True,False,False,False,False,True,False,False,False,False,False,False,False,True,0,5.684055844472168,0.046511627906976744
D102288,525.09,42,1,1,0.5949059349375255,0.7073662232204102,0.4101867483498591,0,1,1,False,True,False,False,False,False,True,False,False,False,False,False,False,False,False,True,0,6.265472300762916,0.023255813953488372
D103504,160.19,42,7,1,0.287230903670366,0.8723318563527395,0.7460001866757244,0,1,0,False,False,True,False,False,True,False,False,False,False,False,False,True,False,False,False,1,5.08258379340884,0.16279069767441862
D102289,402.92,42,2,1,0.2914947045855408,0.2149116596734333,0.5628705282882339,1,0,1,False,True,False,False,False,False,False,True,False,False,False,False,True,False,False,False,1,6.00121683855066,0.046511627906976744
D100836,206.6,42,2,1,0.8978110792873714,0.3019442488507211,0.7609405100815511,1,0,1,False,False,False,True,False,False,True,False,False,False,False,False,False,False,True,False,0,5.335613151291733,0.046511627906976744
D103471,194.25,42,1,1,0.8712524545956586,0.5738518642034456,0.678943127897525,0,0,0,False,True,False,False,False,False,True,False,False,False,False,False,False,True,False,False,0,5.274280788719795,0.023255813953488372
D102196,322.68,42,2,0,0.2864949685968898,0.7176118294862639,0.3920766741617666,1,0,0,True,False,False,False,False,False,True,False,False,True,False,False,False,False,False,False,0,5.779755373419436,0.046511627906976744
D103802,147.32,42,4,1,0.8148016058643375,0.870112300275228,0.5533610160210998,1,1,1,False,True,False,False,False,True,False,False,False,True,False,False,False,False,False,False,0,4.999372101817545,0.09302325581395349
D103914,281.02,42,3,1,0.8462005713615248,0.4835710823092165,0.734247734115139,1,1,1,False,True,False,False,False,False,False,True,False,False,True,False,False,False,False,False,0,5.641977990409084,0.06976744186046512
D100912,160.15,42,2,0,0.2548939748706473,0.2322057009258891,0.4464261046228275,0,0,1,False,False,False,True,False,False,False,True,False,False,False,False,False,False,False,True,0,5.082335608261447,0.046511627906976744
D102361,203.9,42,2,1,0.5695875197409982,0.7540520949887846,0.2607409379940357,1,1,0,True,False,False,False,False,True,False,False,False,False,False,True,False,False,False,False,1,5.322522055244854,0.046511627906976744
D100357,159.2,42,1,1,0.8523008040610084,0.4561196407180699,0.6708833980411211,1,1,1,False,False,False,True,False,True,False,False,False,True,False,False,False,False,False,False,0,5.076423034634259,0.023255813953488372
D102023,131.25,42,1,1,0.8199804961836931,0.8252005802463607,0.0539255422472075,0,1,0,False,True,False,False,False,False,False,True,False,False,False,False,False,False,False,True,0,4.8846940707384086,0.023255813953488372
D101532,243.43,42,0,1,0.387148729498264,0.7790929814011723,0.542730971491615,1,1,0,False,False,True,False,False,False,False,True,False,False,False,False,False,False,True,False,0,5.498928969355161,0.0
D101527,133.33,42,2,1,0.9396524530691184,0.1940566183936694,0.685959534742897,1,0,0,False,False,True,False,False,False,True,False,False,False,False,False,False,True,False,False,0,4.900299459074922,0.046511627906976744
D102046,203.14,42,1,0,0.7510998972383824,0.902399227816746,0.1651173567311706,1,0,1,False,True,False,False,False,False,True,False,False,False,True,False,False,False,False,False,0,5.318806032975353,0.023255813953488372
D101736,676.29,42,4,0,0.3148036119775323,0.5164344817775145,0.6989645102530281,0,0,1,False,False,False,True,False,False,False,True,False,False,False,True,False,False,False,False,1,6.518099541605734,0.09302325581395349
D101647,283.65,42,3,0,0.8234293624800572,0.2089814920273726,0.664945080473546,1,0,0,False,False,False,True,False,False,True,False,False,True,False,False,False,False,False,False,0,5.651260355397091,0.06976744186046512
D103887,83.34,42,1,0,0.973628502835216,0.4313849777418345,0.5148911535970695,1,1,1,False,False,False,True,False,False,True,False,False,False,False,False,False,True,False,False,0,4.434856248318414,0.023255813953488372
D101636,230.75,42,3,1,0.6215002721512947,0.3831134331826394,0.2686259155948574,0,1,0,False,True,False,False,False,False,False,True,False,False,False,False,True,False,False,False,1,5.445659204445964,0.06976744186046512
D101896,184.97,42,3,0,0.3012979725203052,0.698374701207904,0.1736408353740388,1,1,0,False,False,True,False,False,True,False,False,False,False,False,False,True,False,False,False,1,5.225585370381938,0.06976744186046512
D101700,300.82,42,2,0,0.5531548486894666,0.2745138439305359,0.6273425833011075,1,0,0,False,False,False,False,True,True,False,False,False,False,False,False,False,True,False,False,0,5.709830813190404,0.046511627906976744
D101705,903.04,42,2,0,0.1168842210424532,0.1221908571207296,0.5801818052940764,0,0,1,False,False,False,False,True,False,False,True,False,False,False,False,False,False,False,True,0,6.806873607200883,0.046511627906976744
D101146,251.66,42,3,0,0.6591648533267145,0.5110940480415622,0.6451717480112072,0,1,0,False,False,False,True,False,False,False,True,False,False,True,False,False,False,False,False,0,5.532044711401891,0.06976744186046512
D101666,673.38,42,1,1,0.6490757554353789,0.4462335628977272,0.06957272306447,1,0,0,False,False,False,True,False,False,False,True,False,True,False,False,False,False,False,False,0,6.513793750257388,0.023255813953488372
D103707,132.85,42,2,0,0.6841418934872006,0.5023519835393171,0.7062751232253797,1,0,1,False,False,True,False,False,True,False,False,False,False,True,False,False,False,False,False,0,4.896719769966362,0.046511627906976744
D102174,338.97,42,4,0,0.2581970078098038,0.7367606359735595,0.8212355345090793,0,1,0,False,True,False,False,False,True,False,False,False,False,False,False,False,False,False,True,0,5.828857378423127,0.09302325581395349
D101957,55.47,42,1,0,0.667697067246833,0.8052891360019313,0.0906885217505861,0,0,0,True,False,False,False,False,True,False,False,False,False,True,False,False,False,False,False,0,4.033709523684745,0.023255813953488372
D102105,255.26,42,4,0,0.7862408067654514,0.1930837078887472,0.5586499982023313,1,0,0,False,False,True,False,False,False,True,False,False,True,False,False,False,False,False,False,0,5.54619255408143,0.09302325581395349
D101388,125.68,42,2,0,0.192551743056955,0.4086325363479076,0.1289675773800611,1,1,0,False,False,False,True,False,True,False,False,False,False,False,True,False,False,False,False,1,4.841664221670439,0.046511627906976744
D101389,235.6,42,3,1,0.4576390141898499,0.7409907228320349,0.6331842562833623,1,1,1,True,False,False,False,False,False,False,False,True,False,False,False,False,False,False,True,0,5.466370951544286,0.06976744186046512
D101218,376.85,42,2,0,0.736844087250269,0.1311130510739897,0.2198629340089641,1,0,0,False,False,True,False,False,False,True,False,False,False,False,False,False,True,False,False,0,5.934497291466729,0.046511627906976744
D100455,143.06,42,2,1,0.9460106666388024,0.647657007309236,0.5141808782597571,1,1,0,False,True,False,False,False,False,False,True,False,False,False,False,False,False,True,False,0,4.9702298794612165,0.046511627906976744
D101888,1892.01,42,1,0,0.1312702467235048,0.1024033867494661,0.7348684486540568,0,0,1,False,False,False,True,False,False,True,False,False,False,True,False,False,False,False,False,0,7.54592343381555,0.023255813953488372
D102445,145.23,42,0,1,0.8483196305042231,0.616767651391708,0.6118921433593119,1,0,1,False,False,True,False,False,False,False,True,False,False,False,False,True,False,False,False,1,4.985180724623787,0.0
D100718,150.53,42,1,0,0.9055131410985672,0.4289909941768652,0.5117391303317349,1,0,0,False,False,True,False,False,False,False,True,False,False,False,False,True,False,False,False,1,5.020783625148071,0.023255813953488372
D100750,139.92,41,1,0,0.8081277616952001,0.3860074213347579,0.1950100916688382,1,1,0,False,True,False,False,False,False,False,True,False,False,False,True,False,False,False,False,1,4.948192353473037,0.023809523809523808
D101004,337.38,41,6,0,0.4385118905646888,0.3220850286628263,0.6789196658097668,1,0,1,False,False,True,False,False,False,False,True,False,False,False,False,True,False,False,False,1,5.82416952433065,0.14285714285714285
D101064,595.95,41,1,1,0.6852994699563241,0.8747219090419289,0.1086322285759532,1,1,0,False,True,False,False,False,True,False,False,False,False,False,False,False,False,True,False,0,6.3918333577913975,0.023809523809523808
D102448,505.92,41,0,0,0.6781277092202552,0.8141292805737511,0.3105444791058735,0,1,0,False,False,True,False,False,False,False,True,False,False,False,False,False,False,False,True,0,6.2283532002138635,0.0
D101860,222.63,41,1,0,0.7831729582163015,0.2507109366410496,0.6801151795855012,1,0,1,False,False,True,False,False,False,True,False,False,False,False,False,False,True,False,False,0,5.409992900438626,0.023809523809523808
D101093,186.88,41,1,0,0.3970911860560011,0.6752086252940132,0.5023772443403539,1,0,0,False,True,False,False,False,False,True,False,False,True,False,False,False,False,False,False,0,5.2358034611587945,0.023809523809523808
D103095,202.95,41,1,0,0.437663383103534,0.5724728087363159,0.6254438853156661,1,1,1,True,False,False,False,False,True,False,False,False,False,False,True,False,False,False,False,1,5.317874865763567,0.023809523809523808
D102407,1413.16,41,0,1,0.3104524118843014,0.6992981346263222,0.8089958136975383,0,0,1,False,True,False,False,False,False,True,False,False,False,False,False,False,False,True,False,0,7.2542909942276275,0.0
D103626,357.55,41,1,1,0.944511848168082,0.2443447549112501,0.7490524049739103,1,0,1,False,False,False,True,False,True,False,False,False,False,False,False,False,False,True,False,0,5.882068120328584,0.023809523809523808
D102603,131.86,41,1,1,0.9645651789175648,0.2453733880561023,0.7581105757532048,1,0,1,False,False,False,True,False,False,False,True,False,True,False,False,False,False,False,False,0,4.889295942237095,0.023809523809523808
D103189,234.95,41,2,0,0.2192068655793042,0.8039288284943561,0.2982078555468244,0,1,1,False,True,False,False,False,False,False,True,False,True,False,False,False,False,False,False,0,5.463619918172396,0.047619047619047616
D101989,1103.87,41,0,0,0.0998713898229002,0.8435870539742802,0.0902032939714003,0,1,0,False,True,False,False,False,True,False,False,False,False,False,False,True,False,False,False,1,7.007482959972071,0.0
D101791,46.42,41,1,0,0.4862496715968305,0.3885212819476343,0.1456155364420537,0,1,0,False,True,False,False,False,True,False,False,False,False,False,True,False,False,False,False,1,3.8590440806372595,0.023809523809523808
D101129,122.24,41,2,1,0.4048205259414851,0.3477413046151774,0.7008959802016941,0,0,0,False,False,False,False,True,False,False,True,False,False,False,False,False,False,False,True,0,4.814133673728467,0.047619047619047616
D100926,57.22,41,1,1,0.9039008000143856,0.9124715738418552,0.9459649805183798,1,1,1,False,True,False,False,False,False,True,False,False,True,False,False,False,False,False,False,0,4.064228938317477,0.023809523809523808
D103717,245.69,41,3,1,0.9043064715183776,0.6965954463479733,0.6168152748273343,1,1,1,False,False,False,True,False,True,False,False,False,False,True,False,False,False,False,False,0,5.508132487650914,0.07142857142857142
D101865,664.71,41,2,0,0.3699671025204361,0.6025444843924982,0.1079215393292948,0,1,0,False,False,False,True,False,False,False,True,False,True,False,False,False,False,False,False,0,6.500854140275416,0.047619047619047616
D101190,104.34,41,3,0,0.7759732917844908,0.5226394342014313,0.5000182384759629,1,1,0,False,True,False,False,False,False,True,False,False,False,False,False,True,False,False,False,1,4.657193214055243,0.07142857142857142
D100682,525.14,41,4,1,0.2476990255518684,0.7096179651833308,0.5284807025197914,0,0,1,True,False,False,False,False,False,False,False,True,True,False,False,False,False,False,False,0,6.265567337019319,0.09523809523809523
D100403,253.18,41,1,0,0.4378275795105901,0.7729671222111063,0.2618403777710645,1,0,1,True,False,False,False,False,False,False,False,True,False,False,False,False,True,False,False,0,5.538042677453924,0.023809523809523808
D100381,355.12,41,3,0,0.3241607648737482,0.1062768889944339,0.6526368387815028,1,0,1,False,False,False,False,True,False,False,True,False,False,False,False,False,False,True,False,0,5.87526775270547,0.07142857142857142
D102177,71.15,41,3,0,0.4940651643250884,0.3918661963810319,0.7305219091671444,1,0,1,False,False,False,True,False,False,True,False,False,False,False,False,False,False,False,True,0,4.27874728521988,0.07142857142857142
D102868,122.35,41,4,1,0.1666245299289541,0.2288255877505836,0.2837141887745322,1,0,0,False,False,False,False,True,False,False,True,False,False,False,False,True,False,False,False,1,4.815025842975365,0.09523809523809523
D103654,118.27,41,3,0,0.8260127190430117,0.6091873345600032,0.2787215059414651,1,1,0,False,True,False,False,False,False,True,False,False,False,True,False,False,False,False,False,0,4.7813898305905775,0.07142857142857142
D102088,299.32,41,1,1,0.8938402263770464,0.498795679449721,0.5185463832752918,1,1,1,False,False,True,False,False,True,False,False,False,False,True,False,False,False,False,False,0,5.704848572838198,0.023809523809523808
D100192,406.85,41,5,1,0.5673574196877099,0.7416347308053987,0.5465494543924978,0,1,1,True,False,False,False,False,False,True,False,False,False,False,False,False,True,False,False,0,6.0108994597465895,0.11904761904761904
D102812,957.59,41,7,0,0.5891944155896972,0.1725581858685632,0.2561345930894376,0,0,0,False,False,True,False,False,True,False,False,False,False,True,False,False,False,False,False,0,6.865463454791294,0.16666666666666666
D102109,62.8,41,1,0,0.3956020368967779,0.6436318605503392,0.49805639528468,1,1,0,False,True,False,False,False,False,False,False,True,False,False,False,False,False,False,True,0,4.155753190350744,0.023809523809523808
D103110,118.34,41,2,1,0.2226755268642609,0.719341833103218,0.426280497322591,0,1,0,False,True,False,False,False,False,False,False,True,False,True,False,False,False,False,False,0,4.781976562093936,0.047619047619047616
D103152,635.86,41,2,1,0.6124946100746415,0.8884299242347119,0.1562277738314972,1,1,0,False,True,False,False,False,False,True,False,False,False,False,False,True,False,False,False,1,6.456549851197171,0.047619047619047616
D102978,218.47,41,1,0,0.7560342723151877,0.8757771209300602,0.5844235575829926,0,1,0,False,False,True,False,False,True,False,False,False,False,True,False,False,False,False,False,0,5.391215548914767,0.023809523809523808
D102824,181.65,41,2,0,0.7457480054663392,0.1445382004255553,0.657519046322631,1,0,1,False,False,False,False,True,True,False,False,False,False,False,True,False,False,False,False,1,5.207571753241291,0.047619047619047616
D101236,53.86,41,3,0,0.6636809562327447,0.305338849576867,0.4038209045706498,1,0,1,False,True,False,False,False,False,True,False,False,False,False,False,False,False,False,True,0,4.004784485509457,0.07142857142857142
D102702,25.79,41,2,1,0.6052722767546681,0.737530208135166,0.8555189960480841,0,1,1,False,True,False,False,False,False,False,True,False,False,False,False,False,False,False,True,0,3.2880286835565173,0.047619047619047616
D100983,65.33,41,4,0,0.7940189634356014,0.7527132430706485,0.2940538791805165,1,1,1,False,False,True,False,False,True,False,False,False,True,False,False,False,False,False,False,0,4.194642283537465,0.09523809523809523
D102557,80.47,41,1,0,0.7844026459979982,0.8357635465947805,0.4041437149040667,0,1,0,False,True,False,False,False,False,True,False,False,False,False,False,False,True,False,False,0,4.400234854322551,0.023809523809523808
D103278,140.16,41,6,0,0.7061745842244096,0.2293422388085541,0.6328884426034981,1,0,1,False,True,False,False,False,True,False,False,False,False,True,False,False,False,False,False,0,4.949893998807069,0.14285714285714285
D103476,652.96,41,2,0,0.8141482472031626,0.2551747566238967,0.4210055139951664,1,0,0,False,False,False,True,False,False,False,True,False,False,True,False,False,False,False,False,0,6.483046187507211,0.047619047619047616
D103344,102.59,41,1,0,0.3153513661782541,0.2834598204163766,0.6615391422799639,0,0,0,False,False,True,False,False,False,False,False,True,False,True,False,False,False,False,False,0,4.640440800070011,0.023809523809523808
D102796,98.02,40,1,0,0.9244328297171523,0.6166445487614403,0.123240970097399,1,0,1,False,False,True,False,False,False,True,False,False,True,False,False,False,False,False,False,0,4.595321849933277,0.024390243902439025
D103922,1575.67,40,3,0,0.3491036036666443,0.850433502088248,0.5231499671835607,1,0,0,False,True,False,False,False,True,False,False,False,False,False,False,False,True,False,False,0,7.363070306980539,0.07317073170731707
D103906,138.88,40,1,0,0.8099089113571558,0.6455494526114859,0.7599379533357271,1,0,1,False,False,False,True,False,False,True,False,False,False,True,False,False,False,False,False,0,4.940784912195175,0.024390243902439025
D100581,183.42,40,1,0,0.6091185342496671,0.4272179413882052,0.2490143651786251,1,1,0,False,False,True,False,False,False,False,True,False,True,False,False,False,False,False,False,0,5.217215765110995,0.024390243902439025
D101349,80.06,40,3,0,0.2980925221440007,0.4638500810122608,0.0843404370314453,1,1,0,True,False,False,False,False,False,False,True,False,False,False,False,True,False,False,False,1,4.395189621200163,0.07317073170731707
D100384,112.27,40,1,1,0.8711192440057794,0.8883291154407066,0.5406287614126857,1,0,0,False,True,False,False,False,True,False,False,False,False,False,False,False,True,False,False,0,4.729774349212622,0.024390243902439025
D100193,285.39,40,1,1,0.6867462692398275,0.8862255302978498,0.8669043404975459,1,1,1,False,False,False,True,False,False,False,False,True,False,False,False,True,False,False,False,1,5.657354518275788,0.024390243902439025
D102091,70.49,40,3,0,0.5930855703213116,0.0617048547921849,0.3606832045015573,0,0,0,False,False,False,True,False,True,False,False,False,False,False,False,True,False,False,False,1,4.26955757977876,0.07317073170731707
D102808,165.04,40,3,1,0.9134666331269564,0.8845691283909992,0.3560322304539737,1,1,0,False,True,False,False,False,False,True,False,False,False,False,False,False,False,False,True,0,5.112228723184838,0.07317073170731707
D102201,127.87,40,6,1,0.5721549961570201,0.2804924960337205,0.4700852585858683,0,1,1,False,False,False,False,True,False,True,False,False,False,False,True,False,False,False,False,1,4.8588041443003,0.14634146341463414
D101693,818.9,40,1,0,0.4641031775983961,0.1567859987197314,0.6826227551681423,0,0,0,False,False,False,True,False,False,False,True,False,False,False,False,False,True,False,False,0,6.709182381602132,0.024390243902439025
D102922,197.76,40,2,1,0.4863974631655857,0.7642427821280267,0.1855870382145736,0,1,0,False,True,False,False,False,False,True,False,False,False,False,True,False,False,False,False,1,5.29209806673412,0.04878048780487805
D102928,334.54,40,2,0,0.931363168560802,0.1793394485886067,0.1617404640001759,1,0,0,False,True,False,False,False,True,False,False,False,True,False,False,False,False,False,False,0,5.8157411743422545,0.04878048780487805
D101298,65.19,40,1,1,0.9366884382987284,0.8546308172106049,0.3800336489892943,1,1,1,False,False,True,False,False,False,True,False,False,False,False,False,True,False,False,False,1,4.1925293941308315,0.024390243902439025
D102519,88.21,40,2,0,0.2142757322503494,0.544056164225427,0.6115073286561623,0,1,0,False,True,False,False,False,False,False,True,False,False,False,False,True,False,False,False,1,4.490993140925692,0.04878048780487805
D103054,200.65,40,2,0,0.7831911687948739,0.3874151427022559,0.5129267310844262,0,0,1,False,False,True,False,False,True,False,False,False,False,False,False,True,False,False,False,1,5.306533521319377,0.04878048780487805
D102663,755.13,40,3,0,0.6446872971200285,0.6067162010302551,0.4839010558114233,1,0,1,False,True,False,False,False,False,True,False,False,True,False,False,False,False,False,False,0,6.628213319068465,0.07317073170731707
D100931,351.86,40,2,0,0.4601876521955067,0.5244622772745486,0.4796196069513481,1,0,0,False,True,False,False,False,False,False,False,True,True,False,False,False,False,False,False,0,5.86607137769992,0.04878048780487805
D103453,169.74,40,3,1,0.1837976510989694,0.8820913299431922,0.1457088282562618,1,1,0,True,False,False,False,False,False,False,True,False,False,True,False,False,False,False,False,0,5.140141931582161,0.07317073170731707
D103713,192.49,40,1,0,0.763751611268298,0.5244116795448018,0.3442586300431303,1,1,0,False,False,False,True,False,False,True,False,False,False,False,False,False,True,False,False,0,5.265225831547838,0.024390243902439025
D100751,104.54,40,3,0,0.5320434276063373,0.8775054033980331,0.4297406163762177,1,1,1,False,True,False,False,False,False,True,False,False,False,False,False,True,False,False,False,1,4.659090027977522,0.07317073170731707
D101142,356.84,40,2,0,0.8513811834211591,0.4707798160684824,0.491359912432236,1,0,1,False,False,False,True,False,False,True,False,False,True,False,False,False,False,False,False,0,5.880085959124592,0.04878048780487805
D102952,242.31,40,3,0,0.3207761026304302,0.9428685251436404,0.1387930475072157,0,1,0,True,False,False,False,False,False,True,False,False,True,False,False,False,False,False,False,0,5.494336350465589,0.07317073170731707
D103177,226.19,40,2,1,0.762741833758492,0.867136585263548,0.1639272293679711,1,1,0,False,True,False,False,False,True,False,False,False,False,False,False,True,False,False,False,1,5.4257866717938406,0.04878048780487805
D100956,111.79,40,2,1,0.5631507174013953,0.4110096836169569,0.81816437765561,1,0,1,False,False,False,True,False,False,False,True,False,False,False,False,True,False,False,False,1,4.725527682651825,0.04878048780487805
D101892,160.29,40,2,0,0.5132159942901602,0.517425026947933,0.4145370248716933,0,0,1,False,False,True,False,False,True,False,False,False,True,False,False,False,False,False,False,0,5.0832039869290915,0.04878048780487805
D103996,125.38,40,4,0,0.0797890254941067,0.5807143293105447,0.212461764943232,0,1,0,True,False,False,False,False,False,False,True,False,False,False,True,False,False,False,False,1,4.83929324134531,0.0975609756097561
D103443,222.66,40,2,1,0.8072726888817559,0.1855686427049264,0.249296690911546,1,0,1,False,True,False,False,False,False,True,False,False,True,False,False,False,False,False,False,0,5.410127041600043,0.04878048780487805
D103719,53.61,40,2,1,0.6361910320858197,0.6616706981733392,0.7991055952940576,1,0,0,False,False,True,False,False,False,True,False,False,False,False,False,False,False,False,True,0,4.000217016164062,0.04878048780487805
D100660,436.13,40,4,0,0.4086288257289516,0.6862156345254821,0.0340144738431415,0,1,0,False,True,False,False,False,True,False,False,False,False,False,True,False,False,False,False,1,6.080230633693873,0.0975609756097561
D102360,227.86,40,3,0,0.3693220943972639,0.6145464850772426,0.4747865008622041,1,1,1,False,False,False,True,False,False,True,False,False,False,False,False,False,False,True,False,0,5.433110462889569,0.07317073170731707
D100000,95.91,40,4,0,0.524598959183111,0.535732472727696,0.639347527106979,1,1,1,False,False,False,True,False,True,False,False,False,False,False,False,True,False,False,False,1,4.573782712746459,0.0975609756097561
D103325,132.95,40,1,0,0.6834303070880587,0.2812283893861851,0.5888402608466609,1,0,0,False,False,False,True,False,False,True,False,False,False,False,True,False,False,False,False,1,4.897466595990617,0.024390243902439025
D103787,574.79,40,3,1,0.3001911957961981,0.9381671904069574,0.4235977214564975,1,1,0,True,False,False,False,False,False,True,False,False,True,False,False,False,False,False,False,0,6.355743010885896,0.07317073170731707
D102011,187.78,40,3,0,0.480024297582985,0.707598830793529,0.5503323738378042,1,0,1,False,True,False,False,False,True,False,False,False,False,False,False,False,False,True,False,0,5.240582315896798,0.07317073170731707
D103816,183.24,40,0,1,0.501993180820216,0.6058845555263616,0.5612669125361253,1,1,0,False,True,False,False,False,True,False,False,False,True,False,False,False,False,False,False,0,5.21623925551243,0.0
D101817,291.71,40,1,0,0.6093998256372831,0.2572549087401767,0.3405635098970214,1,0,1,False,False,True,False,False,False,True,False,False,False,False,False,False,True,False,False,0,5.679182357787968,0.024390243902439025
D101164,1369.78,40,1,0,0.2555197398183222,0.258242172648039,0.2789723480711822,0,1,1,True,False,False,False,False,False,False,True,False,False,False,False,False,True,False,False,0,7.223135199873592,0.024390243902439025
D102156,1073.38,40,1,1,0.6626070562400005,0.7530436594013498,0.4617758002340532,0,1,0,True,False,False,False,False,True,False,False,False,True,False,False,False,False,False,False,0,6.9794990299948125,0.024390243902439025
D100408,424.85,40,0,1,0.6023550896350184,0.7766396430822904,0.1572287185650651,1,1,0,True,False,False,False,False,True,False,False,False,False,True,False,False,False,False,False,0,6.05408717158709,0.0
D100737,115.37,40,0,1,0.7799766935535046,0.6259419387052917,0.2058242095015472,1,1,0,False,True,False,False,False,False,False,True,False,False,True,False,False,False,False,False,0,4.756774770119986,0.0
D100662,223.11,40,5,0,0.6133071831766969,0.7253671181784234,0.2779527195420596,1,0,1,False,True,False,False,False,True,False,False,False,False,False,False,False,False,False,True,0,5.412137002747497,0.12195121951219512
D102892,159.26,39,0,0,0.853152301579767,0.2981515046936889,0.2785604299803598,1,0,0,False,False,True,False,False,False,False,True,False,False,False,False,False,False,True,False,0,5.076797496349925,0.0
D101246,443.78,39,2,0,0.8730287808003906,0.5159965146427411,0.3060222291079419,0,0,0,False,False,True,False,False,True,False,False,False,False,True,False,False,False,False,False,0,6.097579777896684,0.05
D103270,427.18,39,1,1,0.4465049222255696,0.3809421055619054,0.872269991034741,0,0,1,False,False,False,False,True,False,True,False,False,True,False,False,False,False,False,False,0,6.059543667918576,0.025
D103418,448.4,39,0,1,0.7742461181651451,0.7628901843935804,0.6161662696114939,0,1,1,True,False,False,False,False,True,False,False,False,False,False,True,False,False,False,False,1,6.107913359751229,0.0
D101613,435.4,39,4,0,0.5975305667654495,0.6923978207019906,0.1855041343541881,1,1,0,False,True,False,False,False,False,False,True,False,False,False,False,True,False,False,False,1,6.0785592539589155,0.1
D103413,88.66,39,1,0,0.8091477400386161,0.8911172112267071,0.1699929587478191,1,1,0,True,False,False,False,False,True,False,False,False,False,True,False,False,False,False,False,0,4.496024738727294,0.025
D100971,91.01,39,0,1,0.2215425845583498,0.9751193832810426,0.4606578469827416,0,1,1,True,False,False,False,False,False,False,False,True,False,False,False,True,False,False,False,1,4.52189726679427,0.0
D101694,432.49,39,2,0,0.817421651325796,0.3506762635264636,0.367443726263314,0,1,0,False,False,True,False,False,False,True,False,False,False,False,True,False,False,False,False,1,6.071868727903775,0.05
D102318,238.17,39,5,0,0.5644880932605932,0.4177791427379546,0.7150634309316932,1,0,0,False,False,True,False,False,True,False,False,False,False,False,True,False,False,False,False,1,5.477174596150773,0.125
D103008,197.71,39,4,0,0.3751995760018113,0.4689769436446218,0.0905015641147323,0,0,0,True,False,False,False,False,False,True,False,False,False,True,False,False,False,False,False,0,5.291846475417725,0.1
D103222,248.87,39,3,1,0.6676966507100163,0.1039161423424799,0.6797301518463021,1,0,1,False,False,False,True,False,False,True,False,False,False,False,True,False,False,False,False,1,5.520940782615359,0.075
D102025,240.31,39,2,0,0.8245639479603977,0.974028914092822,0.3162854656233294,0,1,0,False,True,False,False,False,False,True,False,False,False,True,False,False,False,False,False,0,5.48608241396043,0.05
D100055,162.45,39,3,1,0.6193043655997487,0.5308318472041738,0.7195584355779503,1,1,0,False,False,False,True,False,False,False,True,False,False,False,True,False,False,False,False,1,5.09650713317022,0.075
D100579,95.07,39,2,1,0.7613556449624167,0.6640433250607282,0.6232898342042894,1,1,1,False,True,False,False,False,False,True,False,False,True,False,False,False,False,False,False,0,4.565077092421647,0.05
D100360,693.79,39,2,0,0.6355481462678401,0.1909719528156,0.6116674710195702,0,0,0,False,False,False,False,True,True,False,False,False,False,True,False,False,False,False,False,0,6.543609641632402,0.05
D100254,395.41,39,7,0,0.0225118982268544,0.5498573625688042,0.1644498705008172,0,0,1,False,True,False,False,False,True,False,False,False,False,False,False,False,False,False,True,0,5.982449029181027,0.175
D102881,139.69,39,0,0,0.7170627998034778,0.6743328921688331,0.4222939935997806,1,0,1,True,False,False,False,False,False,True,False,False,False,False,True,False,False,False,False,1,4.946558888389122,0.0
D103307,64.64,39,5,0,0.3498246641003469,0.7123345402884032,0.1347133177406837,0,1,0,True,False,False,False,False,True,False,False,False,False,True,False,False,False,False,False,0,4.18418526622189,0.125
D103027,165.01,39,1,1,0.2645710402507715,0.7934105336400511,0.7773015931392854,1,1,1,False,False,False,True,False,True,False,False,False,False,False,True,False,False,False,False,1,5.112048027505985,0.025
D102440,435.85,39,2,1,0.6155505353510944,0.8710765727131559,0.7733743836983835,1,1,1,False,False,False,False,True,True,False,False,False,False,True,False,False,False,False,False,0,6.079589886744103,0.05
D102651,210.78,39,3,0,0.806682940305251,0.1450203027016353,0.5455018889908922,1,0,1,False,True,False,False,False,True,False,False,False,False,False,False,True,False,False,False,1,5.355548000002308,0.075
D101842,347.0,39,2,1,0.1915877770198501,0.8036737641850589,0.2601525093735448,0,1,1,False,True,False,False,False,False,False,False,True,False,False,False,False,True,False,False,0,5.8522024797744745,0.05
D101645,138.44,39,2,0,0.6128169338650138,0.8443923946789874,0.26302636119863,1,1,0,False,False,True,False,False,True,False,False,False,False,False,False,False,False,True,False,0,4.937634401211765,0.05
D100944,1530.6,39,0,1,0.5342817035893798,0.642777515410567,0.5940079487247394,0,0,1,False,True,False,False,False,False,False,False,True,True,False,False,False,False,False,False,0,7.3340682196031395,0.0
D101673,380.44,39,1,1,0.5767945220325507,0.5190843567048159,0.1271605689963777,1,0,0,True,False,False,False,False,True,False,False,False,True,False,False,False,False,False,False,0,5.943953564436931,0.025
D100918,162.82,39,1,1,0.6154407032655874,0.5562564209969929,0.4154861897028212,1,0,0,False,True,False,False,False,False,True,False,False,False,True,False,False,False,False,False,0,5.098768264087456,0.025
D100689,329.4,39,2,1,0.1400625395261647,0.805715274089562,0.3890397875307472,1,0,1,False,False,True,False,False,True,False,False,False,False,False,False,True,False,False,False,1,5.800304041646823,0.05
D103106,280.53,39,0,0,0.8511928036907184,0.1240207450123117,0.3290684936653782,1,0,0,False,True,False,False,False,True,False,False,False,True,False,False,False,False,False,False,0,5.640239013837417,0.0
D102630,198.17,39,1,1,0.5251255941200886,0.6630167537992829,0.3205722621265623,1,1,0,True,False,False,False,False,True,False,False,False,True,False,False,False,False,False,False,0,5.294158731399178,0.025
D102819,201.9,39,1,1,0.1419027782035438,0.5243822672406815,0.898782946367692,0,1,1,False,False,False,False,True,True,False,False,False,False,False,False,False,True,False,False,0,5.312713246831769,0.025
D101914,279.11,39,0,1,0.8384226420132453,0.554252678471394,0.4188520137390605,1,1,0,False,True,False,False,False,False,True,False,False,False,False,True,False,False,False,False,1,5.6351823831639445,0.0
D100072,328.54,39,1,0,0.2639282551312938,0.272954610967197,0.5953316609814926,1,0,0,False,False,False,True,False,True,False,False,False,False,False,False,True,False,False,False,1,5.7976977426292855,0.025
D102077,408.09,39,2,0,0.6448118682258812,0.9068720626988532,0.3548801356494874,0,1,1,False,True,False,False,False,True,False,False,False,False,True,False,False,False,False,False,0,6.013935180735349,0.05
D103368,1712.57,39,2,1,0.2056764374599922,0.8000647732155972,0.5719841352843089,1,1,1,True,False,False,False,False,False,True,False,False,False,False,False,True,False,False,False,1,7.446334192537434,0.05
D102458,1141.71,39,4,1,0.6675548672993623,0.600555649353503,0.7356910728725718,1,1,1,False,True,False,False,False,False,False,False,True,False,False,False,False,True,False,False,0,7.041157913317667,0.1
D101115,95.68,38,3,0,0.5536110043407486,0.6171501091897085,0.2128133879351806,1,1,0,True,False,False,False,False,True,False,False,False,False,False,False,False,True,False,False,0,4.571406555835282,0.07692307692307693
D102600,136.6,38,3,1,0.5213772687134341,0.6198836550607965,0.2168786509912099,1,0,0,False,True,False,False,False,True,False,False,False,False,False,False,True,False,False,False,1,4.924350925499243,0.07692307692307693
D101196,252.88,38,2,0,0.3994774146419502,0.7465400886624449,0.3302526477203319,0,0,0,False,True,False,False,False,True,False,False,False,False,False,True,False,False,False,False,1,5.5368617144382695,0.05128205128205128
D102498,165.43,38,2,0,0.4455350634400135,0.6513123126761613,0.746953229884988,0,0,1,False,False,False,True,False,True,False,False,False,False,False,False,False,False,False,True,0,5.114574800598636,0.05128205128205128
D102778,511.53,38,4,0,0.3963992637427291,0.3465046728917204,0.2950797090171537,0,0,0,False,True,False,False,False,False,True,False,False,False,False,False,True,False,False,False,1,6.23935924588473,0.10256410256410256
D100596,130.2,38,4,0,0.836867768147388,0.0831564466741118,0.1305132968147572,1,0,0,False,False,True,False,False,False,True,False,False,True,False,False,False,False,False,False,0,4.876722876509988,0.10256410256410256
D101372,61.97,38,1,0,0.6551590116397731,0.3447361100632909,0.3729982577593344,1,0,0,False,True,False,False,False,True,False,False,False,False,False,False,True,False,False,False,1,4.142658422500651,0.02564102564102564
D103089,95.6,38,3,0,0.3960525631091534,0.1011453836132708,0.7699267681651382,0,1,1,False,False,False,False,True,False,False,True,False,False,False,False,False,False,False,True,0,4.570578741218473,0.07692307692307693
D100993,260.74,38,2,1,0.7048265550804134,0.5128714507245982,0.7617224480556043,1,1,1,False,True,False,False,False,False,True,False,False,False,False,False,False,False,False,True,0,5.567351644627335,0.05128205128205128
D100573,235.63,38,2,0,0.655503890705417,0.504643492585992,0.1526240237523153,1,0,0,False,False,False,True,False,False,True,False,False,False,False,False,False,True,False,False,0,5.46649773978696,0.05128205128205128
D103891,111.89,38,2,1,0.4664227983349516,0.8192579657034977,0.733836326876659,1,1,1,False,False,True,False,False,True,False,False,False,True,False,False,False,False,False,False,0,4.726413893273455,0.05128205128205128
D102315,484.37,38,4,1,0.3556943804449847,0.7641059018269372,0.4602077405618504,0,1,1,False,True,False,False,False,True,False,False,False,False,False,False,False,False,True,False,0,6.184911486685355,0.10256410256410256
D103214,55.63,38,3,1,0.6677090816614301,0.5779015418965568,0.2188214209037492,1,1,0,True,False,False,False,False,True,False,False,False,False,True,False,False,False,False,False,0,4.036538880125714,0.07692307692307693
D100435,158.17,38,2,0,0.2905453957290604,0.4427874812401254,0.3341703780859543,0,0,0,False,True,False,False,False,False,False,True,False,False,False,False,False,True,False,False,0,5.069972813441763,0.05128205128205128
D103522,128.06,38,6,0,0.217255265010126,0.6652917671522449,0.3109344767693221,0,0,1,True,False,False,False,False,True,False,False,False,False,True,False,False,False,False,False,0,4.860277412507694,0.15384615384615385
D103527,34.2,38,2,1,0.8139770945582662,0.1818647106280776,0.6732297870361456,1,0,1,False,True,False,False,False,False,False,True,False,False,True,False,False,False,False,False,0,3.5610460826040513,0.05128205128205128
D100217,226.01,38,1,0,0.8704786120015392,0.9664195355792912,0.3150462321769927,1,1,0,True,False,False,False,False,True,False,False,False,False,False,False,False,True,False,False,0,5.42499406937454,0.02564102564102564
D100349,669.02,38,1,0,0.5756965668879314,0.5043441033712542,0.4356427142255277,1,0,0,True,False,False,False,False,True,False,False,False,False,False,True,False,False,False,False,1,6.507307562685756,0.02564102564102564
D103562,291.4,38,4,0,0.4996521754987263,0.2696579329110614,0.2410101041630324,0,0,0,False,False,False,True,False,False,True,False,False,False,False,False,True,False,False,False,1,5.678122727875623,0.10256410256410256
D100522,233.26,38,0,0,0.2863433397279108,0.3540499721974837,0.278662738833263,1,0,0,False,True,False,False,False,False,True,False,False,False,False,False,False,False,True,False,0,5.4564316096417285,0.0
D102157,336.43,38,2,0,0.7327791357308079,0.559440410254186,0.3851058683591634,1,0,0,False,True,False,False,False,True,False,False,False,False,False,True,False,False,False,False,1,5.821358081393286,0.05128205128205128
D101975,231.86,38,1,0,0.0868849872471425,0.877732976522346,0.509843473242436,0,0,1,False,True,False,False,False,False,False,True,False,False,False,False,False,True,False,False,0,5.45043741460887,0.02564102564102564
D103191,344.39,38,4,0,0.1446716269718913,0.3510945769841998,0.5466383558191821,1,0,1,True,False,False,False,False,False,False,True,False,False,False,True,False,False,False,False,1,5.844674213353683,0.10256410256410256
D100858,100.46,38,1,1,0.3088430056437731,0.6345962503581374,0.4867685738167339,0,1,0,False,True,False,False,False,False,False,False,True,False,False,True,False,False,False,False,1,4.6196646321385435,0.02564102564102564
D101625,284.24,38,3,0,0.8699116519264382,0.1907138994512194,0.0738179497312528,1,0,0,False,False,False,True,False,False,True,False,False,False,False,False,True,False,False,False,1,5.653330931160103,0.07692307692307693
D103022,69.32,38,3,0,0.8790469277192968,0.4009946999968359,0.2275242557240865,1,1,0,False,False,True,False,False,True,False,False,False,False,False,False,False,True,False,False,0,4.253056253376921,0.07692307692307693
D101785,892.06,38,2,0,0.6557855342439496,0.3287814666880413,0.488995150232459,1,0,0,False,False,False,True,False,False,False,False,True,False,False,False,False,False,True,False,0,6.794653767869122,0.05128205128205128
D102404,262.54,38,3,0,0.5483424172067517,0.378403201333022,0.4589947867735581,1,0,1,False,False,False,True,False,True,False,False,False,False,False,False,True,False,False,False,1,5.574205159117106,0.07692307692307693
D102634,451.0,38,6,0,0.520776000467469,0.2079946543823781,0.1784885803991591,0,0,1,False,False,True,False,False,False,False,False,True,False,False,False,False,False,True,False,0,6.113682179832232,0.15384615384615385
D100552,344.99,38,0,0,0.7198378991979115,0.8123512609886979,0.4914621789376112,0,1,0,False,True,False,False,False,False,True,False,False,False,False,False,True,False,False,False,1,5.846409872905957,0.0
D100555,140.43,38,1,0,0.3428214378894688,0.6930533508416482,0.541627621291953,1,1,1,False,True,False,False,False,False,True,False,False,False,False,False,False,True,False,False,0,4.951804895032408,0.02564102564102564
D102222,215.38,38,2,0,0.2089960349221136,0.6130838046105719,0.276221627871856,0,1,0,False,True,False,False,False,False,False,True,False,False,False,True,False,False,False,False,1,5.377036121259428,0.05128205128205128
D103109,379.7,38,0,0,0.1477460769894884,0.0744570868340785,0.8197430146362883,0,0,1,False,False,False,False,True,False,True,False,False,False,False,True,False,False,False,False,1,5.942011663388452,0.0
D103940,63.59,38,3,0,0.3301206784454268,0.7407479923951479,0.2114620223321737,1,1,0,True,False,False,False,False,False,True,False,False,False,False,False,False,False,False,True,0,4.168059600044382,0.07692307692307693
D101950,680.74,38,3,1,0.2595980521394099,0.7481097359674412,0.4993132824738681,1,1,0,False,False,False,False,True,False,False,True,False,False,False,False,False,False,False,True,0,6.52464835348464,0.07692307692307693
D103208,291.48,38,0,0,0.4997325020711968,0.4267211275587187,0.5083694130307507,0,1,1,True,False,False,False,False,True,False,False,False,False,False,True,False,False,False,False,1,5.678396288265786,0.0
D102130,118.33,38,0,0,0.8634231809067765,0.941745661153902,0.1082684293614045,1,1,0,False,True,False,False,False,True,False,False,False,False,False,False,False,False,True,False,0,4.781892764381564,0.0
D103180,520.12,37,3,0,0.5152543067714784,0.1026498195560909,0.8038345214830597,1,0,1,False,False,False,False,True,False,False,False,True,False,False,False,False,False,False,True,0,6.255980341527923,0.07894736842105263
D103470,72.83,37,4,0,0.5731636274470706,0.4076233891002783,0.6675610685708442,0,0,1,False,True,False,False,False,False,True,False,False,False,False,False,False,False,True,False,0,4.3017651530710745,0.10526315789473684
D103450,73.08,37,2,0,0.759604814721948,0.5049897527316177,0.2571787679352301,1,0,0,False,False,True,False,False,False,False,True,False,False,False,False,False,True,False,False,0,4.305145590337924,0.05263157894736842
D103292,524.3,37,4,0,0.5236038379633396,0.5932518775839508,0.6584745937252968,1,0,1,False,False,True,False,False,False,True,False,False,False,False,False,False,True,False,False,0,6.263969527959916,0.10526315789473684
D101598,154.14,37,0,0,0.936131005428797,0.2699859192487532,0.7964468027810341,1,0,1,False,False,False,True,False,True,False,False,False,False,False,True,False,False,False,False,1,5.044327935062725,0.0
D100410,104.28,37,0,1,0.8934191389849934,0.893123485038621,0.9270544843088822,1,1,1,False,False,True,False,False,False,True,False,False,True,False,False,False,False,False,False,0,4.656623467577007,0.0
D102469,453.26,37,3,1,0.6808770766776949,0.3680623895277942,0.3107692630491546,0,1,0,False,True,False,False,False,False,True,False,False,False,False,True,False,False,False,False,1,6.11866972134327,0.07894736842105263
D100048,123.48,37,2,0,0.3770817750661461,0.3543427040707746,0.924113526811492,0,1,1,False,False,True,False,False,False,True,False,False,False,False,False,False,False,True,False,0,4.824145060430081,0.05263157894736842
D101299,99.44,37,3,1,0.8747034686743462,0.9690277127869708,0.7012735523389491,1,1,1,False,True,False,False,False,False,True,False,False,False,False,False,True,False,False,False,1,4.609560534289384,0.07894736842105263
D100049,592.83,37,1,0,0.237137799779993,0.2738973104717706,0.0699501052857777,0,1,0,True,False,False,False,False,False,True,False,False,False,False,False,True,False,False,False,1,6.3865930831147635,0.02631578947368421
D100171,154.63,37,1,0,0.8178699153705185,0.5996481996760531,0.8549813827116941,1,1,1,False,False,True,False,False,True,False,False,False,False,False,False,False,False,True,False,0,5.047481395216918,0.02631578947368421
D102468,49.57,37,2,0,0.6874285114377365,0.3539216663214428,0.1256758504439185,1,0,0,False,False,True,False,False,False,False,False,True,False,False,False,True,False,False,False,1,3.9233585150918917,0.05263157894736842
D101007,268.29,37,2,0,0.4809120343824393,0.6872316939149931,0.3761011682069755,0,0,1,False,True,False,False,False,False,False,False,True,True,False,False,False,False,False,False,0,5.595788865819517,0.05263157894736842
D100233,5478.8,37,4,0,0.0215903416290147,0.2339128315545815,0.1036283082415042,0,0,0,False,False,True,False,False,False,True,False,False,False,False,False,True,False,False,False,1,8.60882388292569,0.10526315789473684
D102061,966.49,37,3,1,0.1696560481239149,0.4515764308826344,0.267344829196021,0,0,1,False,True,False,False,False,True,False,False,False,False,False,False,True,False,False,False,1,6.874705088933208,0.07894736842105263
D100067,319.41,37,0,0,0.4810057515716417,0.4083513077019075,0.1259279124683948,1,0,0,False,True,False,False,False,False,False,True,False,False,False,True,False,False,False,False,1,5.769601425693419,0.0
D102578,230.09,37,3,0,0.6828947099001627,0.8051802980913123,0.3073554214659527,1,1,0,True,False,False,False,False,False,False,False,True,False,True,False,False,False,False,False,0,5.442807245032984,0.07894736842105263
D102559,279.09,37,1,0,0.4138037950133811,0.6544250803803163,0.536765255923602,1,0,0,True,False,False,False,False,False,True,False,False,False,False,False,False,False,False,True,0,5.6351109800935815,0.02631578947368421
D100741,197.82,37,0,1,0.590147388896795,0.923022987426358,0.1732934249396505,1,1,0,True,False,False,False,False,False,True,False,False,False,False,False,True,False,False,False,1,5.292399892783999,0.0
D102428,344.26,37,3,1,0.7158355061481351,0.623377017579472,0.8263376754578172,1,1,1,False,False,True,False,False,False,True,False,False,False,False,False,False,True,False,False,0,5.844297756388403,0.07894736842105263
D100174,262.45,37,5,0,0.778479264474781,0.3156921442146781,0.0994354200386237,1,0,0,False,True,False,False,False,True,False,False,False,False,False,False,False,False,True,False,0,5.573863596655295,0.13157894736842105
D102140,516.75,37,0,0,0.8497661076114637,0.7535598710777605,0.47638634679097,1,0,0,False,False,False,True,False,True,False,False,False,False,False,False,True,False,False,False,1,6.249492500275694,0.0
D100246,132.06,37,2,1,0.6503001780860846,0.6539362775156649,0.9114350404084344,1,1,1,False,False,True,False,False,False,False,True,False,False,False,False,False,True,False,False,0,4.890800154313742,0.05263157894736842
D100584,126.25,37,1,1,0.6939824442410362,0.2018487963784335,0.4508648943719154,1,0,0,False,False,False,False,True,True,False,False,False,False,False,False,False,True,False,False,0,4.846153655430632,0.02631578947368421
D101102,494.15,37,1,1,0.4781014812291201,0.6949220502102766,0.8138009567205745,0,1,1,False,False,False,True,False,False,False,False,True,True,False,False,False,False,False,False,0,6.204860746967312,0.02631578947368421
D103903,105.6,37,0,0,0.6687578947860799,0.7256789199813992,0.3093694923771426,1,1,0,False,False,True,False,False,True,False,False,False,False,False,False,False,True,False,False,0,4.669083511731744,0.0
D101092,194.0,37,4,0,0.3307757144504502,0.4523931966682458,0.2037452804006624,0,0,0,False,True,False,False,False,False,False,True,False,False,True,False,False,False,False,False,0,5.272999558563747,0.10526315789473684
D103756,150.18,37,5,0,0.5993228643133346,0.2975505449356543,0.5622607116892301,1,1,1,False,True,False,False,False,False,False,False,True,False,False,True,False,False,False,False,1,5.018471179864031,0.13157894736842105
D101716,158.16,37,2,0,0.5615588220501351,0.1744714837581721,0.8184612858734694,1,0,0,False,True,False,False,False,False,False,True,False,False,False,False,False,True,False,False,0,5.069909985558728,0.05263157894736842
D102782,195.7,37,2,0,0.8115082052130993,0.9271095138506826,0.2874355116662437,1,1,0,False,False,True,False,False,True,False,False,False,False,False,False,False,False,True,False,0,5.281679725395013,0.05263157894736842
D100322,696.6,37,0,1,0.326358033937688,0.9255991273221512,0.4182476773954336,0,1,0,False,True,False,False,False,False,False,False,True,False,True,False,False,False,False,False,0,6.54764587259477,0.0
D101207,414.44,37,2,0,0.8402130207709377,0.7342517277141439,0.7963447948742862,0,1,1,False,False,True,False,False,True,False,False,False,False,False,False,False,True,False,False,0,6.029338199536063,0.05263157894736842
D101327,197.39,37,3,0,0.863018057068251,0.8126207447202449,0.0774474985764386,1,1,0,False,False,True,False,False,False,False,True,False,True,False,False,False,False,False,False,0,5.29023479035468,0.07894736842105263
D100843,306.52,37,1,0,0.4247486284589998,0.7762666255910589,0.1879592407339762,0,1,1,False,True,False,False,False,False,False,True,False,True,False,False,False,False,False,False,0,5.728540125781928,0.02631578947368421
D103498,44.62,37,2,1,0.9208596457644168,0.8612288997734174,0.2292091720874296,1,1,0,False,True,False,False,False,False,True,False,False,False,False,True,False,False,False,False,1,3.820346216856242,0.05263157894736842
D103631,205.14,37,2,1,0.6145086567293964,0.6500823362898952,0.9192252613569044,1,1,1,False,False,False,False,True,False,True,False,False,False,False,False,False,False,False,True,0,5.328555549608646,0.05263157894736842
D102941,769.07,37,3,1,0.4717619876330501,0.6882366129899956,0.1532452617656307,0,1,0,False,True,False,False,False,False,True,False,False,False,True,False,False,False,False,False,0,6.6464814198066575,0.07894736842105263
D103592,568.22,37,4,0,0.2956350223206691,0.1999277183496993,0.6584907055143243,1,1,0,False,False,False,True,False,True,False,False,False,False,False,False,False,False,False,True,0,6.344267002632841,0.10526315789473684
D100669,27.26,37,0,0,0.7799496942157461,0.9253047218292008,0.3773522068064838,1,1,1,False,True,False,False,False,False,True,False,False,False,False,True,False,False,False,False,1,3.3414473772563813,0.0
D101053,430.06,37,0,0,0.5177902804750539,0.818470365354855,0.4995293637429346,0,1,0,True,False,False,False,False,False,True,False,False,True,False,False,False,False,False,False,0,6.066247291551668,0.0
D100387,367.23,37,3,1,0.6821965479562466,0.297100805034485,0.8305747949172932,1,0,1,False,False,False,False,True,False,False,True,False,False,False,False,True,False,False,False,1,5.908707742937773,0.07894736842105263
D102794,74.25,37,1,0,0.8181215984888212,0.4357223064639486,0.1968537881017759,1,1,0,False,False,False,True,False,True,False,False,False,False,False,False,False,True,False,False,0,4.3208159036289855,0.02631578947368421
D103466,203.47,37,4,1,0.9614077418280016,0.7010378470932577,0.948687388828222,1,0,1,False,False,True,False,False,False,True,False,False,False,True,False,False,False,False,False,0,5.3204212654549625,0.10526315789473684
D100512,692.78,37,3,0,0.6362097386818907,0.9052052580964932,0.0959962778738859,1,1,0,True,False,False,False,False,False,True,False,False,False,False,False,False,False,True,False,0,6.542154907368926,0.07894736842105263
D101730,339.51,37,2,0,0.2845577900345435,0.1878947596102416,0.2811571002976953,0,0,0,False,False,False,False,True,False,False,True,False,False,False,False,False,False,True,False,0,5.830444493733943,0.05263157894736842
D100538,358.46,37,1,1,0.8266370894343127,0.93675181728309,0.7834971442280598,1,1,0,False,True,False,False,False,False,False,True,False,False,False,False,True,False,False,False,1,5.884602905323889,0.02631578947368421
D100925,117.87,37,1,0,0.7771279508368284,0.3289551075470078,0.1094065291468262,1,1,1,False,True,False,False,False,False,True,False,False,False,True,False,False,False,False,False,0,4.778030458992533,0.02631578947368421
D100537,92.76,37,0,1,0.6423013740006789,0.7731981183595511,0.5946824771317143,1,0,0,False,True,False,False,False,True,False,False,False,False,True,False,False,False,False,False,0,4.540738325828703,0.0
D102211,165.15,37,1,0,0.4423385754745476,0.7554513880646694,0.3138978488069394,0,1,0,False,False,True,False,False,False,False,False,True,False,True,False,False,False,False,False,0,5.112890994800603,0.02631578947368421
D100683,983.69,37,2,0,0.1853456419378672,0.4629381667803023,0.5351249723126825,0,1,0,False,False,True,False,False,True,False,False,False,False,False,False,False,False,True,False,0,6.892326870824918,0.05263157894736842
D101128,464.86,37,2,0,0.3520283405530173,0.4917812361887804,0.3230415092125521,1,0,0,False,False,True,False,False,False,True,False,False,False,False,True,False,False,False,False,1,6.143885159803208,0.05263157894736842
D102373,2476.84,36,4,0,0.3822155186059227,0.6124056912697335,0.5017280186766578,0,0,0,False,True,False,False,False,False,True,False,False,False,False,False,False,True,False,False,0,7.81514249190431,0.10810810810810811
D100369,197.25,36,0,0,0.8564634119739422,0.4074239426315979,0.6154536677860507,1,1,0,False,False,False,True,False,False,True,False,False,True,False,False,False,False,False,False,0,5.289528860514958,0.0
D101276,92.8,36,0,1,0.2767004008667463,0.5350831837286855,0.5980055143402186,1,0,0,False,True,False,False,False,False,False,False,True,True,False,False,False,False,False,False,0,4.541164856012179,0.0
D102144,83.32,36,0,1,0.8954841315235782,0.7350289615235346,0.6396998260889052,1,1,1,False,True,False,False,False,True,False,False,False,False,False,False,False,False,True,False,0,4.434619084793052,0.0
D100995,288.48,36,1,0,0.8000711788799707,0.5947625396817369,0.186258295579161,1,1,1,False,True,False,False,False,True,False,False,False,False,False,False,False,False,True,False,0,5.668086209997927,0.02702702702702703
D100498,151.42,36,5,0,0.2280607777105232,0.5164928616590582,0.41277417943951,0,1,1,False,True,False,False,False,False,False,True,False,False,False,True,False,False,False,False,1,5.026639868237972,0.13513513513513514
D100804,664.13,36,0,1,0.8317844098179862,0.7928648244158218,0.2972093927890104,1,1,0,True,False,False,False,False,False,True,False,False,False,False,False,False,False,False,True,0,6.499982510272228,0.0
D103153,131.68,36,5,1,0.5567547234180987,0.7844134018935208,0.6113704858837077,1,1,1,True,False,False,False,False,True,False,False,False,False,False,False,True,False,False,False,1,4.887940214078852,0.13513513513513514
D103155,194.83,36,0,1,0.8377580026752321,0.8292079349488088,0.3565752924573133,1,1,0,False,True,False,False,False,False,True,False,False,False,False,False,False,False,True,False,0,5.277246935928745,0.0
D101395,715.08,36,1,0,0.4388814448866557,0.440936234514532,0.4343550450000868,0,1,0,False,True,False,False,False,False,False,True,False,True,False,False,False,False,False,False,0,6.573791892562683,0.02702702702702703
D102830,143.38,36,0,1,0.6274210686686392,0.6714855201926984,0.5591934382417562,0,1,1,False,True,False,False,False,False,True,False,False,True,False,False,False,False,False,False,0,4.972448712711015,0.0
D101168,355.63,36,3,0,0.5852599381481102,0.5591070504743909,0.2516858795330944,1,0,1,False,False,False,True,False,False,True,False,False,True,False,False,False,False,False,False,0,5.876698829764858,0.08108108108108109
D102377,77.28,36,2,1,0.4718119426801724,0.5453685510563837,0.7585182853424988,1,0,1,False,False,True,False,False,True,False,False,False,False,False,False,False,False,True,False,0,4.360292142527875,0.05405405405405406
D102066,791.66,36,1,0,0.3184622717040867,0.195751481426512,0.1885957101217771,0,1,0,False,False,True,False,False,False,True,False,False,False,False,False,False,False,True,False,0,6.675394378118318,0.02702702702702703
D102352,147.41,36,1,1,0.7893419672013111,0.8612375614912284,0.6694948489177819,1,0,1,False,True,False,False,False,False,True,False,False,True,False,False,False,False,False,False,0,4.999978713907727,0.02702702702702703
D103145,1433.93,36,4,0,0.5870993860233581,0.2493855541203334,0.2553492368002669,1,0,0,False,False,True,False,False,True,False,False,False,True,False,False,False,False,False,False,0,7.26887134651611,0.10810810810810811
D102316,250.0,36,2,0,0.2818791784728957,0.6238290225288408,0.2692315625079163,1,0,1,False,True,False,False,False,False,False,False,True,False,False,False,False,True,False,False,0,5.5254529391317835,0.05405405405405406
D103334,357.16,36,2,0,0.4946921038219948,0.4327369656870858,0.5047555681992641,1,0,1,False,True,False,False,False,False,False,False,True,False,False,False,False,True,False,False,0,5.8809798139327105,0.05405405405405406
D103395,219.92,36,0,1,0.2557977283047164,0.4325852760016487,0.9015630494425476,0,0,1,False,False,False,False,True,False,False,False,True,False,False,False,False,True,False,False,0,5.397800645032987,0.0
D102115,425.06,36,3,0,0.5980858830462973,0.2124675259177027,0.5596430643232579,0,0,1,False,False,False,False,True,False,True,False,False,False,False,False,False,True,False,False,0,6.0545801814220574,0.08108108108108109
D102161,102.82,36,4,1,0.5715868696699348,0.5783487520056254,0.6006337613506862,1,0,0,False,True,False,False,False,False,False,True,False,True,False,False,False,False,False,False,0,4.642658630399083,0.10810810810810811
D101533,73.93,36,3,0,0.6061416419448941,0.294908593370048,0.5724177860738027,1,0,0,False,False,True,False,False,False,False,False,True,False,False,False,False,True,False,False,0,4.316554344376219,0.08108108108108109
D101531,378.17,36,3,1,0.7877056638258694,0.5392539077032843,0.357739461046326,1,0,0,True,False,False,False,False,False,True,False,False,False,False,False,False,True,False,False,0,5.9379846533271445,0.08108108108108109
D102530,495.34,36,2,1,0.2012187780231363,0.8212556851737554,0.2150635884724447,1,1,1,False,False,True,False,False,True,False,False,False,False,False,False,True,False,False,False,1,6.207261175759138,0.05405405405405406
D102642,245.92,36,6,0,0.3915877484685528,0.8453281185210814,0.3419015470983778,1,1,1,False,False,True,False,False,False,False,True,False,False,False,False,True,False,False,False,1,5.509064397525695,0.16216216216216217
D103219,118.95,36,2,0,0.2801457432397293,0.8044168175349711,0.5406014369229438,0,1,1,False,True,False,False,False,False,False,False,True,False,False,False,False,False,False,True,0,4.787074989285704,0.05405405405405406
D101358,63.03,36,4,0,0.61820756291797,0.2923570933956251,0.2272128287992534,0,0,0,False,False,True,False,False,False,False,True,False,False,False,True,False,False,False,False,1,4.159351723530711,0.10810810810810811
D101439,889.46,36,1,1,0.4720018856570296,0.1512454180181794,0.785684941820581,1,0,1,False,False,False,False,True,False,True,False,False,True,False,False,False,False,False,False,0,6.791738183135782,0.02702702702702703
D100126,127.47,36,1,0,0.5085622821819743,0.6679820219525906,0.1414836241021858,0,1,0,False,True,False,False,False,True,False,False,False,False,True,False,False,False,False,False,0,4.8556954140435185,0.02702702702702703
D101522,63.01,36,3,1,0.8309642230258172,0.7272027272082168,0.8480636441698685,1,1,1,False,False,False,True,False,True,False,False,False,False,True,False,False,False,False,False,0,4.159039321153912,0.08108108108108109
D103684,272.21,36,3,0,0.3997262277154226,0.3788612580091132,0.1551412365726437,0,0,0,False,True,False,False,False,False,False,True,False,False,False,False,False,False,False,True,0,5.6102407302478365,0.08108108108108109
D100781,143.5,36,2,0,0.4767471567686643,0.7787304072396576,0.6505051393010035,0,1,1,False,False,False,False,True,False,True,False,False,True,False,False,False,False,False,False,0,4.973279507552487,0.05405405405405406
D101891,354.01,36,1,0,0.6849568167040656,0.2578846365236305,0.4476542738991722,0,0,1,False,False,False,True,False,False,False,False,True,False,False,False,False,True,False,False,0,5.872145958092761,0.02702702702702703
D102026,58.8,36,3,0,0.8161444357982696,0.7031901392452772,0.4255510833383966,1,1,0,False,False,False,True,False,True,False,False,False,True,False,False,False,False,False,False,0,4.091005660956586,0.08108108108108109
D103660,764.6,36,3,0,0.1944831188463009,0.6104701508205941,0.0266930535212444,0,1,0,False,True,False,False,False,False,True,False,False,True,False,False,False,False,False,False,0,6.640659840138745,0.08108108108108109
D103348,1104.25,36,4,1,0.3669534480733549,0.4184990525735597,0.8847186298863283,1,1,1,False,False,False,True,False,False,False,False,True,False,True,False,False,False,False,False,0,7.007826832706352,0.10810810810810811
D101623,423.74,36,3,1,0.4322526192397337,0.810901734989588,0.6352976030605073,0,1,1,True,False,False,False,False,True,False,False,False,False,False,False,False,False,False,True,0,6.051477217014153,0.08108108108108109
D100553,233.22,36,5,1,0.6340425880922688,0.6387782060192216,0.6888764127163948,0,1,0,False,False,False,True,False,False,False,True,False,False,False,False,False,False,True,False,0,5.4562608446139915,0.13513513513513514
D102629,87.61,36,0,1,0.6065325287101678,0.945708613755741,0.9086691709308709,1,1,1,False,True,False,False,False,False,True,False,False,False,False,True,False,False,False,False,1,4.484244718059211,0.0
D100543,195.94,36,0,1,0.6742348816941593,0.521184615676812,0.3297392605224644,1,0,0,False,False,False,False,True,True,False,False,False,False,False,False,False,True,False,False,0,5.282899113819656,0.0
D101637,1100.21,36,2,1,0.7972663013857004,0.7914721091310741,0.2894324252675495,1,1,0,False,False,False,False,True,False,False,True,False,False,False,False,False,False,False,True,0,7.004164854229763,0.05405405405405406
D100672,178.08,36,2,1,0.9472439956571448,0.6314650642257668,0.6507116953107336,1,1,0,False,False,False,False,True,True,False,False,False,False,False,False,False,True,False,False,0,5.187832633372765,0.05405405405405406
D100474,375.15,36,2,1,0.7936035334018917,0.58436442891725,0.7383324921449478,1,1,1,False,True,False,False,False,False,False,True,False,False,False,False,False,True,False,False,0,5.92998800000623,0.05405405405405406
D103122,208.01,36,1,0,0.7728494246432017,0.7007092110072914,0.666965677892503,1,1,1,False,True,False,False,False,True,False,False,False,False,False,False,False,False,True,False,0,5.3423820977101375,0.02702702702702703
D101287,568.65,36,2,1,0.2911691081893404,0.7976153641416063,0.3525014921306527,0,1,0,False,True,False,False,False,False,False,True,False,False,False,True,False,False,False,False,1,6.345022137144125,0.05405405405405406
D100473,324.18,36,0,0,0.724087729112095,0.90344790814288,0.4020290766222626,1,1,1,True,False,False,False,False,True,False,False,False,False,False,False,False,False,True,False,0,5.784378875167409,0.0
D100943,204.17,36,0,0,0.8152210288578798,0.889610929446341,0.426851052581381,1,1,1,False,True,False,False,False,True,False,False,False,False,False,False,True,False,False,False,1,5.323838903778114,0.0
D101609,882.7,36,0,1,0.6177260151502026,0.7391261716812847,0.283722555439125,1,1,0,False,True,False,False,False,False,True,False,False,False,False,False,True,False,False,False,1,6.784117638523959,0.0
D103356,403.25,36,0,0,0.8961707295590695,0.5375453327626021,0.3827075276406218,1,0,0,False,False,True,False,False,False,True,False,False,True,False,False,False,False,False,False,0,6.002033498457216,0.0
D100370,174.08,35,1,1,0.7324244372485105,0.6028885504953433,0.8753130076656801,1,1,1,False,False,False,True,False,False,False,False,True,False,False,False,False,False,True,False,0,5.165243012322694,0.027777777777777776
D101497,692.41,35,4,0,0.5064049321396991,0.6743019277822379,0.7945028159496036,1,0,1,False,False,True,False,False,True,False,False,False,False,False,False,False,False,True,False,0,6.541621454837154,0.1111111111111111
D101504,151.18,35,2,0,0.748846018451911,0.2680890458385055,0.6042175891920334,1,0,0,False,False,False,True,False,True,False,False,False,False,False,False,False,False,False,True,0,5.025064030748377,0.05555555555555555
D101831,679.31,35,3,0,0.6387173803506404,0.0724481730718707,0.3393534992182435,0,0,1,False,False,False,False,True,True,False,False,False,False,False,False,False,False,True,False,0,6.522548576640305,0.08333333333333333
D102777,51.95,35,5,0,0.8358636032474988,0.5510186409491244,0.829785283191727,1,1,1,False,False,True,False,False,True,False,False,False,False,False,False,True,False,False,False,1,3.9693480720474157,0.1388888888888889
D101478,79.31,35,2,1,0.729055397134237,0.5284990592213717,0.4550220355328983,1,0,0,False,False,True,False,False,False,True,False,False,False,False,True,False,False,False,False,1,4.38589414620037,0.05555555555555555
D101895,669.18,35,2,1,0.2406687727122524,0.8601948559650415,0.4313118498582993,1,1,0,False,True,False,False,False,False,False,False,True,True,False,False,False,False,False,False,0,6.507546333019676,0.05555555555555555
D102489,78.23,35,1,0,0.6403036163486079,0.8298666408404887,0.5531671822427342,1,1,0,False,False,True,False,False,False,False,True,False,False,False,False,False,False,True,False,0,4.372355014977151,0.027777777777777776
D102255,159.23,35,3,1,0.7309301889842802,0.6299822386301588,0.9241669605982596,0,0,0,False,False,True,False,False,False,True,False,False,False,False,False,False,True,False,False,0,5.076610283019789,0.08333333333333333
D101585,149.89,35,4,1,0.6365907446716309,0.135726671152754,0.6745835320571978,0,0,0,False,False,False,False,True,False,False,True,False,True,False,False,False,False,False,False,0,5.01655109452556,0.1111111111111111
D102682,345.45,35,1,0,0.7928188774863759,0.8619470348942236,0.8491905748457779,1,1,0,False,True,False,False,False,False,True,False,False,False,False,True,False,False,False,False,1,5.84773850807339,0.027777777777777776
D100729,95.63,35,0,0,0.6542730691858458,0.7179885460302575,0.7873151362627114,0,1,0,False,False,True,False,False,True,False,False,False,True,False,False,False,False,False,False,0,4.570889252011217,0.0
D102528,550.37,35,2,0,0.7832346562889568,0.5588470234656245,0.2151980883682204,1,1,0,False,False,False,True,False,True,False,False,False,False,True,False,False,False,False,False,0,6.312406090145492,0.05555555555555555
D100165,875.09,35,2,1,0.917194209407564,0.8349627344652196,0.7888202916381665,1,0,1,False,True,False,False,False,False,True,False,False,False,False,True,False,False,False,False,1,6.775468825385055,0.05555555555555555
D102292,935.8,35,0,1,0.8222976639293905,0.8598512354172309,0.6568099692329056,1,1,1,False,False,True,False,False,True,False,False,False,False,False,False,False,True,False,False,0,6.8424698122835075,0.0
D102686,141.24,35,4,0,0.3767886848976031,0.7907043433308675,0.38207301530207,0,1,0,False,True,False,False,False,False,False,True,False,False,False,False,False,False,True,False,0,4.957515771765594,0.1111111111111111
D100135,66.75,35,2,1,0.8602630195762712,0.51383955818104,0.1333892249237691,1,1,0,True,False,False,False,False,False,True,False,False,True,False,False,False,False,False,False,0,4.21582445975981,0.05555555555555555
D100155,138.99,35,4,1,0.8571211723391913,0.3037614743879936,0.0673078523143727,1,0,0,False,False,True,False,False,True,False,False,False,False,False,False,False,False,True,False,0,4.941570991486734,0.1111111111111111
D103491,248.63,35,3,0,0.2265604474239764,0.9454363180365596,0.3447606532051582,1,1,0,True,False,False,False,False,False,True,False,False,False,False,False,False,False,False,True,0,5.519979821580448,0.08333333333333333
D103115,488.14,35,1,1,0.5181456918022879,0.8203112113157859,0.6134616583020998,1,1,1,False,False,True,False,False,True,False,False,False,False,False,False,False,False,False,True,0,6.192648747067764,0.027777777777777776
D103003,143.51,35,1,1,0.9259810838760796,0.6735607047803878,0.8636841420456983,1,1,1,False,False,False,True,False,False,True,False,False,False,True,False,False,False,False,False,0,4.973348709310239,0.027777777777777776
D100117,102.69,35,1,0,0.510993482277217,0.4183668058111131,0.4030885070842858,1,0,0,False,False,True,False,False,False,False,True,False,True,False,False,False,False,False,False,0,4.6414056785701865,0.027777777777777776
D103040,849.18,35,0,1,0.2977996464094958,0.8573771784603306,0.7029888403460824,1,0,1,False,True,False,False,False,False,False,True,False,False,False,False,False,True,False,False,0,6.745448091771264,0.0
D100825,32.57,35,4,1,0.4795090074070663,0.920769904653546,0.2468883975052549,0,1,0,True,False,False,False,False,False,False,False,True,True,False,False,False,False,False,False,0,3.5136328109919437,0.1111111111111111
D101861,279.93,35,5,0,0.6472077921357464,0.3930383722846313,0.5149886285372132,1,0,0,False,False,False,False,True,True,False,False,False,False,False,False,False,False,True,False,0,5.638105527980331,0.1388888888888889
D102387,45.4,35,5,1,0.3006995123453334,0.9047512877548088,0.3513731609753713,0,1,0,True,False,False,False,False,False,True,False,False,False,False,False,False,False,False,True,0,3.8372994592322094,0.1388888888888889
D100361,207.33,35,4,0,0.4723194915204976,0.6770811601474853,0.2471531602930925,0,1,0,True,False,False,False,False,True,False,False,False,True,False,False,False,False,False,False,0,5.339123360940291,0.1111111111111111
D100399,1607.61,35,5,1,0.4932875247498846,0.5538938534538894,0.6863067366151957,0,1,1,False,True,False,False,False,True,False,False,False,False,False,False,False,True,False,False,0,7.383125731036497,0.1388888888888889
D100209,588.27,35,2,1,0.5104360144045067,0.3877616624347709,0.4764336798071545,1,0,1,False,False,True,False,False,True,False,False,False,False,False,False,False,True,False,False,0,6.378884482691239,0.05555555555555555
D101071,128.87,35,1,0,0.8945975461705654,0.2941413250081306,0.4749657160251891,1,1,1,False,False,True,False,False,True,False,False,False,False,False,False,False,True,False,False,0,4.866533950121999,0.027777777777777776
D100293,40.84,35,2,0,0.3774994201088971,0.5424558435332981,0.3786783155088418,1,0,1,True,False,False,False,False,False,True,False,False,False,False,False,True,False,False,False,1,3.7338528197566676,0.05555555555555555
D102188,597.03,35,3,0,0.4783724477334651,0.4687874348214012,0.1984991101135218,1,1,0,False,True,False,False,False,False,True,False,False,False,False,False,True,False,False,False,1,6.393640919916379,0.08333333333333333
D103433,446.02,35,1,1,0.8732503117213015,0.9494842197549174,0.6845353924011124,1,1,1,False,True,False,False,False,True,False,False,False,True,False,False,False,False,False,False,0,6.102603336341949,0.027777777777777776
D100297,194.11,35,3,0,0.476615359207294,0.2869218644580534,0.2383198563978235,1,1,0,False,False,False,True,False,False,True,False,False,False,False,False,False,True,False,False,0,5.2735635020818075,0.08333333333333333
D101325,1541.24,35,1,1,0.8280407362503043,0.559552359978082,0.7987840464406413,1,1,1,False,False,False,True,False,True,False,False,False,False,False,False,False,False,True,False,0,7.340991184035658,0.027777777777777776
D101465,139.54,35,0,0,0.7396777964134384,0.6210087187593311,0.6947462041830124,1,1,0,False,False,True,False,False,True,False,False,False,False,True,False,False,False,False,False,0,4.945492145764051,0.0
D101528,143.98,35,4,1,0.5922094924507867,0.907225914687195,0.8660669041875152,0,1,0,True,False,False,False,False,False,True,False,False,True,False,False,False,False,False,False,0,4.976595801872731,0.1111111111111111
D103776,125.02,35,3,0,0.5960398244006732,0.3546470192795692,0.7029494021483473,0,0,0,False,False,True,False,False,False,False,True,False,False,False,False,False,False,False,True,0,4.8364406245139095,0.08333333333333333
D102127,138.07,35,2,0,0.4538783334984094,0.3335090780416396,0.2004340236279899,1,0,0,False,True,False,False,False,False,True,False,False,False,False,False,True,False,False,False,1,4.934977403490519,0.05555555555555555
D103332,657.79,35,2,0,0.3126321133855999,0.547049874030237,0.2672979099414589,0,0,0,True,False,False,False,False,False,False,True,False,False,False,False,False,True,False,False,0,6.490404819074741,0.05555555555555555
D101313,41.28,35,0,1,0.8734035313121666,0.8181947434172703,0.4528978708836391,1,1,1,True,False,False,False,False,False,True,False,False,False,False,False,True,False,False,False,1,3.7443141610020367,0.0
D103262,215.36,35,5,0,0.2347939291104517,0.7536024553187612,0.7423113130673631,0,1,1,True,False,False,False,False,False,False,True,False,False,False,True,False,False,False,False,1,5.376943687003227,0.1388888888888889
D102124,894.22,35,2,0,0.4245046226601837,0.2535477781623009,0.2485839244383381,1,0,1,False,True,False,False,False,False,False,True,False,False,False,False,False,False,False,True,0,6.7970694981243795,0.05555555555555555
D102313,184.15,35,2,0,0.8614131721324884,0.4850737087439205,0.2509642080963525,1,1,0,False,True,False,False,False,False,True,False,False,False,False,False,False,False,True,False,0,5.2211663073596215,0.05555555555555555
D103809,671.09,35,4,0,0.2580078568250374,0.0708906476094163,0.3194311050097876,0,0,1,False,False,False,True,False,True,False,False,False,False,False,False,False,False,False,True,0,6.510392260126948,0.1111111111111111
D102324,223.66,35,3,1,0.4319584640566635,0.8925877144004433,0.2621899066051754,0,1,1,False,True,False,False,False,True,False,False,False,False,True,False,False,False,False,False,0,5.414588148213423,0.08333333333333333
D103628,4044.18,35,4,0,0.0745550286573981,0.0700882007985501,0.1190854176674621,0,0,0,False,False,True,False,False,False,True,False,False,False,True,False,False,False,False,False,0,8.305281327884478,0.1111111111111111
D102052,169.3,35,4,1,0.5845522006050481,0.6600032811473517,0.9622097797110344,1,1,1,False,False,True,False,False,False,False,True,False,False,False,True,False,False,False,False,1,5.1375615876686425,0.1111111111111111
D101739,114.28,35,4,1,0.73768588124041,0.3987853418813237,0.824354331514864,1,0,0,False,False,False,True,False,False,True,False,False,False,False,False,False,False,False,True,0,4.747363951691266,0.1111111111111111
D103929,758.07,35,2,0,0.7401273143979974,0.2526359002371338,0.4786908759271264,1,0,1,False,False,False,True,False,False,False,True,False,False,True,False,False,False,False,False,0,6.632093999756983,0.05555555555555555
D101404,380.98,35,4,1,0.6199355701163889,0.6558108317338113,0.2894814819077056,0,0,0,False,True,False,False,False,True,False,False,False,True,False,False,False,False,False,False,0,5.945368251215008,0.1111111111111111
D100670,159.27,35,0,1,0.7556631038450582,0.9143884902474192,0.634026092253775,0,1,0,True,False,False,False,False,False,True,False,False,False,False,True,False,False,False,False,1,5.0768598930054845,0.0
D103994,648.06,35,4,1,0.4951790407299489,0.2249578211446025,0.2674308006910665,1,0,0,False,True,False,False,False,False,False,False,True,False,False,False,True,False,False,False,1,6.475525162353818,0.1111111111111111
D102940,20.0,35,1,0,0.6856977006153195,0.1538209784111808,0.8034900507561178,1,0,1,False,False,False,False,True,False,False,False,True,False,False,False,False,True,False,False,0,3.044522437723423,0.027777777777777776
D100033,186.06,35,5,1,0.6521844890010203,0.7199323921803877,0.5889184666996325,0,0,1,False,True,False,False,False,True,False,False,False,False,True,False,False,False,False,False,0,5.231429421006405,0.1388888888888889
D102856,177.96,35,1,0,0.7833472113947132,0.3540099677290811,0.6877531193105357,1,0,1,False,False,True,False,False,False,False,False,True,False,False,False,False,True,False,False,0,5.187162317181874,0.027777777777777776
D102098,99.17,34,3,1,0.8144531564490652,0.3570613512321857,0.3557889092788243,1,0,0,True,False,False,False,False,False,True,False,False,True,False,False,False,False,False,False,0,4.606868742623673,0.08571428571428572
D101418,1510.7,34,6,0,0.4415520323593855,0.1320535388313195,0.2856099911363671,1,0,0,False,False,False,True,False,False,True,False,False,False,False,False,False,False,False,True,0,7.320990124354662,0.17142857142857143
D101437,134.1,34,3,0,0.1778314235071235,0.7067381235533206,0.6245347161503144,1,0,1,False,False,True,False,False,False,True,False,False,False,False,False,True,False,False,False,1,4.906015244966153,0.08571428571428572
D103674,446.01,34,0,0,0.7739257090645454,0.0310970013689395,0.1819887596540311,0,0,1,False,False,False,True,False,False,True,False,False,False,False,True,False,False,False,False,1,6.102580965727987,0.0
D103806,127.65,34,0,1,0.884349571566553,0.4141333396799158,0.5819160921000359,1,1,0,False,False,True,False,False,True,False,False,False,False,False,False,False,False,True,False,0,4.857095538727753,0.0
D101060,181.4,34,2,1,0.4444213541291395,0.3173045141308286,0.9143635838526885,0,0,1,False,False,False,False,True,False,False,False,True,False,False,False,True,False,False,False,1,5.206202077640231,0.05714285714285714
D100524,393.84,34,3,0,0.5018676050264833,0.9049680036747983,0.4439976638606149,1,1,0,True,False,False,False,False,False,False,True,False,True,False,False,False,False,False,False,0,5.978480619549687,0.08571428571428572
D103372,104.28,34,2,0,0.4103983013177216,0.4314945785682128,0.2731472738368679,1,0,0,False,False,False,True,False,True,False,False,False,False,False,False,False,False,True,False,0,4.656623467577007,0.05714285714285714
D103132,274.38,34,7,0,0.3054271582097933,0.5267909036382249,0.8011770045973192,0,0,0,True,False,False,False,False,False,True,False,False,False,False,True,False,False,False,False,1,5.618151962016226,0.2
D103300,131.11,34,5,0,0.5380103314581407,0.8999985999004868,0.7865784313965424,0,1,1,False,False,False,False,True,True,False,False,False,False,True,False,False,False,False,False,0,4.883634908890262,0.14285714285714285
D103445,257.6,34,0,0,0.7615744871889985,0.3737037940317255,0.7597213638877794,0,0,0,False,True,False,False,False,True,False,False,False,True,False,False,False,False,False,False,0,5.555282466337757,0.0
D103279,463.65,34,1,1,0.6058293228918983,0.4835461960726139,0.6585560915231292,0,0,1,True,False,False,False,False,False,False,True,False,True,False,False,False,False,False,False,0,6.141284434003349,0.02857142857142857
D102724,162.65,34,2,1,0.6182657415074536,0.3982811923911896,0.7832385833334744,1,0,1,False,True,False,False,False,True,False,False,False,False,False,False,True,False,False,False,1,5.097730000947189,0.05714285714285714
D102219,380.68,34,3,0,0.6397407734633,0.549626048257143,0.2613387793490757,0,0,0,False,True,False,False,False,False,True,False,False,False,False,False,False,False,True,False,0,5.944582561207851,0.08571428571428572
D103187,746.75,34,2,1,0.253647763529443,0.3163218351781682,0.4327189644185732,1,0,1,False,False,False,True,False,False,False,False,True,False,False,False,False,False,False,True,0,6.617068697510057,0.05714285714285714
D100746,278.93,34,0,1,0.4558533261572173,0.8291283040377284,0.6883766918903718,1,1,1,False,True,False,False,False,False,True,False,False,False,False,False,False,False,False,True,0,5.634539571914041,0.0
D101653,2299.23,34,5,0,0.0429278498239188,0.424267507850401,0.2180055418354334,0,0,0,True,False,False,False,False,False,False,True,False,False,False,False,False,False,True,False,0,7.740764396917575,0.14285714285714285
D100567,388.13,34,4,0,0.1650470896112879,0.6482510829752465,0.5722357433372943,1,1,1,True,False,False,False,False,True,False,False,False,False,False,True,False,False,False,False,1,5.963913478020691,0.11428571428571428
D101261,1823.67,34,1,1,0.4669987609312104,0.6638197568363639,0.0888533997324555,1,1,0,False,True,False,False,False,False,True,False,False,False,False,False,False,False,True,False,0,7.50915442774853,0.02857142857142857
D102244,84.61,34,2,0,0.5243319163514183,0.9232784730580482,0.1702230339004116,1,1,1,False,True,False,False,False,False,False,True,False,False,False,False,False,False,True,False,0,4.449802098754394,0.05714285714285714
D102612,638.26,34,3,1,0.4022714057544772,0.7951279018130911,0.8600098953653084,1,0,1,False,False,True,False,False,False,True,False,False,False,False,True,False,False,False,False,1,6.46031125738097,0.08571428571428572
D101775,111.32,34,2,1,0.9698271792114852,0.7347709828997498,0.962927398950444,1,1,1,False,False,True,False,False,False,True,False,False,False,True,False,False,False,False,False,0,4.721351940277501,0.05714285714285714
D101220,310.16,34,0,1,0.7283290419422691,0.7260873320563301,0.4011789770681961,1,1,0,True,False,False,False,False,False,False,True,False,True,False,False,False,False,False,False,0,5.740307249338573,0.0
D101224,247.58,34,3,0,0.5678525511317786,0.6507070946914881,0.3381182565407366,0,1,0,False,True,False,False,False,True,False,False,False,True,False,False,False,False,False,False,0,5.515764725317365,0.08571428571428572
D103911,857.09,34,3,0,0.4622023751625188,0.7755274897781842,0.3902038872266316,1,1,0,False,False,True,False,False,False,False,False,True,False,True,False,False,False,False,False,0,6.754708989091751,0.08571428571428572
D102461,1042.95,34,0,0,0.5158958567960724,0.1703176242028213,0.500679293703759,1,0,0,False,False,True,False,False,False,False,False,True,False,False,False,True,False,False,False,1,6.950766874575384,0.0
D101519,267.47,34,2,0,0.4240642188009381,0.2571867652411088,0.3519418474253156,0,1,1,False,True,False,False,False,False,False,False,True,True,False,False,False,False,False,False,0,5.592739175862877,0.05714285714285714
D101692,1119.73,34,6,0,0.2477160577972295,0.4337536903677936,0.3944251452978359,1,0,0,False,True,False,False,False,False,True,False,False,True,False,False,False,False,False,False,0,7.02173553768337,0.17142857142857143
D101544,1190.33,34,2,0,0.6300757681296688,0.4675391058600857,0.1974063293383356,1,1,0,False,False,True,False,False,False,True,False,False,False,False,False,False,True,False,False,0,7.082825609061898,0.05714285714285714
D100338,297.02,34,1,0,0.2310230904281712,0.34924757135636,0.6341081428071924,1,0,1,True,False,False,False,False,True,False,False,False,False,False,False,True,False,False,False,1,5.697160598347314,0.02857142857142857
D101991,368.37,34,3,1,0.8318733423693949,0.5724124017629177,0.3410844653427339,1,0,0,False,False,True,False,False,False,True,False,False,False,True,False,False,False,False,False,0,5.911798851689727,0.08571428571428572
D101087,645.31,34,1,0,0.0656984122575003,0.5990863659608658,0.3379359321575001,0,0,0,False,False,False,True,False,False,False,True,False,False,False,False,False,True,False,False,0,6.47127926483985,0.02857142857142857
D103419,162.78,34,2,0,0.2402130152166539,0.2852936642225078,0.2084106265497246,0,1,0,False,False,False,True,False,True,False,False,False,False,False,True,False,False,False,False,1,5.098524063842042,0.05714285714285714
D103493,984.78,34,5,0,0.5778767975291416,0.0620641335695489,0.2102371356936903,0,0,0,False,False,True,False,False,True,False,False,False,False,False,False,False,False,True,False,0,6.89343320597458,0.14285714285714285
D102172,117.78,34,0,1,0.8206454463755233,0.13687533487451,0.6904424781027444,0,0,1,False,False,True,False,False,False,False,False,True,False,True,False,False,False,False,False,0,4.777273042587714,0.0
D103492,288.8,34,6,0,0.3458935225371543,0.8591518023973662,0.709828430433052,0,1,1,False,False,False,True,False,True,False,False,False,True,False,False,False,False,False,False,0,5.669191029886582,0.17142857142857143
D102714,877.45,34,1,1,0.830532188091524,0.9076266567944188,0.747567434011591,1,1,1,False,False,False,True,False,True,False,False,False,False,False,False,False,True,False,False,0,6.778158990811063,0.02857142857142857
D102716,129.44,34,1,1,0.6568992345588941,0.599853303906975,0.7777660553128531,1,0,1,False,False,True,False,False,False,True,False,False,False,False,False,False,False,True,False,0,4.870913350921119,0.02857142857142857
D100125,417.99,34,3,0,0.5788137102803576,0.473745707357513,0.423277216793445,1,1,0,False,False,True,False,False,True,False,False,False,False,True,False,False,False,False,False,0,6.037847053288883,0.08571428571428572
D101898,102.99,34,2,0,0.2722649307204874,0.8837555354301831,0.0808014078479296,1,1,0,True,False,False,False,False,False,True,False,False,False,False,False,False,False,True,False,0,4.644294740672142,0.05714285714285714
D100554,650.47,34,2,1,0.6748430400701488,0.950971697996508,0.7930159600327131,0,1,1,True,False,False,False,False,True,False,False,False,False,False,False,True,False,False,False,1,6.479231347922175,0.05714285714285714
D100980,209.63,34,4,0,0.2414631062898303,0.8081564319019683,0.6429277313420511,0,1,1,False,False,False,False,True,True,False,False,False,False,True,False,False,False,False,False,0,5.3501030396972675,0.11428571428571428
D101118,219.49,34,1,0,0.7092839464815474,0.6576785317489064,0.2074293119382537,1,1,0,False,True,False,False,False,True,False,False,False,False,False,False,False,False,False,True,0,5.395852342384568,0.02857142857142857
D101158,36.34,34,4,1,0.8348912290644948,0.7885760099893586,0.7915695708897614,1,1,1,False,True,False,False,False,False,True,False,False,True,False,False,False,False,False,False,0,3.6200651381135764,0.11428571428571428
D101980,548.66,34,2,0,0.6240575420010077,0.281273080218715,0.8099218437327266,0,0,1,False,False,False,True,False,False,True,False,False,False,False,False,False,False,False,True,0,6.309299905255172,0.05714285714285714
D103784,87.85,34,5,0,0.6856741650348287,0.3987736304003994,0.5214723173213222,1,1,0,False,False,True,False,False,False,True,False,False,True,False,False,False,False,False,False,0,4.486949554600661,0.14285714285714285
D101030,459.3,34,4,0,0.4942915289854423,0.2732792491946459,0.4171479953515258,1,0,0,False,False,True,False,False,False,True,False,False,False,True,False,False,False,False,False,0,6.131878450823196,0.11428571428571428
D102015,82.77,34,2,1,0.8754475502386707,0.3030131491439539,0.550339805548412,0,0,0,False,False,True,False,False,False,False,True,False,False,False,False,True,False,False,False,1,4.428074948165718,0.05714285714285714
D102093,233.22,33,6,0,0.1163176795376351,0.7778281459983949,0.926365296147739,0,1,1,False,True,False,False,False,True,False,False,False,False,False,False,False,True,False,False,0,5.4562608446139915,0.17647058823529413
D101386,268.32,33,1,0,0.9385688949903463,0.4556079148489338,0.6800040611545333,1,0,0,False,False,True,False,False,False,True,False,False,False,True,False,False,False,False,False,0,5.5959002636770805,0.029411764705882353
D103360,1307.98,33,3,0,0.0955649724786196,0.3783761977731679,0.1061754834738124,0,0,1,False,True,False,False,False,True,False,False,False,False,False,False,True,False,False,False,1,7.177003486954369,0.08823529411764706
D101725,569.18,33,2,1,0.3184755869241555,0.8310630394741138,0.4408038607136652,0,1,1,True,False,False,False,False,True,False,False,False,False,False,False,False,True,False,False,0,6.345952100451279,0.058823529411764705
D100037,233.8,33,1,0,0.5661326074313763,0.1874834443857073,0.4858486987835781,0,0,0,False,False,True,False,False,False,True,False,False,False,True,False,False,False,False,False,0,5.458734087953942,0.029411764705882353
D102285,200.58,33,4,0,0.1898527742244987,0.8304384110432165,0.084875102088233,0,1,0,True,False,False,False,False,False,True,False,False,False,False,False,False,False,True,False,0,5.306186324926732,0.11764705882352941
D103616,152.56,33,0,0,0.1485906366285461,0.7226304653337428,0.08905581534496,0,1,0,False,True,False,False,False,True,False,False,False,False,False,False,False,False,False,True,0,5.034091370132597,0.0
D103371,690.44,33,2,1,0.7964158965302264,0.554907541646009,0.3616277408132577,1,0,1,True,False,False,False,False,True,False,False,False,False,True,False,False,False,False,False,0,6.538776379444383,0.058823529411764705
D100927,126.38,33,3,0,0.2601610369648434,0.3629110929974521,0.3214291056520746,1,0,0,False,False,False,True,False,True,False,False,False,False,False,False,False,True,False,False,0,4.84717474494322,0.08823529411764706
D100523,55.16,33,0,1,0.6556065581408198,0.8882475028970167,0.5488972107542291,1,1,0,False,False,True,False,False,True,False,False,False,False,False,False,False,True,False,False,0,4.028204759717555,0.0
D102399,179.19,33,0,1,0.8547383609424841,0.4932611045889388,0.1697741169050284,1,1,0,False,False,True,False,False,False,False,True,False,False,False,False,True,False,False,False,1,5.194011849738723,0.0
D100413,267.77,33,3,1,0.7432533150793661,0.1479896567621886,0.9557550237259302,1,0,1,False,False,False,True,False,False,False,True,False,True,False,False,False,False,False,False,0,5.593855995277597,0.08823529411764706
D102694,435.96,33,2,0,0.6797287026484726,0.3397219799726242,0.8458527464916048,0,0,1,False,False,False,True,False,False,False,True,False,False,False,False,False,False,False,True,0,6.079841657725395,0.058823529411764705
D100207,141.47,33,1,1,0.0832649547970945,0.905150328024573,0.699196676225394,0,1,1,False,False,True,False,False,False,True,False,False,False,False,True,False,False,False,False,1,4.9591314512291405,0.029411764705882353
D101719,20.0,33,2,0,0.9037707879645592,0.618747610119554,0.4372232630406383,1,1,0,False,False,False,True,False,True,False,False,False,True,False,False,False,False,False,False,0,3.044522437723423,0.058823529411764705
D101707,172.14,33,1,0,0.5139909284397378,0.6023347010710907,0.1243114789068954,0,1,1,False,True,False,False,False,False,False,True,False,False,False,False,False,True,False,False,0,5.154100515787627,0.029411764705882353
D101144,655.66,33,2,1,0.7475198540503828,0.7491326844744849,0.1410772891202213,1,1,0,False,True,False,False,False,False,True,False,False,False,False,False,False,False,True,False,0,6.487166380728126,0.058823529411764705
D100470,159.94,33,0,0,0.7750224421886013,0.9049618948743406,0.2642515551622207,0,1,0,False,True,False,False,False,False,True,False,False,False,False,False,False,False,False,True,0,5.081031624717987,0.0
D101617,68.79,33,3,1,0.7466192596445808,0.9289810454251288,0.3791713008448913,1,1,0,False,False,True,False,False,False,True,False,False,False,False,True,False,False,False,False,1,4.245490733029061,0.08823529411764706
D101228,355.0,33,3,1,0.4590037357602964,0.5430671279602532,0.4364739420263278,1,0,0,False,False,False,False,True,False,True,False,False,False,False,False,False,False,False,True,0,5.87493073085203,0.08823529411764706
D100764,404.4,33,2,1,0.410790212948999,0.1416831671486843,0.8223252873024258,0,1,0,False,False,False,False,True,True,False,False,False,True,False,False,False,False,False,False,0,6.004874234017899,0.058823529411764705
D103729,444.07,33,4,1,0.7122859340686382,0.7296492174975909,0.6628250585067855,1,1,1,False,False,False,True,False,True,False,False,False,False,False,False,False,True,False,False,0,6.0982315731661485,0.11764705882352941
D101906,489.77,33,1,0,0.8117033559978263,0.1709134051803813,0.6487872173496831,1,0,1,False,True,False,False,False,False,False,True,False,False,False,False,True,False,False,False,1,6.19597558627419,0.029411764705882353
D100169,158.73,33,4,1,0.6402689953205647,0.5175097171008328,0.5015207709042966,1,1,1,False,False,False,False,True,False,False,False,True,False,False,False,False,False,False,True,0,5.073484889801866,0.11764705882352941
D103793,200.02,33,1,0,0.3548920133682156,0.8384325296213143,0.2789125417734953,0,0,0,False,True,False,False,False,False,False,True,False,False,False,False,False,True,False,False,0,5.303404405596594,0.029411764705882353
D103243,424.21,33,0,0,0.8164673529385011,0.644093254570941,0.2787033099092511,1,0,0,False,True,False,False,False,False,True,False,False,False,False,False,True,False,False,False,1,6.052583164535549,0.0
D100347,591.68,33,1,0,0.4521415129212612,0.3621209896190788,0.4376266790517275,0,0,0,False,True,False,False,False,False,True,False,False,False,False,False,False,True,False,False,0,6.384654624340533,0.029411764705882353
D103337,372.42,33,1,1,0.7458709199313878,0.6277358930966308,0.7640589201415287,0,0,1,False,False,False,True,False,True,False,False,False,False,False,False,False,False,False,True,0,5.92270379153719,0.029411764705882353
D103781,120.46,33,1,0,0.4687370862812661,0.5434188454117065,0.6815905390104913,0,0,0,False,False,False,True,False,True,False,False,False,False,True,False,False,False,False,False,0,4.799584990469429,0.029411764705882353
D103762,295.51,33,1,0,0.5259448705461847,0.2556767196380814,0.1779363003697876,1,0,1,True,False,False,False,False,True,False,False,False,False,False,False,False,False,False,True,0,5.6920809446818605,0.029411764705882353
D102138,538.69,33,3,1,0.3535517954647035,0.8415485048151315,0.6188811090940809,0,1,1,False,False,False,True,False,False,False,True,False,True,False,False,False,False,False,False,0,6.290994900640634,0.08823529411764706
D100275,2039.05,33,5,1,0.5391542933925552,0.8089019401181551,0.4971925826504141,0,1,0,False,True,False,False,False,False,True,False,False,False,True,False,False,False,False,False,0,7.620729596341823,0.14705882352941177
D103259,284.42,33,3,0,0.2483143499677222,0.4354364238180261,0.3118070038830453,1,0,1,True,False,False,False,False,True,False,False,False,False,False,False,False,False,True,False,0,5.653961779672245,0.08823529411764706
D101996,1148.59,33,4,0,0.0980475393728355,0.1178500039420232,0.1510970457041507,0,0,0,False,True,False,False,False,False,True,False,False,False,False,True,False,False,False,False,1,7.04716063604918,0.11764705882352941
D102464,163.14,33,3,0,0.5671672401923298,0.4461891646964522,0.5017003611857455,0,0,0,False,True,False,False,False,False,True,False,False,False,False,False,False,False,False,True,0,5.100719722201566,0.08823529411764706
D101926,209.05,33,1,1,0.7949229443011543,0.8459130902943962,0.7503139664942086,1,1,0,False,True,False,False,False,False,True,False,False,True,False,False,False,False,False,False,0,5.347345597615391,0.029411764705882353
D103956,80.99,33,2,0,0.90310086144807,0.2167369540532359,0.9115818342812176,1,0,1,False,False,False,False,True,False,False,False,True,True,False,False,False,False,False,False,0,4.406597288608086,0.058823529411764705
D100317,356.71,33,2,1,0.7075617855786429,0.7774747305983907,0.3772016099538239,1,1,0,False,False,True,False,False,False,True,False,False,False,False,False,False,True,False,False,0,5.879722602262234,0.058823529411764705
D103942,431.15,33,1,0,0.9816136486851448,0.5632057376180126,0.2695340514430505,1,1,1,False,True,False,False,False,True,False,False,False,False,False,False,False,True,False,False,0,6.068772750198647,0.029411764705882353
D100036,744.97,33,1,0,0.758186479371778,0.8251844154958266,0.287431554693327,0,1,0,True,False,False,False,False,False,False,False,True,False,False,True,False,False,False,False,1,6.614685384917926,0.029411764705882353
D102909,232.87,32,2,1,0.5872242648075743,0.4044629592787666,0.0320379520972297,1,1,0,False,False,True,False,False,False,False,True,False,False,False,True,False,False,False,False,1,5.454765405423979,0.06060606060606061
D100014,90.79,32,2,1,0.7110583166730776,0.7757647560607086,0.4097050154647729,0,0,0,False,True,False,False,False,False,True,False,False,False,False,False,True,False,False,False,1,4.519503359231,0.06060606060606061
D102019,547.96,32,2,0,0.7896739106294601,0.2914744987842646,0.6300431906444426,1,0,0,False,True,False,False,False,False,False,True,False,False,False,False,False,False,False,True,0,6.30802557911014,0.06060606060606061
D100580,359.56,32,2,0,0.982644918766868,0.1995779131499666,0.2554634892104694,1,0,0,False,False,True,False,False,False,True,False,False,False,False,True,False,False,False,False,1,5.887658378382393,0.06060606060606061
D100428,280.46,32,0,1,0.8224056862651512,0.9844209465605764,0.2457448638437125,1,1,0,True,False,False,False,False,False,True,False,False,False,False,False,False,True,False,False,0,5.639990341568422,0.0
D100286,772.61,32,2,0,0.4886244205962943,0.3228258605239464,0.3713782599592332,1,1,0,True,False,False,False,False,True,False,False,False,False,False,False,False,True,False,False,0,6.65106787063258,0.06060606060606061
D100283,512.73,32,2,0,0.7637218332305769,0.5200812509305773,0.4125539021572407,1,0,1,False,True,False,False,False,False,False,True,False,False,True,False,False,False,False,False,0,6.2416978356122845,0.06060606060606061
D103501,303.94,32,3,1,0.600556134182078,0.3892203674040376,0.8640766632999989,1,1,0,False,False,True,False,False,False,True,False,False,False,True,False,False,False,False,False,0,5.720115035943761,0.09090909090909091
D103760,563.12,32,2,0,0.4726576789339373,0.7604592294059385,0.7297069844657209,1,1,1,False,False,False,False,True,False,False,False,True,False,False,False,False,False,True,False,0,6.33526699482404,0.06060606060606061
D101881,843.26,32,4,0,0.1083409897578452,0.7124617492443268,0.3808750122152815,0,0,1,False,False,True,False,False,False,False,True,False,False,False,False,True,False,False,False,1,6.738460504028219,0.12121212121212122
D101873,61.33,32,3,1,0.8726141070523058,0.5989167558081699,0.8037023224313776,0,0,0,False,False,False,False,True,True,False,False,False,True,False,False,False,False,False,False,0,4.132442850820759,0.09090909090909091
D101929,122.29,32,4,0,0.6582337744694499,0.4687650415458224,0.1048379897055789,1,0,0,False,True,False,False,False,False,True,False,False,False,False,False,False,False,False,True,0,4.814539303880461,0.12121212121212122
D101251,36.4,32,1,0,0.7230689290431501,0.745464627628389,0.2761589903115136,1,1,0,True,False,False,False,False,True,False,False,False,False,False,False,False,False,False,True,0,3.6216707044204863,0.030303030303030304
D101255,286.89,32,4,1,0.4601586879229097,0.7965117569945793,0.4035138999940451,1,1,0,False,False,False,True,False,False,True,False,False,True,False,False,False,False,False,False,0,5.662578462732144,0.12121212121212122
D102308,242.86,32,2,1,0.5432676392685875,0.694505259440419,0.7284974006511793,1,1,0,False,False,True,False,False,False,False,False,True,False,False,False,True,False,False,False,1,5.496594290132118,0.06060606060606061
D103015,627.19,32,5,0,0.1580084727679955,0.2298876875348875,0.6733559104462115,0,0,0,False,False,True,False,False,True,False,False,False,False,False,True,False,False,False,False,1,6.4428426684805515,0.15151515151515152
D101856,178.99,32,4,0,0.603725664682174,0.3009613837620628,0.3159387215151323,1,0,1,False,True,False,False,False,False,True,False,False,False,False,True,False,False,False,False,1,5.192901293791388,0.12121212121212122
D102291,276.73,32,3,0,0.6560635280586053,0.6451290136230855,0.5354434849779873,1,0,0,False,False,True,False,False,False,False,False,True,False,False,False,False,False,False,True,0,5.626649418726377,0.09090909090909091
D103118,781.96,32,4,0,0.2214178699485974,0.1979667096538847,0.272792079045344,0,1,0,False,True,False,False,False,False,False,False,True,False,False,False,False,False,True,False,0,6.663081609117564,0.12121212121212122
D101002,121.77,32,0,1,0.7769496702947751,0.7198068139512925,0.2062334754561183,1,1,0,True,False,False,False,False,True,False,False,False,True,False,False,False,False,False,False,0,4.8103126861927485,0.0
D102654,370.7,32,0,0,0.9616870060633816,0.5159306022561357,0.5650297820500733,1,1,1,False,False,True,False,False,False,True,False,False,False,False,False,True,False,False,False,1,5.918087077303206,0.0
D100620,129.83,32,2,1,0.9362671590351486,0.8386703039374993,0.8567344261644084,1,1,1,False,False,False,True,False,False,True,False,False,False,False,False,True,False,False,False,1,4.873898770522785,0.06060606060606061
D102759,508.05,32,1,1,0.7954271030527177,0.8649607825605251,0.2990337311770626,1,1,0,False,False,True,False,False,True,False,False,False,True,False,False,False,False,False,False,0,6.232546243553204,0.030303030303030304
D103342,102.3,32,2,0,0.2535551819746963,0.6964359501268466,0.3415428600037123,0,0,0,False,True,False,False,False,True,False,False,False,False,False,False,False,False,True,False,0,4.637637376125593,0.06060606060606061
D100967,164.04,32,3,0,0.3904442795578411,0.7995619950051612,0.4078141106365531,0,1,0,False,True,False,False,False,False,False,True,False,False,True,False,False,False,False,False,0,5.106187868762996,0.09090909090909091
D101191,97.53,32,4,1,0.9153880075354752,0.6974664523617936,0.2963570147250749,1,0,0,False,True,False,False,False,False,False,True,False,False,False,False,False,False,False,True,0,4.590361070334383,0.12121212121212122
D103547,331.83,32,4,0,0.1847348491253692,0.151422952474175,0.635199897325213,0,0,1,False,False,False,False,True,False,True,False,False,False,True,False,False,False,False,False,0,5.807631849115076,0.12121212121212122
D101783,178.3,32,1,1,0.8483954074653991,0.9019575566127044,0.1852613811986904,1,1,1,False,True,False,False,False,False,True,False,False,True,False,False,False,False,False,False,0,5.189060380611087,0.030303030303030304
D101959,806.14,32,4,0,0.4486070345040041,0.630470415958945,0.2484774218437773,0,1,0,False,False,True,False,False,False,False,True,False,False,True,False,False,False,False,False,0,6.6934971352559,0.12121212121212122
D103540,678.74,32,4,1,0.5485559450695222,0.6304743908110308,0.2937553827794493,1,1,1,False,False,False,True,False,False,True,False,False,False,False,False,False,False,True,False,0,6.521710372113453,0.12121212121212122
D100982,404.82,32,2,0,0.6944363891286484,0.3949011675486246,0.5786523151938557,1,0,0,False,False,False,True,False,True,False,False,False,False,False,False,False,True,False,False,0,6.005909711539478,0.06060606060606061
D100959,181.39,32,1,1,0.9722057663898328,0.6458802745958632,0.7493140014274708,1,0,1,False,False,True,False,False,True,False,False,False,False,False,False,True,False,False,False,1,5.206147251575906,0.030303030303030304
D100735,240.55,32,2,0,0.4696992970300698,0.3439164780754393,0.3913418382236897,0,0,1,False,False,True,False,False,False,False,True,False,False,False,False,False,False,False,True,0,5.4870764910004155,0.06060606060606061
D102745,91.43,32,4,1,0.7311144594097558,0.7741760927179744,0.6012458355945208,1,1,1,False,False,False,True,False,False,True,False,False,False,False,False,False,True,False,False,0,4.526451601276686,0.12121212121212122
D102269,252.33,32,2,0,0.6455816480973509,0.3700971372173249,0.563345144239563,1,1,0,False,False,False,True,False,False,True,False,False,False,False,False,False,False,False,True,0,5.534692986630964,0.06060606060606061
D100898,1449.94,32,1,0,0.4388380922476623,0.8630464012336714,0.64918154821473,1,1,0,False,True,False,False,False,True,False,False,False,True,False,False,False,False,False,False,0,7.279966901236663,0.030303030303030304
D103794,27.69,32,3,1,0.8253000544477949,0.905418135119168,0.6972078592578326,1,0,1,False,False,True,False,False,False,False,True,False,False,False,False,False,True,False,False,0,3.3565486299932736,0.09090909090909091
D103808,792.87,32,7,0,0.5530281913532594,0.2235254783020404,0.4704634245906116,0,0,0,False,False,False,False,True,False,False,False,True,False,False,False,False,True,False,False,0,6.6769197198825525,0.21212121212121213
D102619,343.26,32,4,0,0.6054492333735083,0.7217727822553315,0.7647008507355538,1,0,0,False,False,False,True,False,True,False,False,False,False,False,False,False,False,False,True,0,5.84139718584336,0.12121212121212122
D103882,162.41,32,4,1,0.9159290928692676,0.7182533752549413,0.3411979675045658,1,1,1,False,False,True,False,False,False,True,False,False,False,False,False,True,False,False,False,1,5.096262380063693,0.12121212121212122
D102558,448.3,32,1,1,0.8008349319288796,0.853366579959581,0.4582405867791734,1,1,0,False,False,True,False,False,False,True,False,False,True,False,False,False,False,False,False,0,6.107690816076114,0.030303030303030304
D103051,206.03,32,4,1,0.2566593543701585,0.6132471361767158,0.6829239315740016,0,0,1,True,False,False,False,False,False,False,True,False,False,False,False,False,False,False,True,0,5.33286371030062,0.12121212121212122
D100839,80.86,32,1,0,0.6816678782558498,0.3576820202151318,0.4556731683490082,0,0,0,False,False,True,False,False,False,True,False,False,True,False,False,False,False,False,False,0,4.405010471064257,0.030303030303030304
D100844,385.58,32,0,0,0.35542944746283,0.3691421659989948,0.0781361166548736,0,0,0,True,False,False,False,False,True,False,False,False,True,False,False,False,False,False,False,0,5.957338832378606,0.0
D100794,47.88,32,1,0,0.3112537260398818,0.8609828147109132,0.876924007595401,0,1,1,True,False,False,False,False,False,False,True,False,False,True,False,False,False,False,False,0,3.88936831486334,0.030303030303030304
D103785,477.11,32,1,0,0.2919865094133553,0.4544019655188962,0.7281189632422213,0,1,1,False,False,False,False,True,False,True,False,False,False,False,False,True,False,False,False,1,6.169840831539652,0.030303030303030304
D102831,99.14,32,3,0,0.668559416091618,0.7494807094207111,0.9184014043884232,1,1,1,False,False,True,False,False,False,False,False,True,False,True,False,False,False,False,False,0,4.606569206901798,0.09090909090909091
D100047,40.35,32,1,1,0.1440087283144945,0.4284411201349453,0.2795246123871244,0,1,0,False,True,False,False,False,False,False,False,True,False,False,False,False,False,False,True,0,3.7220724214697003,0.030303030303030304
D103117,936.74,32,0,0,0.5360599321771442,0.6290627429602791,0.0804046719669774,1,1,0,False,False,True,False,False,True,False,False,False,False,False,False,False,False,False,True,0,6.843472725082157,0.0
D102867,648.14,31,5,0,0.689783284662921,0.6209292085411915,0.2021602797869112,1,1,0,False,False,True,False,False,False,False,True,False,False,False,False,True,False,False,False,1,6.475648409927537,0.15625
D102099,68.06,31,2,0,0.9243307788902292,0.5764352090012584,0.495041510268423,1,0,1,False,True,False,False,False,False,True,False,False,False,False,False,False,True,False,False,0,4.234975691961846,0.0625
D102043,457.53,31,0,1,0.9681571005961632,0.7884277215353191,0.3375419894309948,1,1,1,False,False,False,False,True,False,True,False,False,False,False,False,False,True,False,False,0,6.128025720308475,0.0
D103252,225.64,31,0,0,0.5124165307208814,0.6173634864338327,0.4965037910931785,0,1,1,False,True,False,False,False,True,False,False,False,False,False,False,False,False,False,True,0,5.423362855522261,0.0
D103598,46.8,31,1,0,0.7348517438014763,0.1700758921095036,0.7256130726957445,0,0,1,False,False,False,False,True,False,False,False,True,False,False,False,False,True,False,False,0,3.86702563949741,0.03125
D100335,124.36,31,4,0,0.8429908238283563,0.476805990162551,0.754272945090914,1,0,0,False,False,True,False,False,True,False,False,False,False,False,False,False,False,True,False,0,4.831189598047765,0.125
D102050,66.45,31,2,0,0.8034229422938637,0.2996605613716336,0.802667870111998,1,0,1,False,False,False,False,True,True,False,False,False,False,False,False,False,False,True,False,0,4.211386582653765,0.0625
D102695,299.05,31,2,0,0.4358846352572955,0.5035050727941535,0.3841587431865466,1,0,1,False,True,False,False,False,True,False,False,False,False,True,False,False,False,False,False,0,5.703949127435522,0.0625
D102718,387.1,31,2,0,0.7378115687417613,0.2901497881479295,0.6747803238883002,1,1,1,True,False,False,False,False,False,False,False,True,False,False,False,False,False,True,False,0,5.96126303837486,0.0625
D103779,384.9,31,2,0,0.5984907390726953,0.2719710755227366,0.763313988769179,1,1,1,False,False,False,False,True,True,False,False,False,False,False,False,False,True,False,False,0,5.955578268543573,0.0625
D102501,136.52,31,2,0,0.5404171609729085,0.6243851852277164,0.2943959429466819,1,0,0,False,False,True,False,False,True,False,False,False,False,False,False,True,False,False,False,1,4.923769361074594,0.0625
D101466,261.97,31,0,0,0.4751811207716852,0.2865095796895969,0.7384728970079694,0,1,1,False,True,False,False,False,False,False,False,True,True,False,False,False,False,False,False,0,5.572039957230401,0.0
D103546,182.36,31,3,0,0.4500568257005014,0.7255151629194381,0.111442398096842,0,1,0,False,False,True,False,False,False,True,False,False,False,False,False,True,False,False,False,1,5.211451433526375,0.09375
D101655,74.32,31,2,0,0.7598107594469362,0.5733156859554674,0.5345870770961215,0,1,0,False,True,False,False,False,False,True,False,False,False,False,False,False,False,False,True,0,4.3217457037889515,0.0625
D102991,65.75,31,1,0,0.7491531049143212,0.3853103127177862,0.871446245297314,0,1,1,False,False,False,True,False,False,True,False,False,False,False,True,False,False,False,False,1,4.200954297280359,0.03125
D101643,212.25,31,3,1,0.8204719696371424,0.3941585601591033,0.1278020093787749,0,1,0,False,True,False,False,False,True,False,False,False,False,False,True,False,False,False,False,1,5.3624651863717885,0.09375
D100936,235.36,31,3,0,0.1838553558375248,0.180003570678647,0.2442460750363393,0,0,0,False,False,False,False,True,False,False,True,False,True,False,False,False,False,False,False,0,5.465356066477474,0.09375
D103186,329.43,31,2,0,0.4015301161578616,0.2713339059823564,0.40816076016018,0,0,0,False,False,True,False,False,False,False,True,False,False,False,False,True,False,False,False,1,5.800394836556317,0.0625
D103196,206.91,31,2,0,0.5376893623933277,0.2265088352393305,0.5587425284210651,1,0,1,False,False,True,False,False,True,False,False,False,False,False,False,True,False,False,False,1,5.337105293755297,0.0625
D103564,138.5,31,1,0,0.4429148968511822,0.3163231047434706,0.5184250358920259,0,0,0,False,False,False,False,True,False,False,True,False,False,False,False,False,False,True,False,0,4.93806460126142,0.03125
D100373,24.9,31,3,1,0.8780744568107232,0.8134712693169072,0.3905519174379367,1,0,0,False,True,False,False,False,False,True,False,False,False,True,False,False,False,False,False,0,3.254242968705492,0.09375
D103512,296.75,31,3,0,0.6766027154469204,0.8988204573869395,0.8755737325770513,0,1,1,False,False,False,False,True,False,True,False,False,False,True,False,False,False,False,False,0,5.696254208235409,0.09375
D102203,201.78,31,2,0,0.6314756874513782,0.2494310217218684,0.2157565808054929,1,0,0,False,True,False,False,False,False,False,True,False,False,True,False,False,False,False,False,0,5.3121216475244335,0.0625
D103632,101.77,31,4,0,0.2326079482393342,0.4692972256024514,0.3071367175715351,1,1,1,False,False,True,False,False,True,False,False,False,False,False,False,False,False,False,True,0,4.632493481636982,0.125
D103750,252.21,31,2,1,0.5721971470310094,0.7836103534588567,0.6513617928139618,1,1,0,True,False,False,False,False,True,False,False,False,False,False,False,True,False,False,False,1,5.534219183960909,0.0625
D101480,105.9,31,0,0,0.5759006745703934,0.5063186416920153,0.5431745326419236,0,1,1,False,True,False,False,False,False,True,False,False,False,False,False,True,False,False,False,1,4.671893818030999,0.0
D103824,103.83,31,2,0,0.2174183916237927,0.2759022956977116,0.2158618040364252,0,0,1,False,False,True,False,False,False,True,False,False,True,False,False,False,False,False,False,0,4.6523399904644815,0.0625
D101935,376.82,31,3,0,0.3120837598830289,0.9353631062468084,0.2258328454334047,0,1,0,True,False,False,False,False,True,False,False,False,True,False,False,False,False,False,False,0,5.934417891728707,0.09375
D101948,493.57,31,3,1,0.5603016143564002,0.4063984522487359,0.4578736564057424,1,0,1,True,False,False,False,False,False,True,False,False,False,False,False,True,False,False,False,1,6.203688698172915,0.09375
D102482,229.69,31,3,0,0.6558473671004869,0.3385325595941423,0.2312928198480925,1,0,0,True,False,False,False,False,False,True,False,False,False,False,True,False,False,False,False,1,5.441074817902994,0.09375
D101426,659.99,31,2,0,0.5645540273214185,0.9204508116642074,0.2241272873836979,1,1,1,True,False,False,False,False,True,False,False,False,True,False,False,False,False,False,False,0,6.493738711144207,0.0625
D101420,393.04,31,2,0,0.6621342229343353,0.3194589891155012,0.2290546959909934,1,0,0,False,False,True,False,False,False,True,False,False,False,False,False,False,False,False,True,0,5.976452426987478,0.0625
D103868,2432.0,31,2,0,0.1264984158139229,0.7807248725123168,0.6088278027889036,0,0,0,False,False,True,False,False,False,False,True,False,False,True,False,False,False,False,False,0,7.796880342783522,0.0625
D102097,399.7,31,2,0,0.791958120913329,0.8553301841389979,0.2719425019808107,1,1,1,False,False,True,False,False,False,True,False,False,False,False,False,False,True,False,False,0,5.993213017642099,0.0625
D101215,227.1,31,4,0,0.6235930143139037,0.4626292889894182,0.2206159709369249,1,1,0,False,False,True,False,False,True,False,False,False,True,False,False,False,False,False,False,0,5.429784129290343,0.125
D101603,247.43,31,3,1,0.6256288115666043,0.5954305435561872,0.3034067656299615,1,1,1,False,False,False,True,False,True,False,False,False,False,False,True,False,False,False,False,1,5.515161115713719,0.09375
D103563,343.35,31,2,1,0.5265590194868162,0.8122149644793583,0.5884598825499615,1,1,0,False,True,False,False,False,False,False,False,True,False,False,False,False,True,False,False,0,5.841658581990707,0.0625
D103555,119.2,31,1,1,0.9098110573189614,0.6034824159345158,0.9030883236593098,1,1,0,False,False,False,True,False,True,False,False,False,False,False,False,False,False,True,False,0,4.789157022101107,0.03125
D101139,95.17,31,2,0,0.6678715207671153,0.5308814513760153,0.6283406964372101,0,0,1,False,False,True,False,False,False,False,False,True,False,True,False,False,False,False,False,0,4.56611745872439,0.0625
D102576,444.05,31,1,0,0.5529863991962579,0.3979086256859168,0.267569654955775,1,1,0,False,False,True,False,False,False,False,False,True,False,False,False,True,False,False,False,1,6.09818663540494,0.03125
D102588,235.88,31,2,0,0.4672702449271457,0.2655138316523658,0.7027294010813351,0,0,1,False,False,True,False,False,False,True,False,False,False,False,False,True,False,False,False,1,5.467553683793335,0.0625
D100908,1329.81,31,4,0,0.4556329869787552,0.7000473032271848,0.4157851204731935,0,1,0,False,True,False,False,False,False,True,False,False,False,False,False,True,False,False,False,1,7.1935430583932165,0.125
D100115,61.05,31,3,0,0.9215634670857584,0.4433649157496952,0.7768723735434371,1,1,1,False,False,False,True,False,False,True,False,False,True,False,False,False,False,False,False,0,4.127940511650616,0.09375
D100395,143.27,31,2,0,0.5195754179347533,0.2091621788137367,0.3277132757683865,0,0,1,False,False,True,False,False,False,True,False,False,False,False,False,False,True,False,False,0,4.971686543957681,0.0625
D100483,774.99,31,3,1,0.8952818980134867,0.5954936400988892,0.4920835038072129,1,1,1,False,True,False,False,False,True,False,False,False,False,False,False,False,False,True,False,0,6.654139633502248,0.09375
D100722,50.2,31,1,0,0.4180185809680246,0.7992286279605646,0.3587288407495024,1,1,0,True,False,False,False,False,True,False,False,False,False,False,False,False,True,False,False,0,3.9357395320454622,0.03125
D101203,198.05,30,5,0,0.3929921174713437,0.4921940438060949,0.4549739488871775,1,1,0,False,False,True,False,False,True,False,False,False,False,False,False,False,True,False,False,0,5.293556049446326,0.16129032258064516
D100034,115.12,30,3,0,0.3941390639698973,0.79264893928884,0.251665086000845,0,1,0,False,False,True,False,False,True,False,False,False,False,False,False,False,True,False,False,0,4.754624139156429,0.0967741935483871
D101045,47.48,30,4,0,0.6141357597294725,0.4653788273324387,0.1739375316960088,1,0,0,False,True,False,False,False,True,False,False,False,False,False,False,False,False,False,True,0,3.881151341761059,0.12903225806451613
D101204,247.03,30,2,1,0.697283482974383,0.9766532208077154,0.8602166565329149,1,1,1,True,False,False,False,False,False,False,True,False,False,True,False,False,False,False,False,0,5.5135497065909105,0.06451612903225806
D103424,176.16,30,3,0,0.872661280512523,0.1730200050437205,0.4403301390083409,1,0,0,False,True,False,False,False,False,False,False,True,True,False,False,False,False,False,False,0,5.177053279054998,0.0967741935483871
D103880,181.06,30,3,1,0.7754013124400073,0.1088080022085151,0.373500249960381,1,0,1,False,False,True,False,False,False,False,False,True,True,False,False,False,False,False,False,0,5.204336303077143,0.0967741935483871
D100633,312.65,30,5,1,0.5397918576597179,0.7680651255927347,0.3684532481564659,0,1,0,False,True,False,False,False,False,True,False,False,False,False,False,False,True,False,False,0,5.748277714542752,0.16129032258064516
D100240,220.39,30,0,0,0.6544321961688665,0.36198070719872,0.925371978070095,0,0,0,False,False,False,True,False,True,False,False,False,False,False,False,False,True,False,False,0,5.399925852136134,0.0
D100776,136.43,30,1,1,0.8026001449076079,0.6574564670534958,0.4800164505534713,0,0,1,False,False,True,False,False,False,False,True,False,False,False,False,False,False,False,True,0,4.923114696566761,0.03225806451612903
D103775,45.7,30,3,0,0.7611774576554935,0.5299894698302826,0.4395007992404002,0,1,0,False,False,True,False,False,False,True,False,False,False,False,False,False,True,False,False,0,3.8437441646748516,0.0967741935483871
D101105,1104.32,30,4,1,0.2744582991286595,0.500751000470608,0.9691885492954152,0,0,1,False,False,False,True,False,True,False,False,False,True,False,False,False,False,False,False,0,7.007890164788145,0.12903225806451613
D100806,144.72,30,2,1,0.5301279040778857,0.199270536650142,0.8523555427298964,1,0,0,False,False,True,False,False,False,True,False,False,False,False,False,False,False,False,True,0,4.981686972140363,0.06451612903225806
D103773,395.05,30,2,0,0.8633904082344751,0.2133449835759003,0.5836775442194778,1,0,0,False,False,False,True,False,False,False,True,False,False,False,False,False,False,False,True,0,5.981540465910289,0.06451612903225806
D100645,337.82,30,3,0,0.5785663104865589,0.7688090154314566,0.7070860951468425,0,1,1,False,False,False,True,False,False,True,False,False,False,False,False,False,False,False,True,0,5.825468992912801,0.0967741935483871
D102966,82.18,30,2,0,0.9192665072451538,0.8658817454956662,0.2931500735639894,1,1,1,False,True,False,False,False,False,False,True,False,False,False,False,False,True,False,False,0,4.421006934314765,0.06451612903225806
D100885,224.39,30,1,1,0.7062608603968923,0.6511594642042479,0.5758663793258959,1,1,1,False,True,False,False,False,True,False,False,False,True,False,False,False,False,False,False,0,5.417832235049179,0.03225806451612903
D100566,132.89,30,2,1,0.6538794712037521,0.5874639759347052,0.9408006725845288,1,0,1,False,False,False,True,False,False,False,True,False,False,True,False,False,False,False,False,0,4.8970185673092885,0.06451612903225806
D100896,161.46,30,3,1,0.489220856344616,0.8520582604286984,0.6079661182853107,0,1,1,False,True,False,False,False,True,False,False,False,False,True,False,False,False,False,False,0,5.090431817622808,0.0967741935483871
D102241,779.29,30,4,1,0.4467879744384369,0.7143861986931677,0.5484706761562711,1,1,0,True,False,False,False,False,True,False,False,False,False,False,False,False,False,True,False,0,6.659665645456846,0.12903225806451613
D100533,35.08,30,1,0,0.7021070509683709,0.4172308811977175,0.5438056518286618,1,0,0,False,False,True,False,False,False,True,False,False,True,False,False,False,False,False,False,0,3.585738695194423,0.03225806451612903
D100080,718.36,30,4,1,0.9426935534362574,0.5980582738176312,0.5721906931048638,1,1,1,False,False,True,False,False,False,False,True,False,False,False,False,True,False,False,False,1,6.578361927825217,0.12903225806451613
D102008,257.87,30,6,0,0.6077744883167443,0.3789773064181473,0.5641276532503661,1,1,1,False,True,False,False,False,True,False,False,False,False,False,True,False,False,False,False,1,5.556326005188326,0.1935483870967742
D102154,281.44,30,5,1,0.3072457372387276,0.4707529299304786,0.452670815058545,0,1,1,False,False,True,False,False,False,True,False,False,False,False,False,True,False,False,False,1,5.643466138648146,0.16129032258064516
D102431,251.44,30,2,0,0.3673326486585332,0.6696737805645776,0.6270982130980507,1,1,1,False,False,True,False,False,False,True,False,False,False,False,False,True,False,False,False,1,5.531173596716039,0.06451612903225806
D103700,1290.81,30,2,1,0.5784706192602391,0.5556827166385082,0.252759082736729,1,0,1,False,False,False,True,False,False,False,True,False,False,False,False,False,True,False,False,0,7.163799614704809,0.06451612903225806
D102413,194.94,30,2,0,0.7044419671019854,0.3828925769656749,0.4964212025634942,1,1,0,False,False,True,False,False,True,False,False,False,True,False,False,False,False,False,False,0,5.277808489916496,0.06451612903225806
D101857,275.69,30,2,0,0.3941000221495506,0.7880349630880813,0.0524445653387843,0,0,0,False,True,False,False,False,False,False,True,False,False,True,False,False,False,False,False,0,5.622897745915737,0.06451612903225806
D102268,122.61,30,3,0,0.7922000433734332,0.2105184746298826,0.3851226208466956,1,0,0,False,False,True,False,False,False,True,False,False,False,False,True,False,False,False,False,1,4.817131447899731,0.0967741935483871
D102553,585.76,30,2,0,0.8372613765769309,0.4355770623992703,0.5608511912647163,1,0,1,False,False,False,False,True,True,False,False,False,False,True,False,False,False,False,False,0,6.374615877619562,0.06451612903225806
D100480,56.48,30,3,1,0.7970658877887532,0.7721464235665376,0.5767991422250479,1,1,0,False,True,False,False,False,False,True,False,False,False,False,False,False,True,False,False,0,4.051437061210824,0.0967741935483871
D101554,93.99,30,4,0,0.6036107397528507,0.1987451371058845,0.0463678270521636,0,1,0,False,True,False,False,False,False,False,False,True,False,True,False,False,False,False,False,0,4.553771622902091,0.12903225806451613
D103272,206.19,30,5,1,0.977703126000996,0.7263914395920638,0.6417591486116451,1,1,1,False,False,True,False,False,False,False,True,False,False,False,True,False,False,False,False,1,5.333636246672391,0.16129032258064516
D102617,658.14,30,3,0,0.6487538299031388,0.6137966472340217,0.7407445171081941,0,1,1,False,False,False,True,False,False,False,True,False,False,False,False,False,False,False,True,0,6.490935955035267,0.0967741935483871
D102640,20.0,30,2,0,0.7934834517634016,0.6769538970256959,0.3962971669620914,1,0,0,False,False,True,False,False,True,False,False,False,False,False,False,False,False,False,True,0,3.044522437723423,0.06451612903225806
D102570,149.92,30,0,0,0.5230904076289565,0.9640914638265812,0.3386032230225478,0,1,0,True,False,False,False,False,True,False,False,False,False,False,False,False,False,False,True,0,5.01674989509611,0.0
D101604,61.13,30,4,1,0.7176519879795256,0.6802266635448242,0.1680855925273859,0,0,0,False,True,False,False,False,False,True,False,False,False,True,False,False,False,False,False,0,4.129228964075603,0.12903225806451613
D101955,377.8,30,2,0,0.935971936639434,0.7319369639438611,0.7899504775291822,1,1,1,False,False,False,False,True,False,False,True,False,True,False,False,False,False,False,False,0,5.937008361311923,0.06451612903225806
D100211,126.44,30,1,0,0.9239051163618494,0.0705197059982944,0.7146966843414524,1,0,1,False,False,True,False,False,True,False,False,False,False,False,False,True,False,False,False,1,4.847645665601793,0.03225806451612903
D103743,61.78,30,3,1,0.8588398576973366,0.7443132797769375,0.2974229505089737,1,1,0,False,False,True,False,False,True,False,False,False,False,True,False,False,False,False,False,0,4.139636551413807,0.0967741935483871
D102299,121.89,30,1,1,0.8348166161765371,0.2587333691755591,0.9206998769754006,1,0,1,False,False,True,False,False,False,False,False,True,False,False,True,False,False,False,False,1,4.811289646296506,0.03225806451612903
D103426,212.49,30,0,0,0.3769877601299512,0.8632311383241289,0.023945350675509,1,1,0,True,False,False,False,False,False,True,False,False,False,False,False,False,False,True,False,0,5.363589993164233,0.0
D101271,134.38,30,5,0,0.7012611837208147,0.7997255116888938,0.697585820186618,0,1,1,False,True,False,False,False,False,True,False,False,False,False,False,False,False,True,False,0,4.908085639080461,0.16129032258064516
D101122,696.23,30,3,1,0.3611909056597425,0.6006045723259036,0.7668322342752159,0,1,1,False,False,False,True,False,True,False,False,False,True,False,False,False,False,False,False,0,6.547115341980031,0.0967741935483871
D103584,78.62,30,2,0,0.6567041678736594,0.5491265603535915,0.7403893510009026,1,1,1,False,False,False,False,True,False,True,False,False,False,False,False,False,False,True,False,0,4.377265317572172,0.06451612903225806
D103715,329.11,30,2,0,0.7244993598927472,0.3882605738171863,0.644503721069732,1,0,1,False,False,False,True,False,False,False,True,False,False,False,False,False,True,False,False,0,5.799425932250647,0.06451612903225806
D100083,96.48,30,2,1,0.795846599497148,0.7495267284153139,0.3275519826736664,1,0,0,False,True,False,False,False,False,False,True,False,False,False,False,False,False,False,True,0,4.579647228757006,0.06451612903225806
D100031,927.42,30,2,1,0.6653687510959102,0.2199350796012824,0.5966011418435496,1,0,1,False,False,False,False,True,False,True,False,False,False,False,False,False,False,False,True,0,6.833484216606851,0.06451612903225806
D101392,122.76,29,2,0,0.3546488725921346,0.5188126933586513,0.3912844591380318,0,0,0,True,False,False,False,False,False,False,True,False,False,False,False,True,False,False,False,1,4.81834420626481,0.06666666666666667
D103396,235.03,29,3,1,0.7259615854457382,0.7166059396738389,0.2185107668151789,1,1,0,True,False,False,False,False,True,False,False,False,False,False,True,False,False,False,False,1,5.463958915590788,0.1
D103532,112.69,29,1,0,0.44193176979672,0.554981083074835,0.8723764887688085,0,1,0,False,False,True,False,False,False,False,True,False,True,False,False,False,False,False,False,0,4.733475446141015,0.03333333333333333
D103414,913.73,29,3,1,0.7228763422048093,0.7234983281331305,0.5310378404845115,1,1,1,False,True,False,False,False,False,False,True,False,False,True,False,False,False,False,False,0,6.818628939763058,0.1
D102117,383.28,29,4,0,0.4403266697602425,0.3955705249163272,0.2829960901009641,1,0,1,True,False,False,False,False,True,False,False,False,False,False,False,False,False,False,True,0,5.951371453541538,0.13333333333333333
D103625,989.43,29,4,1,0.5106267247847571,0.6583896901835496,0.7781851526064957,1,1,1,False,False,True,False,False,True,False,False,False,False,False,False,True,False,False,False,1,6.898139192263174,0.13333333333333333
D101484,57.0,29,5,1,0.9088315073249864,0.6065417863313556,0.6233548375486427,1,1,1,False,False,True,False,False,False,False,False,True,False,False,False,False,True,False,False,0,4.060443010546419,0.16666666666666666
D103890,896.3,29,3,0,0.470146698291574,0.2139288820231557,0.2009687946271952,1,0,0,True,False,False,False,False,False,False,False,True,False,False,False,False,False,False,True,0,6.799390254304012,0.1
D103064,85.48,29,3,1,0.4268422492250207,0.8160742531505075,0.5956700440048871,0,1,1,False,True,False,False,False,True,False,False,False,False,False,False,False,False,False,True,0,4.4599131733309525,0.1
D100694,233.07,29,1,1,0.8001306883315543,0.0834277634358807,0.5985498416970467,0,0,1,False,False,False,True,False,True,False,False,False,False,False,True,False,False,False,False,1,5.455620215921813,0.03333333333333333
D100075,71.45,29,2,1,0.8034079896946819,0.583601882322506,0.3741637139943957,1,1,1,False,True,False,False,False,False,False,True,False,False,False,False,True,False,False,False,1,4.282896668766692,0.06666666666666667
D102969,157.94,29,0,0,0.570710286032674,0.5295311867858484,0.6381116839046395,1,1,1,False,True,False,False,False,True,False,False,False,False,False,False,False,True,False,False,0,5.068526772512033,0.0
D100241,51.42,29,1,0,0.6021778040396515,0.8867501246076079,0.2805180666002946,0,1,0,False,False,False,True,False,False,True,False,False,False,False,False,False,True,False,False,0,3.95928819789526,0.03333333333333333
D100536,268.05,29,1,1,0.4606630608393572,0.2970277667058912,0.7841445606596562,0,0,1,False,False,True,False,False,False,True,False,False,False,False,False,True,False,False,False,1,5.594897235935429,0.03333333333333333
D103885,169.64,29,2,1,0.8889164087122692,0.9063896438751206,0.5304289487877581,1,1,1,True,False,False,False,False,False,False,True,False,False,False,True,False,False,False,False,1,5.139556074163095,0.06666666666666667
D101870,795.83,29,1,0,0.4157018445160264,0.3978740413400585,0.4815668745518303,0,0,1,False,True,False,False,False,False,False,True,False,True,False,False,False,False,False,False,0,6.680641356164032,0.03333333333333333
D101097,58.46,29,3,0,0.6043202073221619,0.3076860426227232,0.2657483015523781,1,0,0,False,False,False,True,False,False,False,True,False,False,False,False,False,True,False,False,0,4.085303817569952,0.1
D101381,1204.38,29,2,0,0.1093624563492731,0.8547530008736332,0.1677407921276622,0,1,0,True,False,False,False,False,False,True,False,False,False,True,False,False,False,False,False,0,7.09455014890864,0.06666666666666667
D100420,408.12,29,1,0,0.4357570824773334,0.2115131323491954,0.4879215852388008,1,0,1,False,False,True,False,False,False,False,False,True,False,False,False,False,True,False,False,0,6.014008511542876,0.03333333333333333
D103594,148.52,29,2,1,0.5318010114053572,0.9378601770417704,0.4766294065123129,0,1,1,True,False,False,False,False,False,False,False,True,False,True,False,False,False,False,False,0,5.0074301631473075,0.06666666666666667
D102442,345.4,29,3,0,0.6474320075405234,0.2596512286215368,0.6968866456421667,1,0,1,False,True,False,False,False,False,False,True,False,False,True,False,False,False,False,False,0,5.84759417668828,0.1
D101179,126.4,29,2,0,0.3952266277117824,0.764583831365245,0.8545530752844331,1,0,1,False,True,False,False,False,False,False,True,False,True,False,False,False,False,False,False,0,4.847331743138063,0.06666666666666667
D102239,132.99,29,1,1,0.7419928972876771,0.2870758467117512,0.5956084587487496,1,0,0,False,False,True,False,False,False,False,False,True,False,False,False,False,False,False,True,0,4.8977651703005165,0.03333333333333333
D101701,373.37,29,3,0,0.9333721931271278,0.4066364080843939,0.4242299753634491,1,0,0,False,False,False,False,True,True,False,False,False,False,False,False,False,False,False,True,0,5.925244613187873,0.1
D101760,136.72,29,1,1,0.6416994899467436,0.6327653482072675,0.9054574232180248,1,1,1,False,True,False,False,False,False,False,True,False,False,False,False,False,True,False,False,0,4.925222638470323,0.03333333333333333
D102698,214.63,29,3,0,0.339362295776109,0.1301523057012827,0.410382053497441,0,0,0,False,True,False,False,False,True,False,False,False,False,False,False,False,True,False,False,0,5.373563975922575,0.1
D100196,178.3,29,2,0,0.5733570472881317,0.7309196144679607,0.3076873192525228,0,1,0,False,False,True,False,False,False,False,True,False,False,False,False,False,False,True,False,0,5.189060380611087,0.06666666666666667
D101058,169.27,29,2,0,0.6895892726398778,0.5594072936731203,0.5942405483698231,1,1,1,False,False,True,False,False,True,False,False,False,False,False,True,False,False,False,False,1,5.137385412432552,0.06666666666666667
D100816,305.64,29,1,1,0.926741759447368,0.0878690158014867,0.7172601760906416,1,0,0,False,False,False,True,False,True,False,False,False,False,False,False,True,False,False,False,1,5.725674421072299,0.03333333333333333
D101930,237.18,29,1,0,0.7017613993784777,0.6290837521553647,0.3273790766470202,1,1,1,False,False,True,False,False,True,False,False,False,False,False,False,False,False,False,True,0,5.47302669033985,0.03333333333333333
D101304,149.23,29,1,0,0.6138214453254447,0.3447985965731097,0.7180311982072359,0,1,1,False,False,False,True,False,False,False,False,True,False,False,True,False,False,False,False,1,5.0121674530743325,0.03333333333333333
D101373,345.36,29,3,0,0.6827951791723741,0.3366623575523101,0.3173141588165911,1,0,0,False,False,False,True,False,False,True,False,False,False,False,False,False,True,False,False,0,5.847478696579601,0.1
D103874,207.21,28,2,1,0.716489944736072,0.2146292941710115,0.8985492660810581,1,0,1,False,False,False,False,True,True,False,False,False,False,False,False,False,False,True,False,0,5.338547185767103,0.06896551724137931
D100106,285.39,28,2,1,0.9229244834960904,0.7958213889003369,0.565527261957833,1,1,1,False,True,False,False,False,False,False,True,False,False,False,False,False,True,False,False,0,5.657354518275788,0.06896551724137931
D101731,414.2,28,1,0,0.4277406078223429,0.6073371641310485,0.2057294104850343,1,1,1,True,False,False,False,False,False,False,False,True,False,False,False,False,False,False,True,0,6.028760331851679,0.034482758620689655
D100534,236.64,28,3,0,0.5519704824915691,0.518133433631479,0.4802712351741289,1,0,0,True,False,False,False,False,False,True,False,False,False,False,True,False,False,False,False,1,5.47075692348754,0.10344827586206896
D102753,2207.66,28,2,0,0.5458767418610423,0.8314593977023985,0.0835215323954398,1,1,0,True,False,False,False,False,True,False,False,False,False,True,False,False,False,False,False,0,7.700141275774861,0.06896551724137931
D103900,271.22,28,3,1,0.5994732625096423,0.8578393543740116,0.6286234070907227,1,1,1,True,False,False,False,False,False,True,False,False,False,False,False,False,False,True,False,0,5.606610562903928,0.10344827586206896
D102832,71.4,28,3,0,0.2078029453132179,0.4302732797728407,0.5872911548956316,0,1,1,False,False,True,False,False,False,False,True,False,False,False,False,False,True,False,False,0,4.282206299391671,0.10344827586206896
D100419,374.21,28,1,0,0.8336556457073792,0.1623091079776493,0.5260502383970885,1,0,0,False,False,False,False,True,False,False,True,False,False,True,False,False,False,False,False,0,5.927485869228925,0.034482758620689655
D102932,1208.05,28,1,1,0.2925406057966618,0.8409322219866755,0.2842649855698143,1,1,1,False,False,True,False,False,True,False,False,False,False,False,False,False,True,False,False,0,7.0975902062526055,0.034482758620689655
D100270,36.97,28,4,0,0.321127581240548,0.9358491367678952,0.7285272676295526,0,1,1,True,False,False,False,False,True,False,False,False,False,False,False,False,True,False,False,0,3.636796374243711,0.13793103448275862
D101593,33.02,28,1,0,0.959160877986662,0.8091400380239674,0.2110152990328856,1,1,0,False,True,False,False,False,True,False,False,False,False,False,False,False,False,True,False,0,3.5269485869677157,0.034482758620689655
D100570,484.13,28,1,0,0.1796085735204124,0.5045759825910028,0.5412703598066373,0,1,1,False,True,False,False,False,False,True,False,False,False,False,False,False,True,False,False,0,6.184416896257962,0.034482758620689655
D102304,598.54,28,2,0,0.2995595551269813,0.3641212033669058,0.2057201594928981,1,0,0,False,True,False,False,False,False,False,True,False,False,False,True,False,False,False,False,1,6.396162694510294,0.06896551724137931
D102353,375.93,28,2,0,0.938100769519799,0.2596839221602756,0.7800507101035004,0,0,1,False,False,True,False,False,False,False,True,False,False,False,False,False,False,False,True,0,5.9320594938154425,0.06896551724137931
D100355,534.32,28,2,1,0.941120871532504,0.9532453354607546,0.7633950646297419,1,1,0,False,False,True,False,False,True,False,False,False,True,False,False,False,False,False,False,0,6.282864698928174,0.06896551724137931
D100074,177.37,28,1,0,0.8110396929118773,0.5456975867185885,0.6611049319665258,1,0,1,True,False,False,False,False,True,False,False,False,False,False,False,False,False,True,False,0,5.183860044570212,0.034482758620689655
D100708,20.0,28,1,0,0.3075365894056409,0.6898252140701364,0.2151767938714851,0,0,0,False,True,False,False,False,False,False,True,False,False,False,False,False,False,True,False,0,3.044522437723423,0.034482758620689655
D102012,196.71,28,1,1,0.5913243673715534,0.8313108662169085,0.2518705544012923,0,1,0,True,False,False,False,False,False,False,False,True,False,False,True,False,False,False,False,1,5.286801310586789,0.034482758620689655
D103354,677.37,28,2,0,0.1873385702692614,0.8689865585371344,0.6578734692216635,0,1,1,False,False,True,False,False,True,False,False,False,False,False,True,False,False,False,False,1,6.519692861801772,0.06896551724137931
D103063,882.33,28,2,0,0.1963069011506429,0.561209603951652,0.3708393231664634,0,1,0,False,False,False,True,False,True,False,False,False,True,False,False,False,False,False,False,0,6.783698856720132,0.06896551724137931
D101864,233.01,28,1,1,0.965835000440599,0.5390608604814374,0.4042929972741301,1,1,0,False,False,True,False,False,False,True,False,False,True,False,False,False,False,False,False,0,5.455363849487321,0.034482758620689655
D101997,197.21,28,2,0,0.6480246503437929,0.5712452701104521,0.2714582518898925,0,0,0,False,True,False,False,False,True,False,False,False,False,False,False,False,False,False,True,0,5.289327074709904,0.06896551724137931
D101085,133.01,28,0,1,0.9876528769724048,0.4538550288844529,0.7810509707481752,1,1,0,False,False,False,True,False,False,True,False,False,True,False,False,False,False,False,False,0,4.897914424032137,0.0
D100340,139.13,28,1,0,0.4120921927235338,0.5104650365764694,0.2785239128643593,0,0,1,True,False,False,False,False,False,True,False,False,False,False,False,False,False,False,True,0,4.942570563182127,0.034482758620689655
D103613,343.71,28,1,0,0.3956326527649808,0.2628323062073847,0.3026266195610189,0,0,1,False,False,False,True,False,False,False,False,True,False,False,False,True,False,False,False,1,5.842703483835988,0.034482758620689655
D103206,63.77,28,1,1,0.8874095345131496,0.6931752188786441,0.5330451532863867,0,1,0,True,False,False,False,False,True,False,False,False,False,False,False,False,False,False,True,0,4.170842533194826,0.034482758620689655
D102073,942.54,28,2,1,0.7098776830132936,0.9097096125255464,0.263362449822467,1,1,1,False,False,False,True,False,True,False,False,False,False,False,False,False,False,False,True,0,6.849638759246461,0.06896551724137931
D103941,416.37,28,6,0,0.2161152571674007,0.4029907848714792,0.6783466289787222,1,0,1,False,True,False,False,False,False,False,True,False,False,False,False,False,True,False,False,0,6.033973118557441,0.20689655172413793
D101083,230.62,28,1,1,0.7457000799260814,0.8310294835101617,0.9024165237846148,1,1,1,False,False,False,True,False,True,False,False,False,False,False,False,True,False,False,False,1,5.445098097756231,0.034482758620689655
D103858,402.89,28,1,0,0.2726310719492898,0.3521279438390257,0.3733280469199204,1,1,1,False,False,True,False,False,False,False,True,False,False,False,False,False,True,False,False,0,6.001142563659253,0.034482758620689655
D103841,85.4,28,0,0,0.7095007057751742,0.3950702080437936,0.522550577052524,1,1,1,False,False,True,False,False,False,False,True,False,False,False,False,False,True,False,False,0,4.45898767581001,0.0
D102475,85.29,28,5,0,0.6922177329752188,0.4463174889737249,0.1618994244113441,1,0,1,True,False,False,False,False,False,False,True,False,True,False,False,False,False,False,False,0,4.4577137165202165,0.1724137931034483
D101427,94.24,28,3,1,0.2030949996469674,0.7265319270578732,0.4226179179586984,0,1,1,True,False,False,False,False,False,False,True,False,False,True,False,False,False,False,False,0,4.556400021618662,0.10344827586206896
D101924,293.56,28,4,1,0.7369636342690574,0.8680836900860087,0.5901260676770442,1,0,1,False,True,False,False,False,True,False,False,False,True,False,False,False,False,False,False,0,5.685482717484768,0.13793103448275862
D101514,208.41,28,0,0,0.61875989695502,0.4031851665746871,0.3607155145329219,0,0,0,False,False,False,True,False,False,False,True,False,False,False,False,False,False,False,True,0,5.344294052788061,0.0
D101939,899.19,28,0,0,0.6082462438278072,0.7827109033616043,0.2800243417310052,1,0,0,True,False,False,False,False,False,True,False,False,True,False,False,False,False,False,False,0,6.802605852154607,0.0
D101116,166.72,28,0,0,0.3208940430887596,0.7371406575633298,0.0825360921410421,0,1,0,True,False,False,False,False,False,False,True,False,False,False,False,True,False,False,False,1,5.122295922302562,0.0
D100986,113.37,28,1,1,0.6246893062841808,0.5788841015329327,0.7843712241920608,0,1,1,False,True,False,False,False,True,False,False,False,True,False,False,False,False,False,False,0,4.7394388067931255,0.034482758620689655
D103301,253.62,28,4,0,0.7856488121078163,0.3827456306813322,0.6428198781547481,1,1,0,False,True,False,False,False,False,True,False,False,True,False,False,False,False,False,False,0,5.5397722376335,0.13793103448275862
D100881,412.13,28,2,0,0.7277020033159514,0.4496467318493988,0.2592739456511809,1,1,0,False,False,True,False,False,False,False,True,False,False,False,False,False,False,False,True,0,6.023762313407144,0.06896551724137931
D100563,124.56,28,5,0,0.5269866111238086,0.1035844026031853,0.2202665278394885,0,0,0,False,False,True,False,False,False,True,False,False,False,False,True,False,False,False,False,1,4.832783731973753,0.1724137931034483
D103194,408.63,28,2,0,0.2806505517803868,0.6615699002125622,0.2217228570931925,0,0,1,False,False,True,False,False,False,False,False,True,True,False,False,False,False,False,False,0,6.01525431323072,0.06896551724137931
D103066,897.69,28,0,0,0.5927828913521874,0.5614636215707791,0.5350355469437197,1,1,0,False,True,False,False,False,False,True,False,False,False,False,False,False,True,False,False,0,6.8009381474187105,0.0
D103815,38.11,28,2,0,0.0981678086663793,0.2597119937996395,0.4340096995926579,1,0,0,False,True,False,False,False,False,False,True,False,False,True,False,False,False,False,False,0,3.666378188767423,0.06896551724137931
D100681,161.97,28,4,1,0.2890026906851906,0.715081017864926,0.5706100535553018,0,1,0,False,True,False,False,False,True,False,False,False,False,False,True,False,False,False,False,1,5.093566134787897,0.13793103448275862
D102202,191.28,27,3,0,0.3463569778466475,0.594517713196233,0.8194216914634324,1,0,1,False,False,False,True,False,False,True,False,False,False,False,False,False,False,False,True,0,5.25895264302576,0.10714285714285714
D103205,289.3,27,7,1,0.3258966993449697,0.8051937754232862,0.7969182177794597,0,0,1,False,True,False,False,False,True,False,False,False,False,False,False,False,False,True,False,0,5.670914871030584,0.25
D103417,853.16,27,2,0,0.8070270128715136,0.8855537189613994,0.5574618895138875,0,1,0,False,False,False,True,False,False,True,False,False,False,False,False,False,False,False,True,0,6.750118529870047,0.07142857142857142
D102862,390.09,27,3,0,0.0855914490212205,0.8591726207035513,0.6048534487318916,0,1,1,False,True,False,False,False,False,False,True,False,False,False,False,False,True,False,False,0,5.968937712526371,0.10714285714285714
D101352,391.85,27,3,1,0.7202816493689533,0.5288953234126339,0.1934853455799859,1,1,0,False,True,False,False,False,False,False,True,False,False,False,False,False,True,False,False,0,5.973427859621831,0.10714285714285714
D101049,36.14,27,1,0,0.6215339054445425,0.045965776741937,0.5323705338099775,0,0,1,False,True,False,False,False,False,False,True,False,False,False,False,False,True,False,False,0,3.61469455592456,0.03571428571428571
D103530,125.13,27,4,1,0.3816581183575282,0.2350030456712142,0.6483922888805489,0,0,0,True,False,False,False,False,True,False,False,False,False,False,False,True,False,False,False,1,4.837313121099101,0.14285714285714285
D102606,43.17,27,2,0,0.5963995409561128,0.6887756020757441,0.101536752093455,0,1,0,False,False,True,False,False,False,True,False,False,False,False,False,False,False,True,False,0,3.7880458256084353,0.07142857142857142
D102334,158.19,27,6,0,0.5541315556711667,0.098154912595074,0.5151642641675809,1,0,1,False,True,False,False,False,False,False,True,False,False,False,False,True,False,False,False,1,5.0700984573670445,0.21428571428571427
D102135,72.95,27,2,1,0.7567658851689664,0.6015909267389596,0.673492042317969,1,1,1,False,False,True,False,False,False,False,True,False,False,False,False,False,True,False,False,0,4.303389189156809,0.07142857142857142
D103627,367.88,27,3,1,0.4563333345079608,0.29116063685411,0.7509664097289691,0,0,1,False,False,True,False,False,False,False,True,False,False,True,False,False,False,False,False,0,5.9104713878984505,0.10714285714285714
D100962,84.03,27,2,0,0.5929129733796772,0.6431758918949319,0.2859931873663155,0,0,0,True,False,False,False,False,True,False,False,False,False,False,False,True,False,False,False,1,4.443004135397701,0.07142857142857142
D100960,1699.55,27,0,0,0.3204454414776243,0.4080693932764024,0.8322847896549613,0,1,1,False,False,True,False,False,True,False,False,False,True,False,False,False,False,False,False,0,7.438707007131717,0.0
D100917,136.27,27,2,0,0.877665290147569,0.6393161432460747,0.4304440976401871,1,0,0,True,False,False,False,False,True,False,False,False,True,False,False,False,False,False,False,0,4.921949789263568,0.07142857142857142
D101837,534.66,27,2,1,0.1968267978826245,0.9065669995021602,0.3976041742058693,1,0,0,False,True,False,False,False,False,False,True,False,False,False,False,False,False,True,False,0,6.283499631441241,0.07142857142857142
D101591,122.52,27,6,1,0.6045707664189557,0.5988650389709446,0.5343882590679515,1,0,1,True,False,False,False,False,False,True,False,False,False,False,False,False,True,False,False,0,4.816403086276466,0.21428571428571427
D103100,181.18,27,3,0,0.8507888696239384,0.5330629236352016,0.0900665377052707,1,0,0,False,False,False,False,True,False,True,False,False,False,False,False,True,False,False,False,1,5.204995209316664,0.10714285714285714
D100530,69.55,27,4,0,0.6841313856067708,0.1379255395111623,0.8683714116046503,0,0,1,False,False,True,False,False,False,False,True,False,False,False,False,False,True,False,False,0,4.256321678298823,0.14285714285714285
D100068,324.23,27,5,0,0.6506288491511579,0.1804541715598425,0.1339833699407256,0,0,0,True,False,False,False,False,False,False,True,False,False,False,False,True,False,False,False,1,5.78453262434131,0.17857142857142858
D100488,259.66,27,3,0,0.4021333376685775,0.5895334656014384,0.7137308904576789,0,0,0,False,False,True,False,False,True,False,False,False,False,False,False,True,False,False,False,1,5.563216876102574,0.10714285714285714
D101162,159.12,27,2,0,0.9409676786472674,0.0610221672873413,0.7168964412715285,1,0,1,False,False,False,True,False,False,True,False,False,False,False,False,True,False,False,False,1,5.075923534124373,0.07142857142857142
D100646,1215.53,27,4,0,0.2615096538485266,0.1538342956338689,0.3731188216589492,0,0,0,True,False,False,False,False,True,False,False,False,False,False,False,True,False,False,False,1,7.103757822831955,0.14285714285714285
D100237,46.67,27,1,0,0.4621218631820247,0.6052097821447581,0.4833249462526974,0,0,1,False,False,False,True,False,False,True,False,False,False,False,False,False,False,True,False,0,3.864302269216734,0.03571428571428571
D100122,81.3,27,1,1,0.5121473270709832,0.2639475355888252,0.4860917116274449,0,1,1,True,False,False,False,False,True,False,False,False,True,False,False,False,False,False,False,0,4.410371107683024,0.03571428571428571
D100205,400.38,27,3,1,0.8021057713384236,0.7687181092626575,0.4179935623791722,1,1,1,False,True,False,False,False,True,False,False,False,False,True,False,False,False,False,False,0,5.994908609510537,0.10714285714285714
D100679,945.24,27,4,0,0.3104874025154923,0.7346357475515911,0.1221034440468771,1,1,0,False,True,False,False,False,True,False,False,False,False,False,False,True,False,False,False,1,6.852496236664113,0.14285714285714285
D100736,235.55,27,2,0,0.2397691730676268,0.7829444779848758,0.5924519132792,1,1,0,False,True,False,False,False,False,False,True,False,False,False,False,False,True,False,False,0,5.466159602077157,0.07142857142857142
D103789,707.28,27,3,0,0.6282985897616231,0.7439711168725476,0.7603853634787678,1,0,1,False,False,True,False,False,False,False,True,False,True,False,False,False,False,False,False,0,6.562839495738016,0.10714285714285714
D103685,167.65,27,3,0,0.1805742108280014,0.5540836142343499,0.1156254687602908,0,1,0,True,False,False,False,False,True,False,False,False,False,False,True,False,False,False,False,1,5.12782556150766,0.10714285714285714
D103704,707.66,27,2,1,0.7343550928956927,0.2621703365860955,0.2740846941667061,0,0,0,True,False,False,False,False,True,False,False,False,True,False,False,False,False,False,False,0,6.563375862851811,0.07142857142857142
D103244,726.54,27,1,0,0.2241771333845154,0.7910585808561319,0.5301949642678147,0,1,1,True,False,False,False,False,False,True,False,False,False,False,False,False,False,False,True,0,6.589668980352017,0.03571428571428571
D101674,945.68,27,3,0,0.8578116850304722,0.2174456391075114,0.2848595469032209,1,1,1,False,False,False,True,False,False,True,False,False,False,False,True,False,False,False,False,1,6.852961126894998,0.10714285714285714
D100433,671.56,27,0,0,0.5310271611445588,0.6059943283435911,0.3457946629169201,0,1,0,False,False,False,True,False,False,False,False,True,False,False,True,False,False,False,False,1,6.511091326827041,0.0
D103805,130.23,27,0,0,0.559462967128044,0.535289019679042,0.3174180557854689,0,0,0,False,True,False,False,False,True,False,False,False,False,True,False,False,False,False,False,0,4.876951508908196,0.0
D102267,304.86,27,0,1,0.7447315191602402,0.9386355379017126,0.5508864311362419,1,1,0,False,False,True,False,False,False,True,False,False,True,False,False,False,False,False,False,0,5.7231274809199775,0.0
D100262,636.11,27,1,0,0.1658464017572905,0.5621863005606456,0.2585820346768674,0,1,0,False,True,False,False,False,False,False,False,True,False,False,False,False,False,True,False,0,6.456942325122317,0.03571428571428571
D101680,206.71,27,2,1,0.8349973783333616,0.5770359346281124,0.6138876153167414,1,1,1,False,False,False,True,False,True,False,False,False,False,False,False,False,False,True,False,0,5.336142876088017,0.07142857142857142
D103682,103.41,27,2,0,0.7799830027533174,0.3980862882143309,0.2432432732464576,1,0,0,False,True,False,False,False,False,False,True,False,True,False,False,False,False,False,False,0,4.648325456302019,0.07142857142857142
D101106,335.77,27,0,1,0.799931287573567,0.871562440253928,0.4005933312188504,1,1,0,True,False,False,False,False,False,True,False,False,False,False,True,False,False,False,False,1,5.8194002047666755,0.0
D102833,921.41,27,0,0,0.907526409156317,0.8466724490812909,0.5813198340535933,1,1,1,False,False,False,True,False,True,False,False,False,False,False,False,False,False,True,False,0,6.826989810179691,0.0
D101096,302.23,27,1,0,0.8804636020303698,0.6989350917235313,0.4440485021337048,1,1,0,False,True,False,False,False,True,False,False,False,False,False,True,False,False,False,False,1,5.714491593464553,0.03571428571428571
D102507,98.22,27,3,0,0.3866548155001304,0.4243037356064802,0.3924856609724603,1,0,0,False,False,False,False,True,True,False,False,False,True,False,False,False,False,False,False,0,4.597339606872903,0.10714285714285714
D101885,673.47,27,3,1,0.3814769208288046,0.862058633664363,0.7200941855761541,0,1,0,False,True,False,False,False,False,True,False,False,False,False,False,False,True,False,False,0,6.513927197268003,0.10714285714285714
D101547,408.72,27,3,0,0.8215916358485046,0.6480312737210765,0.7494363517259666,0,0,1,False,False,False,True,False,True,False,False,False,False,False,False,False,True,False,False,0,6.015473999568334,0.10714285714285714
D102490,97.01,27,2,1,0.2922347505075356,0.8429910922048537,0.3451298147305255,1,1,1,False,False,False,False,True,False,False,True,False,False,False,True,False,False,False,False,1,4.585069514281089,0.07142857142857142
D103986,1080.67,27,4,0,0.7192915617794128,0.741852576523519,0.2406755498533911,1,1,0,False,True,False,False,False,False,False,False,True,False,False,False,False,False,True,False,0,6.986261422129431,0.14285714285714285
D100423,83.71,27,3,1,0.4378236035184731,0.651258713415748,0.4240704205272144,1,0,1,True,False,False,False,False,True,False,False,False,False,False,False,False,True,False,False,0,4.4392336584434595,0.10714285714285714
D103380,141.8,26,4,1,0.5385326242568327,0.6858210248132062,0.7627866356282909,0,1,1,False,True,False,False,False,False,False,True,False,False,False,True,False,False,False,False,1,4.9614450499054845,0.14814814814814814
D101001,224.67,26,4,1,0.6316530898521657,0.6598371829614046,0.5025801865745753,0,1,1,False,False,True,False,False,True,False,False,False,False,True,False,False,False,False,False,0,5.419073755183819,0.14814814814814814
D100017,544.31,26,4,1,0.768879514261159,0.8850356231303477,0.1081094897106484,1,1,0,True,False,False,False,False,True,False,False,False,True,False,False,False,False,False,False,0,6.3013544402931165,0.14814814814814814
D100418,626.76,26,3,1,0.4734014897226125,0.2825740395070087,0.5724197606219934,1,0,1,False,True,False,False,False,False,True,False,False,False,False,False,False,True,False,False,0,6.442157927819218,0.1111111111111111
D101745,420.31,26,3,0,0.7526373944296453,0.6844351342562687,0.4938652695484475,0,1,0,False,False,True,False,False,False,True,False,False,False,False,False,False,True,False,False,0,6.043368904758343,0.1111111111111111
D101754,192.88,26,2,0,0.7886810205611665,0.2413332464907456,0.0603137057386318,1,0,0,False,True,False,False,False,False,True,False,False,False,False,True,False,False,False,False,1,5.267239410977175,0.07407407407407407
D101394,595.53,26,2,0,0.6795733713268711,0.5278614661594385,0.1667973862823778,1,0,0,False,False,False,True,False,False,False,True,False,False,False,True,False,False,False,False,1,6.391129533651339,0.07407407407407407
D101697,78.65,26,2,0,0.3507846586168614,0.375027694219836,0.6535369038161628,0,0,0,False,False,False,True,False,False,True,False,False,False,True,False,False,False,False,False,0,4.3776420363560575,0.07407407407407407
D103520,210.62,26,3,0,0.3830463330589785,0.324518804198541,0.2004983991467062,0,0,1,False,False,True,False,False,False,True,False,False,False,False,False,True,False,False,False,1,5.354792213476015,0.1111111111111111
D101508,424.58,26,2,1,0.5311121398694217,0.7975578365125353,0.6549881522799549,0,0,1,False,True,False,False,False,True,False,False,False,False,False,False,False,False,False,True,0,6.05345294444205,0.07407407407407407
D101874,84.31,26,4,0,0.3867359297375188,0.7045788984402084,0.257947422333266,0,0,0,False,False,False,True,False,False,True,False,False,True,False,False,False,False,False,False,0,4.446291680920603,0.14814814814814814
D101576,506.1,26,4,0,0.7635071540850401,0.8526839175666029,0.1437667851146918,1,1,0,False,False,False,True,False,True,False,False,False,False,False,False,False,False,False,True,0,6.228708222800973,0.14814814814814814
D103667,205.73,26,0,0,0.3860481095999489,0.6338516239386078,0.7940026702521713,1,0,1,True,False,False,False,False,True,False,False,False,False,False,False,True,False,False,False,1,5.331413594037226,0.0
D101356,100.87,26,0,0,0.5040615860518676,0.617876809809095,0.3316731353262335,1,0,0,False,False,True,False,False,True,False,False,False,False,False,True,False,False,False,False,1,4.623697490601975,0.0
D100610,188.67,26,4,1,0.857516163515017,0.4872070470687122,0.9219779414228828,1,1,1,False,False,True,False,False,True,False,False,False,True,False,False,False,False,False,False,0,5.245285719996231,0.14814814814814814
D100608,506.85,26,3,1,0.5134982291614285,0.9094953499642088,0.6097852731492852,0,1,1,False,False,False,True,False,False,False,False,True,False,False,False,False,True,False,False,0,6.23018612838551,0.1111111111111111
D103075,81.47,26,1,0,0.7220149896878787,0.6967999937737406,0.1193908982586044,0,1,0,False,False,False,True,False,False,False,True,False,False,False,False,False,True,False,False,0,4.4124345908452645,0.037037037037037035
D100078,88.98,26,2,0,0.7762468909515327,0.4801445189685646,0.2272044929943232,1,0,1,False,False,True,False,False,False,False,True,False,False,False,False,False,False,False,True,0,4.499587423413026,0.07407407407407407
D102396,596.86,26,3,1,0.5776827395482766,0.7331500463656601,0.4263312709490584,0,1,1,False,True,False,False,False,False,False,False,True,False,False,True,False,False,False,False,1,6.393356612829364,0.1111111111111111
D101132,245.91,26,1,1,0.7453322084111768,0.787757556461746,0.3864333324301897,1,1,1,True,False,False,False,False,True,False,False,False,True,False,False,False,False,False,False,0,5.5090238977585635,0.037037037037037035
D101242,1058.39,26,1,0,0.5107857052686139,0.4838710831205172,0.1616730295836494,1,1,1,False,True,False,False,False,True,False,False,False,False,False,True,False,False,False,False,1,6.965448549760609,0.037037037037037035
D100710,2858.81,26,0,1,0.2534765835638101,0.1760962124300036,0.7006299015470293,0,0,0,False,False,False,False,True,False,True,False,False,False,False,False,False,True,False,False,0,7.958510468040657,0.0
D101238,1019.16,26,2,0,0.0990825930459837,0.2731995194471353,0.2912022635955134,0,0,1,False,True,False,False,False,False,True,False,False,False,False,False,False,True,False,False,0,6.927714756721741,0.07407407407407407
D103276,294.06,26,3,1,0.2992109431728809,0.8195341661831469,0.836400060828376,1,1,0,False,False,True,False,False,False,True,False,False,False,False,True,False,False,False,False,1,5.687178725489421,0.1111111111111111
D100772,1045.97,26,3,0,0.7554355396413074,0.6517903585437641,0.0690617242437783,1,1,0,False,False,True,False,False,False,True,False,False,False,False,True,False,False,False,False,1,6.953655557164894,0.1111111111111111
D100822,212.63,26,1,1,0.3473687034038988,0.6125345575439148,0.6898022563934765,0,1,1,False,True,False,False,False,True,False,False,False,False,False,False,True,False,False,False,1,5.3642455466621435,0.037037037037037035
D103777,62.34,26,0,0,0.5058766582996927,0.3516397370815167,0.5301317881229233,0,0,1,True,False,False,False,False,True,False,False,False,True,False,False,False,False,False,False,0,4.148517041110494,0.0
D101790,141.09,26,1,1,0.8818310281577453,0.3154907532936549,0.4588821278268439,1,0,0,False,False,False,True,False,False,False,False,True,False,False,False,True,False,False,False,1,4.956460659649984,0.037037037037037035
D101823,251.91,26,4,0,0.8885300947596558,0.9000561465712847,0.6868290765199959,1,1,1,False,False,True,False,False,False,True,False,False,False,False,False,False,False,False,True,0,5.533033694214862,0.14814814814814814
D102193,129.33,26,1,0,0.6661537025324047,0.3760398721029417,0.2273004539662401,1,0,0,True,False,False,False,False,False,True,False,False,False,False,True,False,False,False,False,1,4.870069695542629,0.037037037037037035
D102683,1148.73,26,1,1,0.5506560294458939,0.8307630908832757,0.7423731309148315,0,1,1,False,False,True,False,False,False,True,False,False,True,False,False,False,False,False,False,0,7.047282411182849,0.037037037037037035
D102982,95.01,26,2,1,0.7182245188625236,0.8977492810528047,0.8503581042524376,1,1,1,True,False,False,False,False,False,False,True,False,False,False,False,True,False,False,False,1,4.564452352709533,0.07407407407407407
D103323,636.69,26,0,0,0.9281652831317844,0.8963644564464331,0.7879293707320896,1,1,1,False,False,False,True,False,True,False,False,False,False,False,False,False,False,True,False,0,6.457852271843403,0.0
D103163,581.17,26,1,0,0.6843605891351573,0.3069283171675249,0.8929265646274726,0,1,1,False,False,True,False,False,False,True,False,False,False,False,False,True,False,False,False,1,6.366762501299574,0.037037037037037035
D102179,464.2,26,1,1,0.8314299939653185,0.8318562508762878,0.9694962040267414,1,1,1,False,False,False,False,True,True,False,False,False,False,False,False,False,False,True,False,0,6.142467420644509,0.037037037037037035
D103630,75.79,26,4,0,0.1773862844500074,0.1723957471762778,0.3310259786318906,0,0,0,True,False,False,False,False,True,False,False,False,False,False,False,False,False,True,False,0,4.3410744233424525,0.14814814814814814
D102870,80.56,26,3,0,0.3353815204195924,0.5832184519747805,0.6599745041418609,0,1,1,False,False,True,False,False,False,False,False,True,True,False,False,False,False,False,False,0,4.401338945706255,0.1111111111111111
D100623,317.7,26,3,0,0.5193893954211597,0.9537186490053609,0.7092201528348162,0,1,1,False,False,True,False,False,False,True,False,False,True,False,False,False,False,False,False,0,5.764250221423291,0.1111111111111111
D103934,206.13,26,3,0,0.6606641988237348,0.7220258324179184,0.3069964413463223,1,1,1,False,False,True,False,False,False,True,False,False,False,False,True,False,False,False,False,1,5.333346615467431,0.1111111111111111
D103257,490.94,26,0,0,0.2157958558339834,0.6598558361872341,0.2327758920076018,0,0,0,False,True,False,False,False,False,False,False,True,False,False,False,False,True,False,False,0,6.198356757836141,0.0
D100624,1230.05,26,1,0,0.6076716258163388,0.3591690045143613,0.5403512444820935,1,1,0,False,False,False,False,True,True,False,False,False,False,False,False,False,False,True,False,0,7.11562274274383,0.037037037037037035
D100626,243.0,26,2,1,0.689187020147501,0.3428740472109658,0.7540220105333596,1,0,0,False,False,False,True,False,True,False,False,False,False,False,False,True,False,False,False,1,5.497168225293202,0.07407407407407407
D100456,34.2,26,2,0,0.6786851789967282,0.6257783017703815,0.9124242020901998,1,1,1,False,False,False,False,True,False,False,True,False,False,False,True,False,False,False,False,1,3.5610460826040513,0.07407407407407407
D100468,62.65,26,1,0,0.8113787524311876,0.9096240318025512,0.1046072129662138,1,1,0,True,False,False,False,False,True,False,False,False,False,False,False,False,True,False,False,0,4.153399325003416,0.037037037037037035
D100913,133.61,26,1,0,0.6753018393597328,0.1643046702949405,0.8413296468833512,0,0,1,False,False,False,False,True,True,False,False,False,False,False,False,False,False,False,True,0,4.9023817086560015,0.037037037037037035
D102112,224.47,26,1,0,0.4832283775358681,0.2709870061468835,0.1469636163360569,1,0,1,False,True,False,False,False,False,False,True,False,False,False,False,False,False,False,True,0,5.418187112398421,0.037037037037037035
D102888,178.82,26,2,0,0.9007891771766864,0.8403158315338286,0.0593556438848525,1,1,0,True,False,False,False,False,False,False,True,False,False,False,True,False,False,False,False,1,5.191956350556627,0.07407407407407407
D102277,66.27,26,0,1,0.9297155044152174,0.9149371453994196,0.8980180430251982,1,1,1,False,True,False,False,False,False,False,True,False,True,False,False,False,False,False,False,0,4.208714372037514,0.0
D100692,477.4,26,1,0,0.5795754406662103,0.6970610424043174,0.8009099435418001,1,1,1,False,True,False,False,False,False,False,True,False,False,False,False,True,False,False,False,1,6.170447202636422,0.037037037037037035
D100081,108.07,25,2,0,0.7159221965914772,0.2329812908107625,0.7874842788569574,1,0,1,False,True,False,False,False,False,False,False,True,False,False,False,False,False,False,True,0,4.691989877940651,0.07692307692307693
D100807,1067.19,25,1,0,0.7742550570599883,0.8151587242499948,0.7857018908882059,0,1,1,False,True,False,False,False,True,False,False,False,False,False,False,False,False,True,False,0,6.973720906319068,0.038461538461538464
D100808,534.71,25,2,0,0.650287016044754,0.6326350888392275,0.7066910791312924,0,0,1,False,False,True,False,False,False,False,True,False,False,False,True,False,False,False,False,1,6.283592969877143,0.07692307692307693
D100637,249.41,25,1,0,0.6040846557067273,0.4974435048508284,0.1891559626715209,0,1,1,False,False,True,False,False,False,True,False,False,False,False,True,False,False,False,False,1,5.523099574530755,0.038461538461538464
D100668,109.05,25,1,0,0.8540916659778944,0.7820089955407011,0.4740947804283605,0,1,1,False,True,False,False,False,False,False,True,False,False,False,False,False,False,False,True,0,4.70093480797247,0.038461538461538464
D100282,603.58,25,1,1,0.8564076617963636,0.799255892470378,0.899532813371701,1,1,1,False,True,False,False,False,True,False,False,False,True,False,False,False,False,False,False,0,6.4045340020760815,0.038461538461538464
D103812,75.49,25,1,1,0.8321534226351965,0.9124880375011644,0.5853361141789556,1,1,0,False,False,True,False,False,False,False,True,False,True,False,False,False,False,False,False,0,4.337160013333775,0.038461538461538464
D101399,184.92,25,1,1,0.8443013961446809,0.4143017039942356,0.7720034804416018,1,0,1,False,True,False,False,False,False,True,False,False,False,False,False,True,False,False,False,1,5.225316473663546,0.038461538461538464
D101470,195.25,25,1,1,0.9050509861241608,0.8511981502233261,0.8870597405130806,1,1,0,False,False,False,False,True,True,False,False,False,False,False,False,False,False,True,False,0,5.279389356662517,0.038461538461538464
D101867,325.6,25,2,0,0.401115943086024,0.1178518586779084,0.3504522777913262,1,0,0,False,True,False,False,False,True,False,False,False,False,False,False,True,False,False,False,1,5.788736180536365,0.07692307692307693
D102053,69.24,25,3,1,0.6581773189988877,0.8549796493897327,0.6740408071953132,1,1,1,False,False,False,True,False,True,False,False,False,False,False,False,True,False,False,False,1,4.251917949326861,0.11538461538461539
D102910,276.06,25,2,1,0.7029569688037748,0.803991422706686,0.4361334929932498,0,1,1,False,False,True,False,False,True,False,False,False,False,False,False,False,False,False,True,0,5.624234089229733,0.07692307692307693
D103924,315.41,25,2,1,0.5480620662133215,0.7921395667983655,0.2380628266898268,0,0,0,False,True,False,False,False,False,True,False,False,False,False,False,False,False,False,True,0,5.757038840956633,0.07692307692307693
D100466,538.12,25,3,1,0.511981667099404,0.5832627245086662,0.4801310523487972,1,0,1,False,False,True,False,False,False,True,False,False,False,False,False,True,False,False,False,1,6.289938180637962,0.11538461538461539
D102190,601.02,25,2,1,0.4516121150347195,0.5907392484214556,0.7041321626427699,1,0,1,True,False,False,False,False,False,False,True,False,False,False,False,False,False,True,False,0,6.400290667348325,0.07692307692307693
D101077,356.93,25,1,0,0.3942282411314624,0.582781896185872,0.1545067265773591,0,1,0,False,False,True,False,False,False,False,True,False,False,False,False,False,False,True,False,0,5.880337436555819,0.038461538461538464
D103391,260.9,25,4,1,0.5177441137159141,0.7262127434466054,0.4409801278195165,1,0,0,False,False,True,False,False,False,True,False,False,False,False,True,False,False,False,False,1,5.567962751513666,0.15384615384615385
D101769,345.37,25,3,1,0.5819535286195261,0.3338491628381427,0.608566986431193,0,0,0,False,False,False,True,False,True,False,False,False,False,False,False,True,False,False,False,1,5.847507567857012,0.11538461538461539
D101540,785.53,25,4,0,0.4549845023750185,0.243457190182765,0.5783879353512141,1,0,1,False,False,False,True,False,False,True,False,False,False,False,False,False,False,False,True,0,6.667630865445388,0.15384615384615385
D100154,136.07,25,6,1,0.2240441675359946,0.6523598759151693,0.284076028710629,1,1,0,True,False,False,False,False,True,False,False,False,False,False,False,False,False,True,False,0,4.920491744243289,0.23076923076923078
D102136,492.21,25,2,0,0.6972758047661324,0.7211052605545857,0.4451912634087612,1,1,1,False,True,False,False,False,False,True,False,False,False,False,False,False,False,True,False,0,6.200935046834842,0.07692307692307693
D103024,271.51,25,1,0,0.3517316866967799,0.8071932419730354,0.0599949373541838,0,0,0,False,True,False,False,False,True,False,False,False,False,False,False,True,False,False,False,1,5.607675310677678,0.038461538461538464
D103839,428.4,25,4,1,0.1140272306963857,0.7461812824277197,0.6416214444125555,0,1,0,False,True,False,False,False,True,False,False,False,False,True,False,False,False,False,False,0,6.062388885444681,0.15384615384615385
D102517,932.1,25,3,1,0.8576303448148278,0.8386977106283114,0.4884591785458109,1,1,0,False,True,False,False,False,False,True,False,False,True,False,False,False,False,False,False,0,6.838512376239977,0.11538461538461539
D100818,183.21,25,1,0,0.7801493741225913,0.78353686598988,0.1871680576291697,1,0,1,False,False,True,False,False,True,False,False,False,False,False,False,False,False,False,True,0,5.216076411164126,0.038461538461538464
D103757,643.78,25,0,1,0.626567954663227,0.5198342529074484,0.2918722846925979,1,0,0,False,True,False,False,False,False,False,True,False,False,False,False,False,False,False,True,0,6.468909173341643,0.0
D102687,152.66,25,3,0,0.7174108739373161,0.8546083252987802,0.083375145596871,1,1,0,False,False,True,False,False,True,False,False,False,True,False,False,False,False,False,False,0,5.034742369439489,0.11538461538461539
D102669,50.21,25,4,0,0.4657685919191474,0.0981696749580493,0.2855828416970329,1,0,1,False,False,True,False,False,True,False,False,False,True,False,False,False,False,False,False,0,3.935934825474459,0.15384615384615385
D102746,358.07,25,1,0,0.1004767222513844,0.7383032035514996,0.4990489725347787,0,1,0,False,True,False,False,False,False,True,False,False,False,False,True,False,False,False,False,1,5.883517355553389,0.038461538461538464
D100880,1455.46,25,4,0,0.617986919072063,0.1535935893939649,0.3939084707160382,0,0,0,False,True,False,False,False,True,False,False,False,False,False,False,True,False,False,False,1,7.283764112925907,0.15384615384615385
D102644,193.93,25,3,0,0.3974992025780443,0.6056029244655874,0.1251511891625016,0,1,0,False,True,False,False,False,True,False,False,False,True,False,False,False,False,False,False,0,5.2726405197580535,0.11538461538461539
D100214,99.49,25,0,1,0.9345204763267552,0.6382261581477771,0.2791358901050635,1,1,0,False,False,True,False,False,False,True,False,False,False,False,False,False,False,False,True,0,4.610058220060867,0.0
D103137,277.82,25,2,1,0.882712504349025,0.8313766703720082,0.6047441716757106,1,1,0,True,False,False,False,False,False,True,False,False,False,False,True,False,False,False,False,1,5.630566412324942,0.07692307692307693
D100077,139.8,25,4,1,0.4591194089155224,0.9497635638030908,0.8531318138248607,1,1,1,False,False,True,False,False,False,True,False,False,False,False,False,False,True,False,False,0,4.9473404437239425,0.15384615384615385
D100817,676.23,25,2,1,0.9209969642545912,0.8992529490997457,0.1906407569943818,0,1,1,False,False,True,False,False,True,False,False,False,False,False,False,False,False,True,False,0,6.518010949336828,0.07692307692307693
D100952,58.19,25,1,1,0.4473970354854037,0.7731849731559939,0.2013533282769035,1,1,0,False,True,False,False,False,False,True,False,False,False,True,False,False,False,False,False,0,4.080752608702634,0.038461538461538464
D101119,209.95,25,1,0,0.59391630163816,0.5434444455039734,0.3936089674629163,1,0,1,False,False,False,True,False,False,True,False,False,False,False,False,False,False,False,True,0,5.351621138570348,0.038461538461538464
D102439,198.06,25,3,1,0.8759288835756986,0.2546368721442759,0.5744765682779874,1,0,1,False,False,False,True,False,False,False,True,False,False,False,False,False,False,True,False,0,5.2936062868179175,0.11538461538461539
D103554,629.13,25,5,1,0.7525548091731413,0.7719310760323309,0.8193849747848383,1,1,1,False,True,False,False,False,False,True,False,False,False,False,False,False,False,False,True,0,6.445926147304858,0.19230769230769232
D103203,596.6,25,2,0,0.5387813708387172,0.4365696074997059,0.2299008678798668,0,0,0,False,False,True,False,False,False,True,False,False,False,False,True,False,False,False,False,1,6.392921633818608,0.07692307692307693
D103669,239.8,25,1,1,0.8352520033695309,0.5299051146899131,0.7600648677474794,1,0,1,False,False,True,False,False,False,False,False,True,False,False,False,False,True,False,False,0,5.483966713434666,0.038461538461538464
D101659,82.14,25,1,0,0.1835437510644446,0.4710728923730823,0.555683128814135,0,1,0,True,False,False,False,False,False,False,True,False,False,False,False,True,False,False,False,1,4.420525933824491,0.038461538461538464
D100753,177.2,25,1,0,0.8847181664330713,0.3284350761584151,0.5375569196381931,0,1,1,False,False,True,False,False,False,True,False,False,False,False,False,True,False,False,False,1,5.182906515036709,0.038461538461538464
D100745,163.49,25,2,1,0.6872572206682248,0.7547015288836129,0.6955799776387528,1,1,1,False,False,True,False,False,False,True,False,False,False,False,False,False,False,True,False,0,5.1028497780840665,0.07692307692307693
D101928,563.26,24,0,0,0.1911768491480805,0.877245614272793,0.3532328587521366,0,1,1,True,False,False,False,False,False,False,False,True,False,False,False,False,False,False,True,0,6.335515138181274,0.0
D101309,718.27,24,2,0,0.1794481643481423,0.3756504330712011,0.52164392065205,1,1,1,False,False,False,False,True,False,False,True,False,False,False,False,True,False,False,False,1,6.578236808788192,0.08
D103052,29.38,24,0,1,0.7701350559365846,0.610630203680801,0.6378641933402782,0,0,0,False,False,True,False,False,False,True,False,False,False,False,False,False,False,True,False,0,3.4137844971676268,0.0
D100245,115.01,24,8,0,0.7205818726776441,0.1064725537724036,0.2362111110856113,1,0,0,False,False,False,True,False,False,False,True,False,False,False,False,False,False,True,False,0,4.753676394287315,0.32
D100540,862.93,24,4,0,0.3647267906860954,0.159216974597929,0.1988909058521306,0,0,0,False,False,False,False,True,True,False,False,False,False,False,False,True,False,False,False,1,6.76149174700336,0.16
D102880,66.08,24,6,1,0.847837483444148,0.8250967631141454,0.2120365379665727,1,1,0,False,True,False,False,False,True,False,False,False,False,False,False,False,False,True,False,0,4.205885936955008,0.24
D103930,313.12,24,1,1,0.8159343474479755,0.7454970602164411,0.8691527241979405,1,1,1,False,False,True,False,False,True,False,False,False,False,False,False,False,True,False,False,0,5.749775078506674,0.04
D102090,293.79,24,0,0,0.72413523974975,0.2812220574694685,0.2262771900448535,1,0,0,False,True,False,False,False,False,True,False,False,True,False,False,False,False,False,False,0,5.686263238437263,0.0
D101618,368.59,24,2,0,0.5788950487376732,0.2374527898929602,0.2571270543461099,1,0,0,False,False,False,False,True,False,True,False,False,False,False,False,False,False,False,True,0,5.912394283124445,0.08
D102192,182.7,24,2,1,0.5831173904651835,0.4488830353564093,0.4383400796098815,1,1,0,False,False,True,False,False,True,False,False,False,False,False,False,True,False,False,False,1,5.21330399222108,0.08
D102887,1378.58,24,1,0,0.954411583296248,0.5371573998552237,0.7184127320723224,1,0,1,False,False,False,False,True,False,True,False,False,True,False,False,False,False,False,False,0,7.229534384001965,0.04
D101321,184.83,24,2,0,0.8890983452570783,0.5373473027944818,0.4850602681457915,1,0,0,False,False,True,False,False,False,True,False,False,False,False,True,False,False,False,False,1,5.224832277285559,0.08
D101197,117.34,24,1,1,0.9040199496956068,0.8814691370524513,0.6240637566985784,1,1,0,False,False,True,False,False,False,True,False,False,False,True,False,False,False,False,False,0,4.773561837248548,0.04
D101558,505.78,24,2,0,0.3849483325758064,0.1836786985697686,0.3146277796305481,0,0,0,False,False,True,False,False,False,True,False,False,True,False,False,False,False,False,False,0,6.228076984369156,0.08
D103128,403.79,24,3,0,0.5929119260290824,0.2798358446080503,0.0682648087559751,0,1,0,False,False,True,False,False,True,False,False,False,False,False,False,False,True,False,False,0,6.003368414110806,0.12
D103456,235.85,24,2,0,0.6630668394540823,0.0890568930987292,0.3760056109843844,1,0,0,False,False,False,False,True,False,True,False,False,False,False,False,True,False,False,False,1,5.467427029369761,0.08
D103250,276.86,24,4,1,0.8781834014203996,0.1842871580831912,0.865772860307574,1,0,1,False,False,False,False,True,False,False,True,False,False,False,False,True,False,False,False,1,5.627117389720715,0.16
D100345,46.86,24,2,0,0.306924182665526,0.0932487753299705,0.74790027198831,0,0,0,False,False,False,True,False,False,False,False,True,False,False,False,False,False,False,True,0,3.868280082480227,0.08
D101994,211.47,24,2,1,0.5416394764978848,0.5610394971155277,0.4192998986876047,0,1,1,False,False,True,False,False,True,False,False,False,False,False,True,False,False,False,False,1,5.358800801927547,0.08
D101338,4523.92,24,1,1,0.071981294747577,0.1117226655867112,0.4112515006028749,0,0,1,False,False,False,True,False,False,True,False,False,True,False,False,False,False,False,False,0,8.417355176419731,0.04
D101496,302.67,24,1,0,0.799477191943234,0.4435213518522872,0.6575722904059076,0,0,1,False,False,False,True,False,True,False,False,False,True,False,False,False,False,False,False,0,5.715941585480011,0.04
D101720,448.82,24,4,1,0.4202450744353918,0.8786524280957801,0.2255604731221764,1,1,0,True,False,False,False,False,False,True,False,False,True,False,False,False,False,False,False,0,6.108847502743026,0.16
D102656,761.57,24,4,0,0.6253551184533844,0.8333591132901129,0.3781541653988165,1,1,0,False,True,False,False,False,True,False,False,False,False,False,False,False,False,False,True,0,6.636694307546592,0.16
D103274,164.51,24,2,0,0.8769283133750565,0.3534174475593614,0.1669633119762344,1,1,0,False,False,True,False,False,False,False,True,False,False,False,True,False,False,False,False,1,5.109031615952449,0.08
D101117,23.06,24,2,0,0.955822014415158,0.9305386318666248,0.4836221186515227,1,1,1,False,False,False,True,False,False,True,False,False,False,False,False,True,False,False,False,1,3.180550710546533,0.08
D101620,199.36,24,3,0,0.2121270334963439,0.8588161767360423,0.3008199599578129,0,1,0,False,True,False,False,False,False,False,True,False,False,False,False,False,False,False,True,0,5.300115748489416,0.12
D101640,331.54,24,2,0,0.2508292858197152,0.3583719548917656,0.4446610216889795,0,1,1,False,False,False,True,False,False,False,False,True,False,False,False,True,False,False,False,1,5.806760153612234,0.08
D103158,568.13,24,4,1,0.8076002181896694,0.8346527586308976,0.9538699158410728,1,1,1,False,False,False,False,True,True,False,False,False,False,False,True,False,False,False,False,1,6.3441088790325635,0.16
D102672,42.35,24,3,0,0.3892820323690119,0.571517499837157,0.0984414277295108,0,0,0,False,True,False,False,False,False,False,True,False,False,False,False,False,False,False,True,0,3.769306703226551,0.12
D103671,240.4,24,3,0,0.8522990860445424,0.7666402596913338,0.3767252867870638,1,1,0,False,False,True,False,False,False,False,True,False,False,True,False,False,False,False,False,0,5.486455308663431,0.12
D100702,267.16,24,4,0,0.3128683505626587,0.6584420947085667,0.1826556205539686,0,1,0,False,True,False,False,False,False,True,False,False,False,True,False,False,False,False,False,0,5.591583817293718,0.16
D102721,135.8,24,2,1,0.5963325137820704,0.5216161257927068,0.8570136951709496,1,1,1,False,False,False,True,False,False,True,False,False,False,False,False,False,True,False,False,0,4.918520005188451,0.08
D100560,2173.3,24,1,1,0.572044939004225,0.3629222455892142,0.4040674829165711,1,0,0,True,False,False,False,False,True,False,False,False,True,False,False,False,False,False,False,0,7.684462052641013,0.04
D100391,206.57,24,1,0,0.2466036921703692,0.7804389037983374,0.1917066551557097,0,1,0,True,False,False,False,False,False,True,False,False,False,False,False,False,False,False,True,0,5.335468632178829,0.04
D102312,931.36,24,0,0,0.8937312972600825,0.9373926322392918,0.2450955726176557,1,1,0,False,True,False,False,False,False,False,True,False,True,False,False,False,False,False,False,0,6.837719006198469,0.0
D101267,206.46,24,3,1,0.8333990397312251,0.3546457464713941,0.8880807079637667,1,0,1,False,False,False,False,True,True,False,False,False,False,False,False,False,True,False,False,0,5.334938550003682,0.12
D101904,409.59,24,2,0,0.8645899990240777,0.2064893812859376,0.2743265338694551,0,0,1,False,False,True,False,False,False,False,True,False,False,True,False,False,False,False,False,0,6.017595149685235,0.08
D101682,259.61,23,3,0,0.5825968370431472,0.5699820816614019,0.3022516923204786,1,1,0,False,False,False,True,False,False,False,True,False,False,False,False,False,True,False,False,0,5.563025036939939,0.125
D103229,148.09,23,1,0,0.1838153799812216,0.774701967539061,0.6610216289547064,1,1,1,False,False,True,False,False,False,True,False,False,False,True,False,False,False,False,False,0,5.004550150440307,0.041666666666666664
D102942,740.43,23,2,1,0.5185885334559287,0.3833772333688444,0.5160928083449111,1,0,1,False,False,False,True,False,False,True,False,False,False,False,False,False,False,True,False,0,6.608580753885039,0.08333333333333333
D101013,515.5,23,0,1,0.8508073082890946,0.1954863597671398,0.8252264538443864,1,1,0,False,False,False,False,True,True,False,False,False,False,False,False,True,False,False,False,1,6.247075288559693,0.0
D101171,132.03,23,1,0,0.7281718705410624,0.6304612369775766,0.1543494555512261,0,1,0,False,False,False,True,False,False,True,False,False,False,False,False,False,False,True,False,0,4.890574666695814,0.041666666666666664
D101969,136.68,23,4,1,0.8994513658755025,0.6255903796797223,0.7050823043890133,1,0,0,False,False,True,False,False,False,True,False,False,False,False,False,False,False,True,False,0,4.924932151903284,0.16666666666666666
D101412,457.25,23,1,0,0.214481973023601,0.5554948358698869,0.6923161071108979,1,0,0,False,False,False,True,False,False,True,False,False,False,False,False,True,False,False,False,1,6.127414886719815,0.041666666666666664
D102527,294.45,23,1,0,0.3119011250874028,0.6441044262984371,0.2790027072204898,0,1,1,False,False,False,True,False,False,False,True,False,False,False,False,False,False,False,True,0,5.688499617791684,0.041666666666666664
D102183,76.68,23,0,0,0.7913932577076294,0.8541128811737859,0.6423426136469653,1,1,1,True,False,False,False,False,True,False,False,False,False,False,False,False,True,False,False,0,4.35259782398307,0.0
D100201,251.35,23,4,0,0.2120541813074251,0.3669681395165555,0.2432016785209103,1,0,0,False,False,False,False,True,False,False,False,True,False,False,False,False,True,False,False,0,5.5308170127862715,0.16666666666666666
D100855,1038.7,23,4,0,0.6531702051005202,0.5578499500229224,0.3237602650295189,1,1,0,False,False,True,False,False,False,True,False,False,False,True,False,False,False,False,False,0,6.946687488983924,0.16666666666666666
D100951,200.14,23,0,0,0.8977611878693951,0.9000620812768779,0.4103414816572472,1,0,0,False,True,False,False,False,False,True,False,False,False,False,False,False,True,False,False,0,5.304001183016334,0.0
D101570,543.5,23,2,0,0.4693705542817564,0.5671002762094935,0.2573806778241175,0,1,0,False,True,False,False,False,False,False,True,False,False,False,True,False,False,False,False,1,6.299867942373015,0.08333333333333333
D101889,294.36,23,2,0,0.4601992814544714,0.7169707874212106,0.3991347396305251,1,1,1,False,True,False,False,False,False,False,True,False,False,False,False,True,False,False,False,1,5.688194951314488,0.08333333333333333
D103542,29.87,23,3,0,0.8978961675674494,0.2972430355709463,0.7079202314973342,1,1,1,False,False,False,True,False,True,False,False,False,False,False,False,True,False,False,False,1,3.429784838514068,0.125
D101069,405.65,23,2,1,0.8273660643570835,0.8724496491484542,0.4961776460340599,1,1,1,False,True,False,False,False,False,True,False,False,False,False,False,False,True,False,False,0,6.007952864612784,0.08333333333333333
D100079,363.56,23,3,1,0.6198599972255836,0.7715870930013994,0.533248997002347,0,1,0,False,False,False,True,False,True,False,False,False,False,False,True,False,False,False,False,1,5.898691146955627,0.125
D100065,1130.84,23,1,1,0.7375174650288926,0.1990942258980649,0.5032982457052037,1,0,1,False,False,True,False,False,False,False,True,False,False,False,False,True,False,False,False,1,7.0315999060171155,0.041666666666666664
D102254,261.21,23,6,0,0.5391929737446813,0.3181973800167007,0.7089919134786693,0,1,1,False,False,False,False,True,False,True,False,False,False,False,False,False,True,False,False,0,5.569145709427657,0.25
D103121,386.04,23,4,1,0.7900036028169506,0.9229344886748452,0.1579267975091835,0,1,0,False,True,False,False,False,True,False,False,False,False,False,False,False,False,False,True,0,5.958528046861717,0.16666666666666666
D100114,72.17,23,4,0,0.651230674319002,0.8592936122726541,0.8005745502362767,1,0,1,False,True,False,False,False,False,True,False,False,False,False,True,False,False,False,False,1,4.292785500895938,0.16666666666666666
D100875,324.36,23,2,1,0.8850868551380031,0.7313573034415095,0.8807468383185801,1,1,1,False,False,False,True,False,True,False,False,False,False,True,False,False,False,False,False,0,5.78493226159897,0.08333333333333333
D102855,849.03,23,1,0,0.2791910916971205,0.7223903404060379,0.7075081626708196,1,1,1,False,False,False,False,True,False,True,False,False,False,False,False,False,False,False,True,0,6.745271642979186,0.041666666666666664
D101627,86.56,23,3,0,0.628675775977066,0.7107711186848339,0.1235213456135534,1,0,1,False,True,False,False,False,True,False,False,False,False,False,False,False,True,False,False,0,4.472324272654662,0.125
D101838,47.61,23,3,0,0.9167292074988714,0.2853284269833303,0.6151181759300687,1,0,1,False,False,False,True,False,True,False,False,False,True,False,False,False,False,False,False,0,3.883829271057364,0.125
D103833,407.94,23,3,1,0.7967116943823255,0.8319035355624228,0.4631897341514454,0,1,1,False,False,True,False,False,True,False,False,False,False,True,False,False,False,False,False,0,6.013568446014908,0.125
D103404,248.88,23,1,0,0.5775866288847471,0.2129024909244928,0.3604224925382153,1,0,0,False,False,False,True,False,False,False,True,False,False,False,False,False,False,True,False,0,5.5209808026253695,0.041666666666666664
D102049,493.98,23,2,0,0.4173232804181868,0.5289276706848889,0.6242347058561448,0,0,0,False,True,False,False,False,False,False,True,False,False,False,False,False,False,True,False,0,6.204517357712021,0.08333333333333333
D102142,126.56,23,0,1,0.942503086640446,0.6254894832222098,0.960146495614466,1,0,1,False,False,False,True,False,True,False,False,False,False,False,False,True,False,False,False,1,4.848586842141857,0.0
D100019,68.06,23,3,0,0.6317723918808411,0.691816816183512,0.2673844994353563,0,1,0,False,False,True,False,False,False,False,True,False,False,False,False,True,False,False,False,1,4.234975691961846,0.125
D100089,196.14,23,4,1,0.800269399661566,0.8647153934458118,0.2026977813290605,1,1,0,False,False,True,False,False,True,False,False,False,False,True,False,False,False,False,False,0,5.283914136237293,0.16666666666666666
D100009,136.16,23,2,1,0.478125063077454,0.7674419870735597,0.1000306534917875,1,0,1,False,False,True,False,False,False,True,False,False,False,False,False,False,True,False,False,0,4.921148127594719,0.08333333333333333
D101016,68.47,22,1,0,0.4617088220375732,0.5521555838611314,0.552659300854231,1,1,0,False,False,True,False,False,True,False,False,False,True,False,False,False,False,False,False,0,4.2408950047047895,0.043478260869565216
D102213,602.77,22,3,0,0.153407940684567,0.1071977457675804,0.4252611156766055,0,0,1,False,False,True,False,False,False,True,False,False,False,False,True,False,False,False,False,1,6.4031933307121145,0.13043478260869565
D102191,235.17,22,3,1,0.8194901719150006,0.3915635819154971,0.6547261966804657,1,0,1,False,False,True,False,False,False,False,False,True,False,False,False,True,False,False,False,1,5.46455188468906,0.13043478260869565
D102002,1055.79,22,3,1,0.5305550443300746,0.3015206161733006,0.6868859986002442,1,1,0,False,False,False,False,True,True,False,False,False,False,False,False,False,False,True,False,0,6.962991290634958,0.13043478260869565
D102652,243.06,22,3,1,0.6325018574465359,0.6394836126943912,0.6703646245713963,1,1,1,False,False,False,True,False,True,False,False,False,False,False,False,False,False,False,True,0,5.497414096703693,0.13043478260869565
D103190,209.85,22,1,0,0.3984659171814827,0.6502884394276618,0.2160183227901267,1,1,1,False,True,False,False,False,False,True,False,False,False,False,False,False,False,False,True,0,5.351146980192569,0.043478260869565216
D100157,355.58,22,2,0,0.8830642059501782,0.2036321822036639,0.6673118137277148,1,0,1,False,False,True,False,False,True,False,False,False,False,False,True,False,False,False,False,1,5.876558618606624,0.08695652173913043
D102699,232.24,22,5,1,0.445528830346151,0.6813932107664695,0.7795563958426828,1,1,1,False,False,False,True,False,False,True,False,False,True,False,False,False,False,False,False,0,5.4520679663539555,0.21739130434782608
D102821,51.71,22,1,0,0.4224910627623541,0.7710923506172387,0.3329978915691152,0,1,0,False,False,True,False,False,False,False,True,False,True,False,False,False,False,False,False,0,3.9648051908671156,0.043478260869565216
D101052,134.69,22,2,1,0.7481521165816585,0.6228135818927002,0.6790933510209143,1,1,1,False,True,False,False,False,False,True,False,False,True,False,False,False,False,False,False,0,4.910372872157861,0.08695652173913043
D100900,146.7,22,3,0,0.7299172222037883,0.579040278233808,0.4849499737226658,1,1,0,False,False,True,False,False,True,False,False,False,False,False,False,False,True,False,False,0,4.995183189537334,0.13043478260869565
D102767,137.25,22,7,1,0.6182169737130467,0.3201864754811779,0.3009324250864817,1,0,0,False,False,True,False,False,False,True,False,False,False,False,False,False,False,True,False,0,4.929063640402444,0.30434782608695654
D102621,29.63,22,3,0,0.212375739645082,0.1992136986875328,0.8555900482258479,0,0,1,False,False,False,False,True,False,False,True,False,False,False,False,False,False,False,True,0,3.421979920844684,0.13043478260869565
D102212,1478.26,22,4,0,0.418351830772677,0.2340852685562874,0.619046379027947,0,0,1,False,False,False,True,False,False,True,False,False,False,False,False,False,False,False,True,0,7.299297241716478,0.17391304347826086
D103251,79.35,22,4,0,0.9035771686788856,0.4769628917876078,0.4319110210144904,1,1,0,False,False,True,False,False,True,False,False,False,False,False,True,False,False,False,False,1,4.386392092183521,0.17391304347826086
D103150,940.1,22,1,0,0.8744483834758883,0.1562278443340286,0.5127198873314602,1,0,0,True,False,False,False,False,False,True,False,False,False,False,False,True,False,False,False,1,6.847049403864742,0.043478260869565216
D102266,1141.38,22,3,1,0.5455734254005197,0.6501364320764699,0.4181058292092205,0,0,0,False,False,False,True,False,False,True,False,False,False,False,False,True,False,False,False,1,7.04086908442927,0.13043478260869565
D103623,135.93,22,1,1,0.9296322615972872,0.4225447209580615,0.8423913567084673,1,1,1,False,False,False,True,False,True,False,False,False,False,True,False,False,False,False,False,0,4.919469846344143,0.043478260869565216
D101363,663.49,22,3,0,0.1862846781688093,0.4240281382990558,0.3177034084158812,0,0,1,True,False,False,False,False,False,False,True,False,False,False,True,False,False,False,False,1,6.49901982913111,0.13043478260869565
D103497,191.37,22,1,1,0.7693750303951441,0.7853418680988301,0.8054633743873838,1,1,1,False,False,False,True,False,False,False,False,True,False,False,False,False,True,False,False,0,5.25942060091809,0.043478260869565216
D100870,229.45,22,0,1,0.6398307692592277,0.6780327628759703,0.4050670215778489,1,1,1,False,False,False,True,False,False,True,False,False,False,True,False,False,False,False,False,0,5.440033919166517,0.0
D102336,988.37,22,1,1,0.2938455610042095,0.2866920617637233,0.7691309925068397,0,0,1,False,False,False,True,False,True,False,False,False,False,False,False,True,False,False,False,1,6.897068376926992,0.043478260869565216
D102401,66.54,22,2,0,0.7913514567949999,0.6141909317420091,0.7291369193596705,1,0,1,False,False,False,True,False,False,False,True,False,True,False,False,False,False,False,False,0,4.212720014957422,0.08695652173913043
D102421,303.57,22,3,0,0.6672348433677942,0.5744222692068666,0.1244852470613736,1,1,1,False,True,False,False,False,True,False,False,False,False,True,False,False,False,False,False,0,5.718900945787902,0.13043478260869565
D103510,187.83,22,1,1,0.977897302818074,0.7809823374729296,0.3638109231139811,1,1,0,False,False,False,False,True,False,True,False,False,False,False,False,False,True,False,False,0,5.240847139393487,0.043478260869565216
D100812,20.68,22,4,0,0.9004123531273344,0.5215803980841364,0.6345163170570428,1,1,1,False,False,False,False,True,True,False,False,False,False,False,False,False,False,True,False,0,3.0763901765714454,0.17391304347826086
D100850,100.66,22,2,1,0.7795539176670182,0.6695514848399055,0.4375230684930328,0,1,1,False,True,False,False,False,False,False,True,False,False,False,False,False,False,True,False,0,4.621633912018757,0.08695652173913043
D101799,360.56,22,5,1,0.641827447765601,0.2727903251614044,0.1852277371236692,0,0,1,False,False,True,False,False,False,True,False,False,False,False,False,False,False,True,False,0,5.89042800293021,0.21739130434782608
D100923,42.41,22,6,0,0.3122268173783417,0.4755735104866926,0.3684565270514722,0,0,0,False,False,True,False,False,False,True,False,False,False,False,False,False,True,False,False,0,3.770689829311502,0.2608695652173913
D102693,185.84,22,6,0,0.47450904374897,0.4897207066489084,0.9225154922694848,0,1,1,False,False,False,False,True,True,False,False,False,True,False,False,False,False,False,False,0,5.230252635633907,0.2608695652173913
D102692,541.86,22,1,1,0.9361122125059258,0.6890828018350822,0.9437855242724456,1,1,1,False,False,False,True,False,False,True,False,False,False,False,True,False,False,False,False,1,6.296851459803208,0.043478260869565216
D101165,190.64,22,3,0,0.6193792621574374,0.3813437148460463,0.670028315720312,1,1,1,False,False,False,True,False,False,False,True,False,False,False,False,False,True,False,False,0,5.2556186120149215,0.13043478260869565
D102283,528.19,22,2,0,0.8529853837629013,0.8821121298892189,0.772961811065476,1,1,0,False,False,True,False,False,False,True,False,False,True,False,False,False,False,False,False,0,6.271347535614793,0.08695652173913043
D102580,122.59,22,4,1,0.7345360942251218,0.892698066771223,0.4247547962516124,1,1,0,True,False,False,False,False,True,False,False,False,True,False,False,False,False,False,False,0,4.8169696356016445,0.17391304347826086
D101648,305.41,22,2,1,0.8493220273607762,0.1851298010968729,0.946386064169841,1,0,1,False,False,False,True,False,True,False,False,False,False,False,False,False,False,True,False,0,5.724924074409577,0.08695652173913043
D101583,29.4,22,1,0,0.6598886732936585,0.854453107755546,0.3327693993605666,0,1,0,False,True,False,False,False,True,False,False,False,False,False,False,True,False,False,False,1,3.414442608412176,0.043478260869565216
D100108,951.32,22,4,0,0.1614561591467796,0.2912203978371995,0.0947058349905721,0,0,0,True,False,False,False,False,False,True,False,False,True,False,False,False,False,False,False,0,6.858901112764618,0.17391304347826086
D103664,148.07,22,3,1,0.9670293764623312,0.9329132959219344,0.4589870819847158,1,1,0,False,True,False,False,False,True,False,False,False,False,False,False,False,False,False,True,0,5.004415994282339,0.13043478260869565
D100375,161.2,22,5,1,0.5937901043117982,0.9335962300017334,0.3698110095963645,1,1,0,True,False,False,False,False,False,True,False,False,False,False,False,False,False,True,False,0,5.088830141681313,0.21739130434782608
D103329,253.97,22,1,1,0.5974051854345079,0.7187068020621551,0.4102459273159601,1,0,1,False,True,False,False,False,False,False,True,False,True,False,False,False,False,False,False,0,5.541145891178645,0.043478260869565216
D102929,153.27,22,1,1,0.7858310334960936,0.8626662304386074,0.6845807914285388,0,0,1,False,False,True,False,False,True,False,False,False,False,False,True,False,False,False,False,1,5.038704314023848,0.043478260869565216
D101091,109.57,22,0,0,0.7482092699169677,0.6712673058109846,0.0744480034904951,1,1,0,False,False,True,False,False,False,True,False,False,False,False,False,True,False,False,False,1,4.70564880455431,0.0
D103315,207.55,22,1,0,0.8623315509590436,0.8319889163762673,0.0521222435663642,1,1,0,True,False,False,False,False,True,False,False,False,False,False,False,False,False,False,True,0,5.340178820642954,0.043478260869565216
D100311,172.81,22,1,0,0.9394021640105328,0.8973658654737136,0.3825953291763319,1,1,1,False,True,False,False,False,False,True,False,False,False,False,False,False,False,True,False,0,5.157962748575389,0.043478260869565216
D100544,72.98,22,1,1,0.3991248240259912,0.6702156867444728,0.3213898152480198,1,1,0,True,False,False,False,False,True,False,False,False,True,False,False,False,False,False,False,0,4.303794786404308,0.043478260869565216
D101513,83.13,22,4,1,0.4778460533728003,0.5556514924381258,0.8705204683832327,0,1,1,False,False,False,True,False,False,False,False,True,False,False,False,True,False,False,False,1,4.432363221562722,0.17391304347826086
D103948,285.79,22,3,0,0.7387571958514639,0.8345094667171015,0.5439072138357086,1,1,1,False,False,False,True,False,False,True,False,False,False,True,False,False,False,False,False,0,5.6587502406140935,0.13043478260869565
D101500,92.14,22,1,1,0.5978372367764999,0.769078021780218,0.4861953580976773,0,1,0,False,False,True,False,False,False,True,False,False,False,False,False,True,False,False,False,1,4.534103737554231,0.043478260869565216
D103543,90.45,22,0,1,0.9484939715250784,0.8587796098906211,0.5874164513591715,0,1,1,False,True,False,False,False,False,False,True,False,False,False,False,False,False,True,False,0,4.515792374836875,0.0
D102572,201.57,21,1,1,0.7800827389087888,0.7780807659331538,0.5278846560439211,1,1,1,False,False,False,True,False,True,False,False,False,False,False,False,False,True,False,False,0,5.311085505825715,0.045454545454545456
D103288,146.42,21,2,0,0.5701445143556179,0.8908298488605556,0.4593266495371295,0,0,0,True,False,False,False,False,True,False,False,False,True,False,False,False,False,False,False,0,4.9932856557611425,0.09090909090909091
D101717,739.47,21,2,0,0.4645878168611573,0.5098960901832051,0.8736620334476725,1,0,0,False,False,True,False,False,False,True,False,False,False,False,False,False,False,True,False,0,6.607285119720394,0.09090909090909091
D102089,1045.34,21,3,0,0.5515559268504255,0.3393040296353808,0.241151221888231,0,1,0,False,False,True,False,False,True,False,False,False,False,False,False,False,True,False,False,0,6.953053639609424,0.13636363636363635
D102727,207.87,21,1,0,0.3524733719706444,0.7693136337844134,0.5653825207628498,1,1,0,True,False,False,False,False,False,True,False,False,False,False,True,False,False,False,False,1,5.341712048867226,0.045454545454545456
D102297,56.4,21,2,0,0.6450165281936566,0.3935556122493097,0.2225065815172277,1,0,0,True,False,False,False,False,False,False,True,False,False,False,False,False,False,True,False,0,4.050044303325521,0.09090909090909091
D102573,134.89,21,4,0,0.6869036172480656,0.6638220120004172,0.8323869795803917,1,1,1,False,False,False,True,False,False,True,False,False,False,False,False,False,False,True,False,0,4.911845734932406,0.18181818181818182
D102650,162.74,21,0,1,0.7629087533022121,0.5990055487940058,0.9439114948389016,1,0,1,False,False,False,False,True,False,False,False,True,True,False,False,False,False,False,False,0,5.098279803948302,0.0
D103249,306.84,21,4,0,0.87147092246593,0.561344941904036,0.3168839411036511,1,0,1,False,False,True,False,False,False,True,False,False,False,False,False,False,False,True,False,0,5.729580167477342,0.18181818181818182
D101056,136.37,21,1,1,0.8446112497579831,0.9027317207499086,0.7884317560681772,0,1,1,False,False,False,False,True,False,False,False,True,False,False,False,False,True,False,False,0,4.922678015337114,0.045454545454545456
D100651,78.94,21,1,0,0.6095526163010243,0.6944696101073096,0.7624952491418421,0,1,0,False,False,False,True,False,True,False,False,False,False,False,False,False,True,False,False,0,4.3812763532831775,0.045454545454545456
D100032,271.42,21,1,1,0.5189254514267574,0.9301349365067536,0.8276792362465418,0,1,1,False,True,False,False,False,False,False,False,True,False,True,False,False,False,False,False,0,5.607344993019195,0.045454545454545456
D103228,122.28,21,2,0,0.9018577236391012,0.7040533378775709,0.5274263392593803,1,0,0,False,False,True,False,False,True,False,False,False,False,False,False,False,False,False,True,0,4.814458191011861,0.09090909090909091
D102038,522.7,21,2,1,0.6631408730639402,0.7950128018843425,0.2589223603801919,0,1,0,False,False,True,False,False,False,False,True,False,False,False,False,False,False,True,False,0,6.260919001285442,0.09090909090909091
D102214,572.43,21,3,1,0.7810465308092633,0.0552669962267839,0.9116853757678932,1,0,1,False,False,False,False,True,True,False,False,False,False,False,False,False,False,True,False,0,6.351635871578385,0.13636363636363635
D102898,653.74,21,2,1,0.4166055930148353,0.743619116280899,0.167539032308834,0,0,0,False,False,True,False,False,False,True,False,False,False,False,False,False,False,False,True,0,6.484238210266224,0.09090909090909091
D103716,115.73,21,4,1,0.5309857680114994,0.7665237118011867,0.916833952456815,0,0,1,False,False,False,True,False,False,True,False,False,False,False,False,False,False,False,True,0,4.759863575664572,0.18181818181818182
D103568,97.45,21,2,1,0.9678822451936682,0.6978414716466372,0.9850013297556792,1,1,1,False,False,False,True,False,False,True,False,False,False,False,False,False,False,False,True,0,4.589548805085134,0.09090909090909091
D100919,196.17,21,1,0,0.3652371368278954,0.7646362151566825,0.3421410807134079,0,1,1,False,False,True,False,False,False,True,False,False,True,False,False,False,False,False,False,0,5.284066300778177,0.045454545454545456
D101607,170.21,21,1,1,0.602989431867721,0.978326347932188,0.2446957673957388,1,1,1,False,True,False,False,False,False,False,True,False,False,False,False,False,True,False,False,0,5.142890873216727,0.045454545454545456
D100140,208.66,21,2,0,0.5580325428495232,0.6532903005863285,0.1553321415258269,1,1,0,False,False,True,False,False,False,True,False,False,False,False,False,True,False,False,False,1,5.345487171024427,0.09090909090909091
D101355,394.82,21,2,0,0.935620052572728,0.6873628023217175,0.480080566202008,1,0,0,True,False,False,False,False,True,False,False,False,False,False,False,True,False,False,False,1,5.980959562462835,0.09090909090909091
D102818,664.57,21,7,0,0.2850996461073926,0.7347865411060995,0.117179188740916,0,1,0,False,True,False,False,False,False,False,True,False,True,False,False,False,False,False,False,0,6.5006438163758355,0.3181818181818182
D102871,993.47,21,1,0,0.7118665203102565,0.5401566820540956,0.1733263745859843,1,0,0,False,False,True,False,False,False,True,False,False,False,False,False,False,False,False,True,0,6.902209931926508,0.045454545454545456
D103350,856.02,21,0,0,0.2748673862127239,0.914448702911976,0.6454506134927052,0,1,1,True,False,False,False,False,False,False,False,True,False,True,False,False,False,False,False,0,6.753461255548341,0.0
D103296,152.64,21,3,1,0.7899839640518183,0.7460662722475166,0.5698184723942556,1,1,0,False,False,False,True,False,True,False,False,False,False,True,False,False,False,False,False,0,5.034612203477704,0.13636363636363635
D100150,415.66,21,1,0,0.7976058630582988,0.5454381299615914,0.7906347755144493,1,0,1,False,False,False,True,False,False,False,False,True,True,False,False,False,False,False,False,0,6.032270541500236,0.045454545454545456
D101307,128.69,21,4,1,0.5430319825528884,0.9599836278418116,0.7977833544123913,0,1,0,False,False,True,False,False,False,True,False,False,False,False,False,False,False,True,False,0,4.86514698734765,0.18181818181818182
D101378,104.54,21,0,0,0.7174860368440524,0.9314923147901256,0.7819106108029106,1,1,1,False,False,True,False,False,True,False,False,False,False,True,False,False,False,False,False,0,4.659090027977522,0.0
D101589,416.12,21,4,0,0.817502421252058,0.4803268578547267,0.5153018807167513,1,0,1,False,True,False,False,False,False,True,False,False,False,False,True,False,False,False,False,1,6.033373950185192,0.18181818181818182
D101368,273.41,21,0,1,0.8153543973336715,0.6098017913824234,0.4231943229726275,1,1,0,False,True,False,False,False,False,False,True,False,False,False,False,False,False,False,True,0,5.614623338336383,0.0
D100970,391.78,21,0,1,0.4391230812235731,0.7766724782525191,0.3389286972789665,0,1,1,False,True,False,False,False,False,True,False,False,True,False,False,False,False,False,False,0,5.9732496586870765,0.0
D102504,99.28,21,2,1,0.647367720389627,0.6925968441273362,0.6807787205170868,1,0,1,False,True,False,False,False,False,False,True,False,False,False,False,False,False,True,False,0,4.607966273290093,0.09090909090909091
D102872,691.87,21,1,0,0.2365417128216747,0.5004308033547065,0.4906557827747583,1,1,1,True,False,False,False,False,True,False,False,False,False,False,True,False,False,False,False,1,6.540842391405073,0.045454545454545456
D101615,525.31,21,2,1,0.9257882803939176,0.663025739634656,0.3038281301320424,1,1,0,False,True,False,False,False,False,True,False,False,True,False,False,False,False,False,False,0,6.265890392749242,0.09090909090909091
D100113,338.88,21,2,0,0.9150355537406716,0.3867433072358342,0.6684308035381422,1,1,0,False,False,True,False,False,True,False,False,False,False,False,False,True,False,False,False,1,5.82859261413534,0.09090909090909091
D103092,65.72,21,3,0,0.7175347520667701,0.5724462505776303,0.8831959298170989,1,0,1,False,False,False,True,False,False,False,False,True,False,False,False,False,False,True,False,0,4.200504758050491,0.13636363636363635
D103557,365.29,21,2,0,0.7239363412218535,0.5784692207903448,0.420223722640704,1,1,1,False,False,False,False,True,False,True,False,False,True,False,False,False,False,False,False,0,5.903425369384816,0.09090909090909091
D100811,281.27,21,5,0,0.7105980957572462,0.4276900680368511,0.3194899943637045,0,1,0,True,False,False,False,False,False,False,True,False,False,True,False,False,False,False,False,0,5.642864059686784,0.22727272727272727
D100225,229.48,21,0,0,0.2332581509521286,0.5676734582306011,0.6531493445676853,0,1,1,False,False,False,False,True,False,False,True,False,False,False,True,False,False,False,False,1,5.440164090776273,0.0
D100838,481.97,21,1,1,0.793246268148473,0.9511351636977168,0.5430636748151632,0,1,1,False,True,False,False,False,False,True,False,False,False,False,False,False,False,False,True,0,6.179954539922313,0.045454545454545456
D103018,72.69,21,4,0,0.6104372471221842,0.871586764453885,0.1224158705482429,1,1,0,False,True,False,False,False,False,False,True,False,False,False,False,True,False,False,False,1,4.299867104778908,0.18181818181818182
D103023,508.64,21,1,1,0.9346996143407332,0.7116089769325941,0.9076179594193718,1,1,1,False,False,True,False,False,True,False,False,False,False,False,False,False,False,True,False,0,6.23370459411318,0.045454545454545456
D101134,343.25,21,1,0,0.8422488239195071,0.4040121930034027,0.3461463293509019,1,1,1,False,False,False,False,True,False,False,True,False,True,False,False,False,False,False,False,0,5.8413681376087645,0.045454545454545456
D103691,562.71,21,5,1,0.6036785068128194,0.2566432019572398,0.9426547076927464,1,0,1,False,False,True,False,False,True,False,False,False,False,False,False,False,False,True,False,0,6.334539934862767,0.22727272727272727
D103377,399.25,21,3,0,0.4955688237940968,0.2040847896733285,0.9167041493875316,0,1,1,False,False,False,False,True,True,False,False,False,False,False,False,False,False,False,True,0,5.992089351876824,0.13636363636363635
D101257,130.48,20,3,0,0.5614941108912295,0.2474766277444105,0.3580364586345139,0,1,1,False,False,False,True,False,False,True,False,False,False,False,False,True,False,False,False,1,4.8788547487960185,0.14285714285714285
D103995,153.06,20,1,0,0.2791139992921621,0.4160205069512889,0.0871192493948809,0,0,1,True,False,False,False,False,True,False,False,False,False,False,False,True,False,False,False,1,5.03734213692482,0.047619047619047616
D101983,1136.09,20,3,1,0.4109151491057363,0.8578061862118442,0.4686809747129188,1,1,1,False,True,False,False,False,False,True,False,False,False,False,False,False,True,False,False,0,7.0362276462907145,0.14285714285714285
D100123,161.5,20,3,1,0.908298980417564,0.9350340197302124,0.3437898389049125,1,1,0,False,True,False,False,False,True,False,False,False,False,False,False,False,False,True,False,0,5.090678001769792,0.14285714285714285
D100004,159.47,20,3,0,0.6510586837722566,0.9076892081560692,0.2485531551784897,0,1,1,True,False,False,False,False,False,True,False,False,True,False,False,False,False,False,False,0,5.078107009211268,0.14285714285714285
D100028,720.36,20,0,1,0.6673846836508311,0.8462614418287883,0.7783498370461738,1,1,1,False,True,False,False,False,True,False,False,False,False,False,False,False,False,False,True,0,6.581138319191651,0.0
D101490,50.06,20,1,0,0.514537626845921,0.6634190863171056,0.40785025694832,0,0,0,True,False,False,False,False,False,True,False,False,False,False,False,True,False,False,False,1,3.9330014118133376,0.047619047619047616
D102961,650.91,20,3,0,0.8348752276503374,0.674111137179282,0.4486623216056364,1,1,1,False,False,False,False,True,True,False,False,False,False,False,False,False,False,True,False,0,6.47990651558888,0.14285714285714285
D103459,371.14,20,3,1,0.8234147254766864,0.6245345375265355,0.9507760114576842,1,0,1,False,False,False,True,False,False,True,False,False,True,False,False,False,False,False,False,0,5.919270127559495,0.14285714285714285
D100830,508.74,20,2,1,0.8006639292713268,0.6698735239178477,0.7534945647363335,0,1,0,False,False,True,False,False,False,True,False,False,False,True,False,False,False,False,False,0,6.233900791802601,0.09523809523809523
D103959,120.56,20,2,0,0.9454112056194116,0.8145570800830322,0.2031865761019048,1,0,0,False,True,False,False,False,False,False,True,False,False,False,False,False,False,True,False,0,4.800407968048592,0.09523809523809523
D101367,46.47,20,1,0,0.5271022114475821,0.6440043552065698,0.0310772429656149,0,1,0,True,False,False,False,False,True,False,False,False,False,True,False,False,False,False,False,0,3.8600979325632268,0.047619047619047616
D100104,454.07,20,3,0,0.8550777228344733,0.2807452455656473,0.1744713298337051,0,0,0,False,False,False,True,False,True,False,False,False,False,False,True,False,False,False,False,1,6.120451253271691,0.14285714285714285
D102358,359.93,20,3,0,0.754571118447932,0.4497837003406494,0.4858717474023584,1,0,1,False,False,False,False,True,False,True,False,False,False,True,False,False,False,False,False,0,5.888684033713543,0.14285714285714285
D103565,138.7,20,5,1,0.7889156313268261,0.6795889589700457,0.7092898929845367,1,1,0,False,False,False,True,False,False,False,True,False,False,False,False,False,False,False,True,0,4.939497266262916,0.23809523809523808
D101194,625.23,20,3,0,0.4336742516575221,0.6307100370443732,0.2512499846504586,1,0,0,False,False,False,True,False,False,True,False,False,False,False,False,False,True,False,False,0,6.439717715761361,0.14285714285714285
D100162,200.81,20,4,1,0.722191703430825,0.891882512959895,0.8331584187294527,0,1,1,False,True,False,False,False,False,True,False,False,False,False,False,False,False,False,True,0,5.307326660705624,0.19047619047619047
D103810,222.43,20,1,0,0.6424775494773738,0.7132331711405909,0.3587328592652988,0,1,0,False,False,True,False,False,True,False,False,False,False,False,False,False,False,True,False,0,5.409098165891395,0.047619047619047616
D103138,409.24,20,1,0,0.3129926113927703,0.6570853469388187,0.7738900858832174,1,0,1,False,False,False,True,False,True,False,False,False,False,False,False,False,False,False,True,0,6.0167423542922505,0.047619047619047616
D102296,231.2,20,2,0,0.9757855550493528,0.5121805501135118,0.7245062877116334,1,1,1,False,False,True,False,False,False,True,False,False,False,False,False,False,False,True,False,0,5.4475990692637914,0.09523809523809523
D102958,144.44,20,1,1,0.791719030665668,0.7265301729220986,0.4251901332380322,1,1,0,False,True,False,False,False,False,False,True,False,True,False,False,False,False,False,False,0,4.979763630429169,0.047619047619047616
D102988,265.88,20,2,0,0.7760628043396451,0.2878354159375391,0.4619903662590552,1,1,1,False,True,False,False,False,False,False,True,False,False,False,False,False,True,False,False,0,5.586799119170382,0.09523809523809523
D102081,156.61,20,2,0,0.3094291921751257,0.4402259142171489,0.2225531118770917,0,0,0,False,True,False,False,False,False,False,True,False,False,False,False,True,False,False,False,1,5.0601236271874495,0.09523809523809523
D101985,712.09,20,1,0,0.5970667945880729,0.4949232269595519,0.4036059099603309,0,0,0,False,False,False,False,True,False,True,False,False,False,False,False,False,False,True,False,0,6.5696076396572884,0.047619047619047616
D103597,127.25,20,4,1,0.872408425276345,0.7881858398248532,0.9329712682013496,1,1,0,False,False,False,True,False,False,True,False,False,False,True,False,False,False,False,False,0,4.853981484050879,0.19047619047619047
D102164,500.65,20,0,1,0.8090044242752843,0.651475009337318,0.6043281602865841,1,1,0,False,False,False,True,False,False,True,False,False,False,False,False,False,False,False,True,0,6.217902665371621,0.0
D102113,52.6,20,2,0,0.7773099825214144,0.6398295973386893,0.3398485353251725,1,1,0,False,False,True,False,False,True,False,False,False,False,False,False,False,True,False,False,0,3.9815490680767565,0.09523809523809523
D101009,233.64,20,1,0,0.6754182207540587,0.57129930367903,0.3500377809634917,0,1,0,False,False,True,False,False,True,False,False,False,True,False,False,False,False,False,False,0,5.458052424669195,0.047619047619047616
D103000,256.61,20,1,1,0.7280796197036148,0.5796786225753365,0.909617517023194,0,1,1,False,False,False,True,False,False,False,False,True,False,False,False,False,False,False,True,0,5.551446813352503,0.047619047619047616
D100636,406.77,20,2,0,0.8710179275186227,0.1130515459095586,0.900845370353048,1,0,1,False,False,True,False,False,False,True,False,False,False,False,False,True,False,False,False,1,6.010703289961011,0.09523809523809523
D102735,95.63,20,2,0,0.8664211257908222,0.056927019376496,0.5523370507559503,1,0,1,False,False,True,False,False,False,True,False,False,False,False,True,False,False,False,False,1,4.570889252011217,0.09523809523809523
D102956,188.62,20,1,0,0.8483334065052787,0.4089900161023228,0.0875308109092815,1,0,0,False,True,False,False,False,False,False,True,False,True,False,False,False,False,False,False,0,5.2450220694898135,0.047619047619047616
D103622,183.95,20,3,0,0.8503553220917001,0.5448896677354214,0.5577490139198256,1,0,1,False,False,True,False,False,True,False,False,False,True,False,False,False,False,False,False,0,5.220085518278463,0.14285714285714285
D100724,109.2,20,2,0,0.2490258053121122,0.6887466523832816,0.5922797802735851,0,0,0,True,False,False,False,False,True,False,False,False,True,False,False,False,False,False,False,0,4.702296896718814,0.09523809523809523
D103679,101.97,20,0,0,0.8158730494952507,0.8916911453198713,0.0584415726691781,0,1,0,True,False,False,False,False,False,True,False,False,False,False,True,False,False,False,False,1,4.63443768366866,0.0
D100121,292.0,20,3,0,0.5729829135962212,0.688187037850848,0.7391806919624625,0,1,0,False,False,True,False,False,True,False,False,False,False,False,False,False,False,False,True,0,5.680172609017068,0.14285714285714285
D100224,335.22,20,3,1,0.7999517854686222,0.8910810650788553,0.6547640560908419,1,1,0,False,True,False,False,False,True,False,False,False,True,False,False,False,False,False,False,0,5.817765707604913,0.14285714285714285
D103061,650.93,20,3,0,0.1144505156410462,0.4210811599199238,0.4011892326350046,0,1,0,False,True,False,False,False,False,False,True,False,False,False,True,False,False,False,False,1,6.479937194199755,0.14285714285714285
D101198,545.13,20,2,1,0.2185847493389203,0.8350679129280465,0.4584351406111862,0,1,0,False,True,False,False,False,False,False,False,True,False,False,False,False,False,False,True,0,6.302857042642827,0.09523809523809523
D101696,226.07,20,2,0,0.518256866130709,0.8960538975951235,0.3544761148933127,1,1,0,False,True,False,False,False,True,False,False,False,True,False,False,False,False,False,False,0,5.425258339989186,0.09523809523809523
D103049,428.0,20,1,1,0.3429923913995522,0.888431200879798,0.6144156493171071,1,1,1,False,True,False,False,False,True,False,False,False,False,True,False,False,False,False,False,0,6.061456918928017,0.047619047619047616
D103405,286.89,20,6,0,0.4550018860918625,0.0476800176625654,0.5471258289446246,0,0,1,False,False,False,True,False,True,False,False,False,False,True,False,False,False,False,False,0,5.662578462732144,0.2857142857142857
D103363,448.07,20,6,1,0.8385692298269308,0.4493982326117196,0.5291176539935032,0,0,1,False,False,True,False,False,False,True,False,False,False,False,False,False,True,False,False,0,6.107178777595254,0.2857142857142857
D101150,261.28,20,4,1,0.1591885258726996,0.5749570590956001,0.164543225670037,1,1,0,True,False,False,False,False,False,False,True,False,False,False,False,True,False,False,False,1,5.569412635395419,0.19047619047619047
D102417,2460.36,20,3,1,0.9250294530985652,0.4533824393598432,0.420881508537597,0,1,1,False,False,True,False,False,False,True,False,False,False,False,False,False,False,True,False,0,7.808469321692075,0.14285714285714285
D100867,465.68,20,1,1,0.6815818800859316,0.2768314851219534,0.5451017662804445,0,0,1,False,False,False,True,False,False,True,False,False,False,False,True,False,False,False,False,1,6.145643797955656,0.047619047619047616
D100747,226.91,20,2,1,0.2321576038734185,0.8375255873191507,0.2833873553023259,0,1,0,False,True,False,False,False,True,False,False,False,False,False,False,True,False,False,False,1,5.42895081418324,0.09523809523809523
D100738,232.08,20,3,0,0.4090429241420379,0.1087119639452495,0.15749762426263,1,0,0,False,True,False,False,False,False,True,False,False,False,False,False,False,False,False,True,0,5.451381742274873,0.14285714285714285
D100257,321.74,20,4,1,0.8694075274821509,0.8184887464815583,0.4420817649492292,0,0,0,True,False,False,False,False,True,False,False,False,False,False,False,True,False,False,False,1,5.776847045513207,0.19047619047619047
D103933,28.58,19,0,0,0.6348124006187866,0.6086403784210455,0.137742571283104,1,1,0,True,False,False,False,False,False,False,False,True,False,False,False,True,False,False,False,1,3.3870984572826535,0.0
D102094,532.53,19,1,1,0.8711809303993042,0.6632395768120339,0.1921667005573404,1,1,0,False,False,False,True,False,False,True,False,False,False,False,True,False,False,False,False,1,6.279515301588191,0.05
D100904,240.88,19,5,0,0.8477400432336494,0.5228108841293979,0.8373359656198608,1,0,1,False,False,False,False,True,True,False,False,False,False,False,False,False,False,False,True,0,5.488441735405012,0.25
D103798,1188.64,19,3,0,0.2613473814019906,0.449815690029858,0.5454727407756352,0,0,0,False,True,False,False,False,False,True,False,False,True,False,False,False,False,False,False,0,7.081406019328461,0.15
D100401,28.78,19,1,0,0.9372698615386168,0.5394051392427258,0.2410024773131078,1,0,1,False,False,False,False,True,True,False,False,False,False,False,False,False,False,False,True,0,3.393837027255863,0.05
D101937,473.16,19,2,0,0.633295531710143,0.6697638898174025,0.521693195329759,1,1,1,False,False,True,False,False,False,True,False,False,False,False,False,False,False,False,True,0,6.161544817479583,0.1
D102802,714.42,19,5,0,0.2276844970126501,0.9039946248243754,0.434221715674368,0,1,0,True,False,False,False,False,False,True,False,False,False,True,False,False,False,False,False,0,6.572869782822179,0.25
D100447,124.51,19,4,0,0.6860873128996362,0.2309999957137419,0.230468583839926,0,0,0,False,False,True,False,False,False,False,True,False,False,False,False,False,True,False,False,0,4.832385436672355,0.2
D103195,619.16,19,5,0,0.0837888783825185,0.4796394116494534,0.7419040960448069,0,0,1,False,True,False,False,False,True,False,False,False,False,False,False,True,False,False,False,1,6.429977509262347,0.25
D103200,413.28,19,4,0,0.2494070270317705,0.4616163398155502,0.2538145532632785,0,0,0,False,False,False,True,False,False,True,False,False,False,False,False,False,False,True,False,0,6.026542073720678,0.2
D100984,90.75,19,2,1,0.7138112393433661,0.4725331985037989,0.9567223252676408,1,1,1,False,True,False,False,False,True,False,False,False,False,True,False,False,False,False,False,0,4.51906748693468,0.1
D102270,23.41,19,1,1,0.7334893304214948,0.9246712330269594,0.2409716648733197,1,1,0,False,False,True,False,False,False,False,False,True,False,False,False,False,False,False,True,0,3.1949928844048685,0.05
D102126,186.51,19,1,1,0.7048093148232485,0.7484631302565385,0.6899048388121249,1,0,1,False,True,False,False,False,True,False,False,False,True,False,False,False,False,False,False,0,5.233832177321627,0.05
D101708,222.18,19,1,1,0.697487235839777,0.7169173490553837,0.610024282265425,1,0,1,False,False,False,True,False,False,True,False,False,False,False,True,False,False,False,False,1,5.4079786207575555,0.05
D103845,241.8,19,2,0,0.5289587934576483,0.7727013172550533,0.4692460285035348,0,1,0,False,False,True,False,False,True,False,False,False,False,False,False,False,False,False,True,0,5.492238059185343,0.1
D101188,644.28,19,2,0,0.4192251609642832,0.9038339978430624,0.1917233761728212,0,0,0,True,False,False,False,False,True,False,False,False,False,False,True,False,False,False,False,1,6.469684331125058,0.1
D103386,113.11,19,1,0,0.7481833656646075,0.1544034973197101,0.445650373218921,1,0,0,False,False,True,False,False,False,True,False,False,False,True,False,False,False,False,False,0,4.7371628954465885,0.05
D103373,163.58,19,2,1,0.700830687002691,0.9222906241904912,0.5796424509286832,0,1,1,False,True,False,False,False,False,True,False,False,False,False,False,False,True,False,False,0,5.1033967741775665,0.1
D103369,194.82,19,4,0,0.2994658320247234,0.7156761725810755,0.8489137867698163,0,1,0,False,True,False,False,False,False,True,False,False,False,False,False,True,False,False,False,1,5.277195869925925,0.2
D100098,183.79,19,1,1,0.7286386720389344,0.8604217639899584,0.2094147562906722,0,1,0,True,False,False,False,False,False,False,True,False,True,False,False,False,False,False,False,0,5.219220045189334,0.05
D102322,246.97,19,1,1,0.9179893918074516,0.6209268060734691,0.5880518549168756,1,1,1,False,True,False,False,False,True,False,False,False,True,False,False,False,False,False,False,0,5.513307771105859,0.05
D102384,268.57,19,4,1,0.7914170872855414,0.5436934157356981,0.8154089255464262,0,0,1,True,False,False,False,False,True,False,False,False,False,False,False,False,True,False,False,0,5.596828096882131,0.2
D103710,194.51,19,1,1,0.8161839810331001,0.1554076678102775,0.7057856576644191,1,0,0,False,False,False,True,False,False,False,True,False,False,False,False,False,True,False,False,0,5.275611529012399,0.05
D100465,1205.15,19,1,0,0.2666123323074281,0.1905765328431151,0.3233500708223205,0,1,1,False,False,True,False,False,False,False,False,True,False,False,False,False,False,True,False,0,7.0951887476622675,0.05
D102328,209.78,19,2,0,0.6872128877799658,0.2452477187308249,0.2131132884329316,1,0,1,False,False,True,False,False,False,True,False,False,False,False,False,False,False,True,False,0,5.350814935505791,0.1
D102426,56.95,19,3,1,0.251820066446489,0.919730623287577,0.2441934498265486,0,1,1,True,False,False,False,False,True,False,False,False,False,False,False,False,True,False,False,0,4.059580569785761,0.15
D101631,82.19,19,1,1,0.5525833604451829,0.7229166021794805,0.5741016620278939,1,1,0,False,False,False,True,False,False,True,False,False,True,False,False,False,False,False,False,0,4.421127148295796,0.05
D102547,134.57,19,3,1,0.2514870816247737,0.808024481103865,0.3827186976477242,1,1,0,False,True,False,False,False,False,False,True,False,False,False,False,False,False,True,False,0,4.909488112091298,0.15
D101669,159.65,19,1,1,0.8779592201700336,0.8598202752279467,0.4951591093376973,1,1,0,False,False,False,True,False,True,False,False,False,False,False,False,False,True,False,False,0,5.0792280855618674,0.05
D102583,167.7,19,2,0,0.8406045429529158,0.6402271801307925,0.4079476798679909,1,1,0,False,True,False,False,False,True,False,False,False,False,False,False,False,False,True,False,0,5.128121989551922,0.1
D100111,245.84,19,3,1,0.3643580239258108,0.9629788197572824,0.3636937821406459,0,1,0,False,True,False,False,False,True,False,False,False,False,False,False,False,True,False,False,0,5.5087403534528665,0.15
D103652,355.14,19,1,1,0.5079657885607207,0.931559095518692,0.5253789214465332,0,1,0,False,True,False,False,False,True,False,False,False,False,False,False,True,False,False,False,1,5.875323911973168,0.05
D101080,156.79,19,3,1,0.6945117781363099,0.9231198585477942,0.2151511710826281,1,1,0,False,True,False,False,False,False,True,False,False,True,False,False,False,False,False,False,0,5.061265035047578,0.15
D101878,396.39,19,4,0,0.767929600331711,0.7693259799780106,0.4686408809475482,0,0,0,False,False,True,False,False,False,False,True,False,False,True,False,False,False,False,False,0,5.984918166237948,0.2
D101824,840.23,19,3,1,0.6430001672648691,0.6226494576364874,0.607330340682704,1,1,0,False,False,False,True,False,False,True,False,False,False,False,False,False,True,False,False,0,6.7348651065307115,0.15
D101848,114.09,19,1,0,0.7678153882991419,0.854190011390941,0.535188784012731,1,1,0,False,True,False,False,False,False,True,False,False,True,False,False,False,False,False,False,0,4.745714430980399,0.05
D102795,1047.21,19,1,0,0.429920502975,0.5805347401584119,0.5615086123283068,0,1,1,False,False,True,False,False,False,True,False,False,False,False,False,True,False,False,False,1,6.95483922648665,0.05
D101104,68.69,19,3,1,0.4082237123519263,0.8250305765328378,0.8628832361028554,0,1,1,True,False,False,False,False,True,False,False,False,True,False,False,False,False,False,False,0,4.244056835450428,0.15
D100191,200.8,19,3,0,0.94752130672143,0.6210959407224516,0.6829238779364968,1,1,0,False,True,False,False,False,False,False,True,False,True,False,False,False,False,False,False,0,5.307277107919509,0.15
D101828,367.61,19,2,0,0.1660831632263456,0.4959772615642462,0.6959219058427031,0,1,0,False,False,False,False,True,False,False,True,False,False,False,False,False,True,False,False,0,5.90973917454759,0.1
D102918,41.21,19,1,0,0.2971097437016324,0.9420526981054634,0.1669032124404776,0,1,0,True,False,False,False,False,False,True,False,False,False,False,False,False,False,False,True,0,3.7426571597944074,0.05
D101314,827.54,19,1,0,0.5780183205415776,0.7562432571252454,0.0931714734597899,0,0,0,True,False,False,False,False,False,True,False,False,False,False,False,False,False,True,False,0,6.719665115725315,0.05
D103479,293.8,19,1,0,0.1622660755916188,0.5931630661096995,0.7227088842048164,0,0,1,False,False,True,False,False,False,False,False,True,False,True,False,False,False,False,False,0,5.686297160315181,0.05
D102186,371.67,19,2,0,0.1633805955850157,0.391193227939894,0.4099549047998622,0,0,1,False,False,False,True,False,False,False,False,True,False,False,False,False,True,False,False,0,5.920693309550761,0.1
D100478,189.61,19,3,0,0.8131456546134853,0.3211280096805046,0.7740338029990128,1,1,1,False,False,True,False,False,False,False,True,False,False,False,False,True,False,False,False,1,5.250229455740982,0.15
D101432,289.82,19,3,1,0.286203172126985,0.9416821164719328,0.2606376208548106,0,1,0,True,False,False,False,False,False,True,False,False,False,False,False,False,False,True,False,0,5.67270451908534,0.15
D100548,139.82,19,3,0,0.8727976998358151,0.7393820318710684,0.2848232120036645,1,1,0,False,False,False,True,False,False,True,False,False,False,False,False,False,False,True,False,0,4.947482479090987,0.15
D101403,96.52,19,3,0,0.4165944211789493,0.8560800124515824,0.6301032457600152,1,1,0,False,True,False,False,False,False,False,True,False,False,False,False,False,False,False,True,0,4.5800574851730165,0.15
D101517,139.22,19,1,0,0.5446134012594839,0.1664930510155425,0.7806925705880731,0,0,1,False,False,False,False,True,False,False,True,False,False,True,False,False,False,False,False,0,4.943212617778822,0.05
D101582,194.6,19,2,0,0.8706996279763751,0.7692813059275205,0.6374166991164857,1,1,0,False,True,False,False,False,True,False,False,False,False,True,False,False,False,False,False,0,5.276071757600717,0.1
D100052,795.18,19,1,0,0.4633483428665975,0.8023146841138079,0.7810230323249645,0,1,1,False,False,False,True,False,True,False,False,False,False,False,False,False,False,False,True,0,6.679825290933967,0.05
D101406,238.94,18,5,1,0.3625795320652489,0.6059908110869431,0.8019845446647983,1,0,1,False,False,False,False,True,True,False,False,False,True,False,False,False,False,False,False,0,5.480388892086782,0.2631578947368421
D103637,1025.82,18,2,0,0.8016727723383417,0.8196674700974071,0.348554167804286,0,0,0,False,True,False,False,False,False,False,True,False,False,False,False,False,False,False,True,0,6.934221926797163,0.10526315789473684
D103545,60.63,18,4,0,0.414778558897604,0.6651386101953162,0.583791038128383,1,1,0,False,False,True,False,False,False,False,True,False,False,True,False,False,False,False,False,0,4.121148764974151,0.21052631578947367
D101515,236.01,18,6,1,0.2215554181503821,0.4900471797037845,0.736016224994386,0,1,1,False,True,False,False,False,False,False,False,True,False,False,True,False,False,False,False,1,5.468102334337813,0.3157894736842105
D101308,120.97,18,3,1,0.5984867559804891,0.2472512277690166,0.5744915501783008,1,1,1,True,False,False,False,False,False,True,False,False,False,False,False,True,False,False,False,1,4.8037751128551465,0.15789473684210525
D101302,344.39,18,4,0,0.6472750626834554,0.2901307033544322,0.4670460112641661,0,0,0,False,False,False,True,False,False,False,True,False,False,False,True,False,False,False,False,1,5.844674213353683,0.21052631578947367
D103485,345.08,18,1,0,0.4675567407702437,0.8432326027812255,0.5889607521932546,0,1,1,False,False,False,True,False,False,False,True,False,False,False,False,False,False,True,False,0,5.846669962204748,0.05263157894736842
D102643,92.11,18,0,0,0.1909674142788094,0.7959509904078702,0.2694596118700727,0,1,1,False,False,False,True,False,False,True,False,False,False,False,False,False,False,False,True,0,4.533781589900438,0.0
D102986,225.17,18,3,0,0.4305047287302992,0.8063857547980222,0.2808605187559703,1,1,0,True,False,False,False,False,False,True,False,False,False,False,False,True,False,False,False,1,5.42128692889172,0.15789473684210525
D100195,1293.84,18,5,0,0.6613879109445835,0.1997560277615619,0.3194353557357001,1,0,0,False,True,False,False,False,False,True,False,False,False,True,False,False,False,False,False,0,7.1661424143768935,0.2631578947368421
D102709,237.66,18,4,1,0.8565997103172371,0.6489492799725621,0.4372424070135399,1,1,1,False,False,True,False,False,False,False,True,False,False,False,False,False,True,False,False,0,5.47503994494151,0.21052631578947367
D102726,262.4,18,6,1,0.5113166084070212,0.3030806350475586,0.3851092338135234,0,0,1,False,False,False,True,False,True,False,False,False,False,False,True,False,False,False,False,1,5.573673789309181,0.3157894736842105
D102054,1028.07,18,9,1,0.9008802607187512,0.8828747660202424,0.4292185753045705,1,1,1,False,True,False,False,False,False,False,True,False,False,False,False,False,True,False,False,0,6.936410760731188,0.47368421052631576
D100244,343.25,18,1,1,0.5980487720033201,0.7587008056619307,0.7295007423853025,1,1,0,False,False,True,False,False,False,True,False,False,False,False,False,False,False,True,False,0,5.8413681376087645,0.05263157894736842
D102874,86.6,18,0,1,0.8853705625422735,0.4744347893319296,0.1198776134060171,0,0,0,True,False,False,False,False,False,True,False,False,False,False,False,True,False,False,False,1,4.472780997942346,0.0
D100777,129.27,18,3,1,0.554168103929694,0.9615895836499974,0.2836455326794321,1,1,0,False,True,False,False,False,False,True,False,False,False,False,False,False,False,True,False,0,4.8696092197094725,0.15789473684210525
D100259,97.34,18,1,1,0.9383303354116512,0.571077217278623,0.4771612605083469,1,0,0,False,False,True,False,False,True,False,False,False,True,False,False,False,False,False,False,0,4.5884308619837935,0.05263157894736842
D101107,167.79,18,1,1,0.7878852102509505,0.9318529951842578,0.6117189624268577,1,1,0,False,True,False,False,False,True,False,False,False,False,False,False,False,False,True,False,0,5.1286553387008365,0.05263157894736842
D101846,111.59,18,2,0,0.7889056871138171,0.8471064728085816,0.0445030994791177,1,1,0,False,True,False,False,False,False,False,True,False,False,False,False,True,False,False,False,1,4.723752901815039,0.10526315789473684
D102483,69.44,18,0,1,0.9395472314273822,0.9069067237601642,0.2247506852160388,1,1,0,False,True,False,False,False,True,False,False,False,False,False,False,False,True,False,False,0,4.254761283628006,0.0
D102310,552.06,18,1,0,0.7822147132960973,0.377848169362861,0.5622931712494553,1,0,1,False,False,False,False,True,False,True,False,False,False,False,False,False,True,False,False,0,6.315466494732575,0.05263157894736842
D103663,435.8,18,1,0,0.2859431136825843,0.6388291753293992,0.5134733131611909,0,1,0,False,False,True,False,False,False,True,False,False,False,False,True,False,False,False,False,1,6.079475424430695,0.05263157894736842
D101910,363.08,18,3,0,0.3477729773386981,0.5345178740051618,0.2392850533147202,0,1,0,True,False,False,False,False,False,False,True,False,False,False,True,False,False,False,False,1,5.897373623708386,0.15789473684210525
D100133,213.57,18,5,0,0.8208648651577766,0.7714807540503882,0.3911821113522217,1,1,1,False,True,False,False,False,False,True,False,False,False,False,False,False,True,False,False,0,5.36863602545699,0.2631578947368421
D101201,423.23,18,4,0,0.414766912035382,0.782417461928079,0.351458225583343,1,0,1,False,False,True,False,False,False,True,False,False,False,False,False,True,False,False,False,1,6.050275760987795,0.21052631578947367
D102307,188.73,18,2,1,0.6507189783918198,0.234325413179382,0.6830380507498561,1,1,1,False,True,False,False,False,False,False,True,False,True,False,False,False,False,False,False,0,5.245602008876042,0.10526315789473684
D102009,276.99,18,2,1,0.9775202152724026,0.5252314621081385,0.4125310081944043,1,1,0,False,False,True,False,False,False,True,False,False,False,False,False,False,True,False,False,0,5.627585141820636,0.10526315789473684
D100658,20.0,18,3,1,0.805015527477432,0.8081143523882633,0.8287343383197693,1,1,1,False,False,True,False,False,False,True,False,False,False,False,False,False,True,False,False,0,3.044522437723423,0.15789473684210525
D102803,169.97,18,2,1,0.6952681194225251,0.4303456017442149,0.3011553421778697,1,1,0,False,False,True,False,False,False,True,False,False,False,False,True,False,False,False,False,1,5.141488102515018,0.10526315789473684
D103878,200.74,18,3,0,0.3025764741600987,0.8964726625342998,0.3168661036986663,0,1,0,True,False,False,False,False,False,False,True,False,False,False,False,False,False,False,True,0,5.30697973962669,0.15789473684210525
D102586,272.11,18,6,1,0.5059298309210014,0.6470420572613683,0.7132835497587964,1,1,1,False,True,False,False,False,False,False,True,False,False,False,True,False,False,False,False,1,5.609874644433234,0.3157894736842105
D103854,145.4,18,4,1,0.8170638086729336,0.7246520323365339,0.2928470478894713,1,0,0,False,False,True,False,False,False,True,False,False,False,False,False,False,False,False,True,0,4.986342601527212,0.21052631578947367
D100307,847.13,18,1,0,0.8309044948503745,0.4874736907305329,0.8668198609754761,1,1,1,False,False,True,False,False,False,False,True,False,True,False,False,False,False,False,False,0,6.743033925929162,0.05263157894736842
D103410,105.29,18,3,0,0.8935457125706056,0.2289921473726538,0.8017415080258707,1,0,1,False,False,True,False,False,False,True,False,False,False,False,False,False,False,False,True,0,4.66617120754549,0.15789473684210525
D103014,204.34,18,5,1,0.9049341990974422,0.4548173502417352,0.7369745825386617,1,1,1,False,True,False,False,False,False,False,True,False,False,False,False,False,True,False,False,0,5.324667141870819,0.2631578947368421
D102536,252.12,18,3,1,0.3997349146901877,0.5374195102129374,0.8001378118476616,0,1,1,False,False,False,True,False,False,False,True,False,True,False,False,False,False,False,False,0,5.5338636845792895,0.15789473684210525
D100486,86.0,18,2,1,0.7493808005250362,0.7012463404605955,0.5714453597756171,1,0,0,False,False,True,False,False,True,False,False,False,False,False,False,False,False,True,False,0,4.465908118654584,0.10526315789473684
D103093,109.78,18,2,0,0.9178363907739088,0.8637607440038471,0.4165469118440764,1,1,0,False,False,False,False,True,False,True,False,False,False,False,False,False,True,False,False,0,4.707546252604958,0.10526315789473684
D100541,246.18,18,5,0,0.4793522965805781,0.5184107912322226,0.3407826681926518,1,0,0,False,False,True,False,False,False,False,True,False,False,True,False,False,False,False,False,0,5.510116816161589,0.2631578947368421
D103801,108.38,18,3,1,0.6599911181615756,0.2555369874617325,0.5675478459758633,1,0,1,False,True,False,False,False,True,False,False,False,True,False,False,False,False,False,False,0,4.694828057918627,0.15789473684210525
D101963,2215.03,18,1,1,0.2430989757720407,0.368197046847527,0.4858362312658455,0,0,1,False,True,False,False,False,False,True,False,False,False,False,True,False,False,False,False,1,7.703472585681675,0.05263157894736842
D100091,79.2,18,5,0,0.695111793875834,0.7983234617309846,0.8058382330278053,1,0,0,False,False,True,False,False,False,True,False,False,False,False,False,False,False,False,True,0,4.384523514872469,0.2631578947368421
D103599,118.99,18,0,0,0.7171160056673291,0.590796340740625,0.1711941274649335,1,0,0,False,True,False,False,False,False,True,False,False,False,False,False,False,False,True,False,0,4.787408405976297,0.0
D101000,154.21,18,6,1,0.4053640911599484,0.5894971849482225,0.2885891261319068,0,0,0,True,False,False,False,False,True,False,False,False,False,False,False,False,True,False,False,0,5.044779038663093,0.3157894736842105
D101084,147.31,18,2,1,0.8146609922781953,0.3513747886477644,0.5775140974109841,1,0,1,False,False,False,False,True,False,False,False,True,True,False,False,False,False,False,False,0,4.999304677753871,0.10526315789473684
D102696,467.71,18,0,1,0.7508199775023736,0.5153387146835016,0.7718370646514142,1,1,1,False,False,False,True,False,False,False,False,True,False,False,False,False,True,False,False,0,6.149984240310191,0.0
D102729,292.63,18,1,0,0.38957165207864,0.3117745863942998,0.599420056463921,0,1,0,False,False,False,True,False,False,False,False,True,False,False,False,False,False,False,True,0,5.682320471356869,0.05263157894736842
D102114,214.42,18,4,0,0.7252014920609017,0.5505789814577885,0.4691699450345211,1,0,0,True,False,False,False,False,True,False,False,False,False,False,False,False,False,False,True,0,5.372589610922624,0.21052631578947367
D100425,613.63,18,0,0,0.437278355314209,0.5412427957735982,0.3700413280329904,0,0,0,False,False,False,True,False,True,False,False,False,False,False,True,False,False,False,False,1,6.421020460740706,0.0
D102659,98.5,18,2,0,0.4392695201202959,0.7320316600842665,0.3305794278453268,1,1,0,False,True,False,False,False,False,True,False,False,True,False,False,False,False,False,False,0,4.600157644164547,0.10526315789473684
D100946,198.1,18,5,0,0.8780915028663872,0.369280496658083,0.4276281122883265,1,1,0,False,False,True,False,False,True,False,False,False,False,False,False,False,False,True,False,0,5.293807211070151,0.2631578947368421
D100012,327.27,17,3,0,0.2866663411237762,0.3824220782995462,0.2852412658016047,0,0,0,False,False,True,False,False,False,False,False,True,False,False,True,False,False,False,False,1,5.793836440496639,0.16666666666666666
D100043,2091.16,17,3,0,0.3303683838455402,0.6843076523835719,0.248871104142615,0,1,0,False,True,False,False,False,True,False,False,False,False,False,True,False,False,False,False,1,7.645952304095791,0.16666666666666666
D101041,523.1,17,2,0,0.4565491433402169,0.7233513682632224,0.6167216866578594,0,1,1,False,False,True,False,False,False,True,False,False,False,False,False,False,False,False,True,0,6.26168250580812,0.1111111111111111
D103428,1126.67,17,2,0,0.6859028236263368,0.2156381159246652,0.6561853123686296,1,0,1,False,False,False,False,True,True,False,False,False,False,False,True,False,False,False,False,1,7.027908836064482,0.1111111111111111
D100062,59.9,17,3,0,0.5819148886726876,0.3461084309360463,0.5108814986585509,0,0,1,False,False,True,False,False,False,True,False,False,False,True,False,False,False,False,False,0,4.109233174715851,0.16666666666666666
D102102,55.89,17,5,0,0.6309274361145588,0.4648028037339962,0.7732205291654215,1,1,1,False,False,False,True,False,True,False,False,False,False,True,False,False,False,False,False,0,4.041119578762556,0.2777777777777778
D101750,246.32,17,3,1,0.4634360812090603,0.4303183751676421,0.3241481711695091,0,1,1,False,False,True,False,False,False,True,False,False,False,False,False,True,False,False,False,1,5.510683044690368,0.16666666666666666
D101925,117.9,17,2,1,0.7934384704548293,0.3942659070776566,0.7824644038358941,1,1,1,True,False,False,False,False,False,True,False,False,False,False,False,True,False,False,False,1,4.778282803696737,0.1111111111111111
D100144,350.44,17,2,0,0.8937515601869546,0.9665680116962406,0.2881902840804998,1,1,0,False,False,True,False,False,False,True,False,False,False,False,False,False,True,False,False,0,5.862038999667524,0.1111111111111111
D102970,244.92,17,2,1,0.962277002977892,0.5566284399013475,0.8212792382036842,1,0,1,False,False,True,False,False,False,True,False,False,False,False,False,False,False,False,True,0,5.505006279790286,0.1111111111111111
D103694,526.55,17,1,0,0.5748933931686542,0.4060495206322654,0.6138537115988302,1,0,1,False,False,False,True,False,False,True,False,False,False,False,False,False,False,True,False,0,6.268243647588101,0.05555555555555555
D101498,58.75,17,1,0,0.8541482497180218,0.5767109392305516,0.1279832583814414,1,1,0,False,True,False,False,False,True,False,False,False,False,True,False,False,False,False,False,0,4.09016919081162,0.05555555555555555
D100503,216.67,17,0,1,0.9453179543999068,0.4447055543811726,0.7016529902054982,1,1,0,False,False,True,False,False,False,True,False,False,False,False,False,False,False,False,True,0,5.382980154426746,0.0
D100176,616.2,17,0,1,0.8870575022619469,0.7473413346129057,0.3094599840104112,1,1,0,False,True,False,False,False,False,True,False,False,False,False,False,True,False,False,False,1,6.425193120489006,0.0
D101944,438.65,17,3,0,0.6317035393015369,0.3824909450318383,0.3983678600805213,1,1,0,False,False,False,True,False,True,False,False,False,False,False,True,False,False,False,False,1,6.085978955825011,0.16666666666666666
D101912,173.4,17,2,1,0.9367521214605004,0.6933346391310239,0.2311876543050064,1,1,0,False,False,False,True,False,False,True,False,False,False,False,False,False,False,True,False,0,5.161351511474879,0.1111111111111111
D103458,164.59,17,0,0,0.3598854688462705,0.7309505989622269,0.5014778355623908,0,0,1,True,False,False,False,False,False,False,False,True,False,False,False,False,False,True,False,0,5.109514853654393,0.0
D101315,348.23,17,3,0,0.5674481575406266,0.6158880707192084,0.9222420656807216,1,1,1,False,False,True,False,False,False,False,False,True,False,False,False,False,False,True,False,0,5.85573073092826,0.16666666666666666
D100550,145.74,17,2,0,0.6042793583761608,0.8253254884676677,0.3614782836114893,0,0,0,False,False,True,False,False,True,False,False,False,True,False,False,False,False,False,False,0,4.9886623132858485,0.1111111111111111
D101584,203.02,17,1,0,0.2555986016471294,0.6059818631621379,0.6167017992773475,0,0,1,False,False,True,False,False,False,True,False,False,False,False,False,False,False,True,False,0,5.318218028254373,0.05555555555555555
D101180,67.18,17,1,0,0.8688542562491307,0.2164419447566611,0.7284396068358361,1,0,0,False,False,False,True,False,False,True,False,False,True,False,False,False,False,False,False,0,4.222151266709757,0.05555555555555555
D102366,219.11,17,3,0,0.4102561496292009,0.6908974939059569,0.3987522899773863,0,1,0,False,True,False,False,False,True,False,False,False,False,True,False,False,False,False,False,0,5.394127421394012,0.16666666666666666
D100861,1033.58,17,1,1,0.920633230039772,0.8508853181997498,0.3967391195216554,1,1,1,False,False,False,True,False,False,False,True,False,True,False,False,False,False,False,False,0,6.941750826240095,0.05555555555555555
D101992,256.28,17,3,1,0.9359106720469764,0.5419377003477968,0.3112018527583778,1,0,0,False,True,False,False,False,False,False,True,False,False,False,False,False,False,False,True,0,5.550164985990602,0.16666666666666666
